roi,gmv,gross_margin,cost
5.7323426819978955,151234.95701159604,22685.243551739404,3957.412319919595
3.6483770162685305,200736.41059019472,30110.461588529208,8253.111302440295
5.191735560439255,133409.2193006103,20011.382895091545,3854.4688307272813
2.003892514356974,102123.73050477337,15318.559575716004,7644.401815948474
4.3670363638880945,160454.64879603637,24068.197319405455,5511.334304067224
2.377016594826583,83133.3731874934,12470.00597812401,5246.0744301340355
3.5651640129005586,74389.3341223513,11158.400118352694,3129.8420151151486
1.6032491572665317,46549.00045700431,6982.350068550646,4355.124739597706
2.611348572005905,88390.9779678266,13258.646695173991,5077.317841558538
3.84054789463414,131893.90187135292,19784.085280702937,5151.370539694211
1.3402833993018262,46277.869593966265,6941.680439094939,5179.263163828609
5.046860903029946,226061.63053125772,33909.24457968865,6718.878374343707
2.3336173180926867,66931.25197173332,10039.687795759997,4302.199729973568
3.60903674831546,139802.27023217498,20970.340534826246,5810.509007594417
5.183012194088889,108813.09113547679,16321.963670321518,3149.1270055155105
3.7870643811249987,120918.67083582417,18137.800625373624,4789.409104258625
3.331089141258632,128143.09490337252,19221.46423550588,5770.324185393359
1.2327679221432506,39777.20142585268,5966.580213877903,4839.986591721658
1.8363226124676513,43524.0935914651,6528.614038719765,3555.265286390287
4.695478635389838,124324.01180037024,18648.601770055535,3971.6082678986036
2.06339804004446,79996.33111073196,11999.449666609793,5815.382894495355
2.523982997536472,73085.58165733352,10962.837248600028,4343.467154612485
5.474133562951044,159140.45059145056,23871.067588717582,4360.702440707157
2.7950849101622115,103282.842414211,15492.42636213165,5542.739079519611
3.7215092390931934,99838.87454162475,14975.831181243713,4024.1284433550995
1.5841370241160977,44713.853243437836,6707.077986515676,4233.900151571818
3.1490759766838,130440.92660152071,19566.138990228104,6213.295307924782
3.1613989564092684,103182.46544853493,15477.36981728024,4895.734461448519
3.355084576142848,118566.57668225512,17784.986502338266,5300.9055654819485
3.089592127754123,90992.48879137152,13648.873318705728,4417.694230929869
4.9472083809292915,157093.6508905552,23564.04763358328,4763.099877583279
3.3592052886168053,140020.98690969628,21003.14803645444,6252.415744767641
2.963837993497665,93598.64284988675,14039.796427483012,4737.0323405951285
2.30997596689273,75233.35014436512,11285.002521654767,4885.333303633811
1.7745867161498905,53310.61815750118,7996.592723625176,4506.171860101845
4.55666638515596,154467.83860882497,23170.175791323745,5084.896244939973
4.07903538802037,158372.43107720435,23755.864661580654,5823.892759388344
2.7262861732073587,77656.78094897378,11648.517142346067,4272.668532314085
4.886900338316175,140434.0514856355,21065.10772284532,4310.5253360054185
2.5349188368081874,93495.49672778341,14024.32450916751,5532.455045711077
3.214938530150352,65805.1117807596,9870.76676711394,3070.281647547494
2.044613782202599,88864.73631936792,13329.710447905187,6519.427074166302
2.755451843109995,63583.486674495914,9537.523001174386,3461.3281393478005
1.6362390603728936,44947.44666596759,6742.116999895138,4120.496303491637
3.7734660467528314,143446.89513366146,21517.03427004922,5702.193687038791
0.8214539973864184,21806.685031771336,3271.0027547657005,3981.9670549694765
2.3945135315606465,77811.64249226957,11671.746373840435,4874.370605971588
2.7397502461181493,69983.51676514375,10497.527514771562,3831.5636725081495
5.032425661287312,56799.91805813363,8519.987708720044,1693.0180954805405
2.1151678658183233,69307.30597701666,10396.095896552499,4915.021670173881
2.391224073339714,77096.02131421184,11564.403197131776,4836.185502674494
3.4956788537867554,84467.1611647672,12670.074174715079,3624.4960434480413
5.50374191953999,167930.1847926968,25189.52771890452,4576.800309163096
3.06897697567275,100515.6375820425,15077.345637306375,4912.824617721764
3.9735682551323137,130548.35261609036,19582.25289241355,4928.127978453837
1.5965760618838933,38077.52306914583,5711.628460371874,3577.42333530442
4.312615157981244,70405.28157633393,10560.79223645009,2448.8139677628105
3.0844047658320486,136403.13291381026,20460.46993707154,6633.522994039378
1.8197242446508175,59528.29076900635,8929.243615350952,4906.921277550139
3.389039892811356,79401.62161301312,11910.243241951968,3514.34141191885
2.8273586629726557,99013.82609935549,14852.073914903322,5252.9854487184175
3.1320078552452912,100089.50973262898,15013.426459894346,4793.546872735583
3.6641303853793104,134409.68620474558,20161.452930711836,5502.384143086307
5.53729354858679,176482.82199402616,26472.423299103924,4780.751294260014
4.629344810201334,238335.23121223116,35750.28468183467,7722.53658942287
2.36031048281182,60581.245091267345,9087.1867636901,3849.9963584725533
4.057365749982574,162877.20036885387,24431.58005532808,6021.537510004617
1.9074390414743887,56544.484826050495,8481.672723907574,4446.628458098202
3.69957576784452,89178.57316265962,13376.785974398943,3615.7621343142937
4.607764088794793,146498.60929474316,21974.791394211472,4769.079095791815
1.5108345572218598,56225.479161644,8433.8218742466,5582.2272756024395
4.052339667181595,144290.99265932656,21643.648898898984,5341.025352386651
3.093060429602634,122020.47038131663,18303.070557197494,5917.462970339992
3.7724256730596677,123803.22534578842,18570.483801868264,4922.690441454468
3.571724320127156,124339.67643260861,18650.951464891292,5221.833991999501
2.7669080865277795,44848.17202621881,6727.225803932822,2431.3152419800413
6.78753558160259,126625.98349323288,18993.89752398493,2798.349606515112
2.3219784793242213,74193.07244511589,11128.960866767384,4792.878558463775
4.141012582444812,153595.802369985,23039.37035549775,5563.704503862081
3.0360687649423057,120446.5562394292,18066.98343591438,5950.7820259327045
4.371393204169287,201811.80882740417,30271.771324110625,6924.971035604492
4.346447450348585,158105.26731969605,23715.790097954407,5456.36186077722
2.390861471423232,91472.35814859856,13720.853722289785,5738.874412544711
4.6059450383927905,181179.45230021907,27176.917845032858,5900.399943659779
1.680345055460795,52324.43560313448,7848.665340470172,4670.865257682363
0.22823690204049052,6103.385870555563,915.5078805833344,4011.2176094158435
3.6974171982716517,144959.05982184966,21743.85897327745,5880.823777052144
4.231721917495712,137605.08539033157,20640.762808549734,4877.627408174477
2.298524999836858,89104.72158464092,13365.708237696139,5814.906619960537
1.8087796018122375,60853.91510566947,9128.08726585042,5046.54478450823
2.919749416692391,137563.63811673736,20634.545717510602,7067.23172870302
3.019432604329024,37107.67301321791,5566.150951982686,1843.442686550572
3.0612526949488053,88810.75568856938,13321.613353285406,4351.686933674774
3.4152061805096685,108114.94470397607,16217.24170559641,4748.5395751937385
2.4409471787752457,72277.48237015562,10841.622355523343,4441.563688798529
3.0444132643830697,92547.54320686722,13882.131481030083,4559.870909589932
3.072411583254435,131468.2834690296,19720.242520354437,6418.489836399418
4.350468740713138,166626.07504123353,24993.91125618503,5745.107652948674
2.2472555720978193,125826.57713665103,18873.986570497655,8398.682733214333
0.25958737706299245,8041.598505317887,1206.239775797683,4646.758210839244
3.5791221747409083,129312.83972574663,19396.925958861993,5419.464609437685
0.8529815338669239,29831.128484381257,4474.669272657188,5245.915761354916
3.2482409511440844,158602.36980696983,23790.355471045474,7324.073499740257
4.079908719753032,153825.51773714164,23073.827660571245,5655.476444572997
1.0654705002887217,30243.086186438977,4536.462927965847,4257.70861486691
2.065838642212854,42090.50447100072,6313.575670650108,3056.1804497408507
3.04116442069597,131929.04793344127,19789.357190016188,6507.164510851208
3.4320758762732257,117008.95316060982,17551.342974091473,5113.914612269551
4.250861218671983,94859.20548502562,14228.880822753843,3347.293663752943
2.483608904139948,63742.31845162751,9561.347767744126,3849.7799519909263
5.703101629087302,148785.33501834027,22317.80025275104,3913.2741627686337
3.62210830776996,117422.17859045815,17613.32678856872,4862.7278071132
4.205325742280586,237593.55427512972,35639.03314126946,8474.737826597493
5.731187398925529,157633.77125048699,23645.065687573046,4125.683569866512
3.8046827135618377,117818.838093495,17672.82571402425,4645.019583638144
3.520026008970971,101735.26939955645,15260.290409933466,4335.277742562645
4.892793994556443,183700.95051406015,27555.14257710902,5631.780656975532
2.2759995564719446,87582.14760525346,13137.322140788017,5772.111028506677
4.682858186949309,94332.93370722038,14149.940056083056,3021.6460740830516
3.3276447306428993,129700.5298643838,19455.07947965757,5846.501370925753
4.7247955183974275,150108.02408912088,22516.203613368132,4765.540334114873
2.9098055848587485,62113.411892265314,9317.011783839796,3201.9361816889477
2.6236952226629944,80443.54611500412,12066.531917250619,4599.060063463982
3.9028339131287972,125399.73102839236,18809.95965425885,4819.56446852216
2.826328739612722,77687.88993568657,11653.183490352985,4123.0814119484785
5.083602966974462,121766.12351989736,18264.918527984602,3592.9081493268313
3.63333720304427,152458.75898935532,22868.813848403297,6294.16224545362
3.950098634628135,191434.47592776077,28715.171389164116,7269.482118100927
3.645487777333954,96205.49404710504,14430.824107065755,3958.5440929991037
3.860811852261174,139478.54782156344,20921.782173234515,5419.011071720884
4.318836714358209,59235.25297623942,8885.287946435912,2057.333614141115
4.00767850939297,181160.1252136454,27174.01878204681,6780.488683999448
2.831311861921787,51728.213426562936,7759.23201398444,2740.5077195267945
3.8015576889740323,90038.66921561466,13505.800382342199,3552.7016784499083
3.7688424298399883,122683.25078777093,18402.48761816564,4882.795702060419
4.665360865654726,223573.3857084066,33536.007856260985,7188.298788019824
2.337479492756776,103270.50813818784,15490.576220728175,6627.042619509318
2.4177762296522856,62220.39433854704,9333.059150782055,3860.183186648459
4.711417338475607,281641.2676185052,42246.190142775784,8966.76883148812
2.3517112503009194,73158.15123428521,10973.72268514278,4666.271288083777
2.867981228013405,76102.20708471542,11415.331062707313,3980.2670084470856
6.605007580317882,85283.64856232124,12792.547284348186,1936.7952464533755
3.73245154092229,156816.11164669244,23522.416747003866,6302.135872122126
2.8432046970477542,96714.81101991632,14507.221652987448,5102.418995034386
0.8988984217286254,33786.61093434818,5067.991640152227,5638.002601457718
3.4543557986106697,52524.119392471395,7878.617908870709,2280.777768184581
2.474941977143825,83982.89422296177,12597.434133444265,5089.991704768034
4.015238404697618,80744.02831665867,12111.6042474988,3016.40974377234
2.2306413212193013,58973.43228255006,8846.014842382509,3965.6823166653917
2.9421816035079735,115141.08581889288,17271.16287283393,5870.189267800962
2.105758762942974,55055.31201585472,8258.296802378207,3921.767748379946
3.3533642962445036,130056.79623230167,19508.51943484525,5817.596214253611
3.1233266382286193,85195.17057715575,12779.275586573362,4091.5591184600116
3.3571840553568446,81523.73179642431,12228.559769463647,3642.505018439878
3.6078291953225596,121059.88790239449,18158.98318535917,5033.215876433878
2.3643328186617527,95087.04879671041,14263.05731950656,6032.592876488371
2.190985560805838,86868.40823083997,13030.261234625994,5947.214563035961
1.9471064070860693,73316.20798224137,10997.431197336204,5648.08947128593
2.558229438510617,90950.79906513685,13642.619859770526,5332.8367090143265
1.3674918338793605,24051.874616315108,3607.781192447266,2638.2469738137706
2.407107125038204,110475.00989309672,16571.25148396451,6884.30162147499
3.3463814245842998,121457.1987621544,18218.57981432316,5444.262773059811
2.4689474065139354,50392.516201780396,7558.877430267059,3061.5789588405696
1.7627656419704445,59542.21794869008,8931.332692303511,5066.659163109136
1.9065098898093868,83372.2711893046,12505.84067839569,6559.546711633385
3.5064283009701804,114869.0857001428,17230.36285502142,4913.9355994400385
2.969640968327073,93534.66777166931,14030.200165750395,4724.544251440003
6.607808154534105,171107.94818255192,25666.192227382788,3884.221761155599
4.9767569849584,206387.36043118275,30958.104064677413,6220.537622842395
3.849616764984689,106959.06557706477,16043.859836559715,4167.651175693985
5.609571595533525,225042.41831327847,33756.36274699177,6017.636493644077
1.6040956463581513,29246.06279748989,4386.909419623483,2734.8178580144368
0.28952922177791696,7070.538015740534,1060.58070236108,3663.1214488415167
2.5438259780595303,65715.87160986316,9857.380741479474,3875.0216510481728
2.3063128875552437,91485.34902322029,13722.802353483043,5950.104353806737
2.7809083772872394,88375.54866194399,13256.332299291598,4766.907247847941
4.006870412822371,157435.37958200995,23615.30693730149,5893.703689974658
2.857905792140649,101891.85128671982,15283.77769300797,5347.894159086331
3.910844183773813,158823.88400328442,23823.58260049266,6091.6726622188835
4.031687759938996,153181.14050928658,22977.171076392984,5699.144488495967
4.699734199052283,192092.12947244683,28813.819420867025,6130.9466026137015
2.5342212645220537,115205.32588261338,17280.798882392006,6818.977933898408
2.7150868440363514,153427.37540228537,23014.106310342806,8476.379442850219
4.6172261626803595,126150.54861105095,18922.582291657644,4098.2576172254985
4.006852576376148,87916.9847401863,13187.547711027944,3291.2485447505387
3.630387318644139,105817.56581658804,15872.634872488206,4372.1601799821865
0.9988669273582856,36422.766312457585,5463.414946868637,5469.612415056919
3.936797864378461,161892.14145703707,24283.82121855556,6168.419628115571
4.577510162054892,164139.3561937681,24620.903429065213,5378.667126325424
1.2068209527628377,17787.50707363989,2668.126061045983,2210.871509098101
3.678308744898258,57439.17053593415,8615.875580390122,2342.3470344462444
2.7992283598100687,51675.47763204705,7751.321644807057,2769.092281321769
2.8482942744077033,94123.0768626671,14118.461529400065,4956.812804160121
5.238430576795028,210547.06699243057,31582.060048864583,6028.916406521721
2.163595500190503,37605.48057431223,5640.8220861468335,2607.151884744705
3.8808257882433224,249610.50407668453,37441.57561150268,9647.837252815933
1.806226982549612,48077.552449932045,7211.632867489807,3992.6503906558287
1.8222023638377394,87220.61599118884,13083.092398678325,7179.824073504126
4.911829315301318,136192.57276018956,20428.885914028433,4159.11966859036
3.2514632906621137,107050.47385742424,16057.571078613635,4938.567544259047
1.1040097013061199,58286.53360916656,8742.980041374984,7919.296389362732
4.7206156575704465,119680.67538662205,17952.101307993307,3802.9152572935145
3.7856991772874267,163819.2429913707,24572.886448705605,6490.977042268017
2.287958075878964,75875.72300216704,11381.358450325055,4974.461101501032
3.0090818522824074,128825.0694182068,19323.76041273102,6421.8128191075375
4.354211719200342,120728.58906959443,18109.288360439165,4159.0279775750005
4.5659510648057084,113874.87653913033,17081.23148086955,3741.001871993649
5.223752313257744,182709.06571710407,27406.35985756561,5246.489154550647
1.6530381828715834,76420.52124669349,11463.078187004023,6934.551364742755
6.3611114845207934,173614.5516585691,26042.182748785366,4093.967353371613
2.4264704281137908,108039.92182855973,16205.988274283958,6678.831971952624
3.8690294308097055,213893.5650561381,32084.034758420712,8292.527966556772
1.2041160348588853,52733.80914500889,7910.071371751334,6569.193618186759
4.425144039730772,238965.3411095215,35844.801166428224,8100.2563633180725
4.1593810900737225,146027.67557967073,21904.15133695061,5266.204481533182
1.0084878722143789,29865.59705049136,4479.839557573704,4442.135280950017
4.609735039251455,88721.67490810913,13308.251236216369,2886.988324252452
3.8471645273631228,91442.12257957831,13716.318386936746,3565.305899807207
4.498905676336223,156954.55917102704,23543.183875654056,5233.091238051235
4.992435567321966,186912.65065546692,28036.897598320036,5615.87570239981
5.428225411614704,280412.06044147105,42061.80906622066,7748.721889150282
2.3044698368067533,65638.81311872769,9845.821967809154,4272.488973625389
4.360287483733502,138906.04238651576,20835.906357977365,4778.562522702424
1.691322427080248,37885.3448768852,5682.801731532781,3359.975389992951
4.377491002477582,136030.6887230798,20404.60330846197,4661.255339397232
4.986474519661193,179868.07825684108,26980.211738526163,5410.678753525314
1.9863502462854268,53559.777389215684,8033.966608382352,4044.5871131771787
2.913568993160968,144719.18204932706,21707.87730739906,7450.6137861688
3.674114712832482,60174.285512988296,9026.142826948244,2456.685088090167
3.2940731059000505,137380.36755654067,20607.0551334811,6255.797752809911
3.2087429859766683,75772.26767688239,11365.840151532359,3542.147252430333
5.33913528412239,219427.03402843096,32914.05510426464,6164.678988776517
2.5442056523536722,76534.80299720752,11480.220449581127,4512.300504859209
2.464545042789533,86102.13833633004,12915.320750449506,5240.4482475317645
4.210995866949789,179115.06711258146,26867.26006688722,6380.262749188678
4.41030900968583,190393.10089203584,28558.965133805377,6475.50207277648
5.348838566325433,173283.01179505463,25992.451769258194,4859.457141387348
1.3474162376518617,45390.46837959619,6808.570256939428,5053.05641024833
5.588044581089376,316998.3782072203,47549.75673108304,8509.194234419178
5.312458076297087,227595.34115417398,34139.30117312609,6426.272110352731
2.076586466236383,84313.69848120985,12647.054772181478,6090.309735622553
4.606489577965976,184230.36723766982,27634.555085650474,5999.048650372218
4.640108505202339,127952.4298856677,19192.864482850156,4136.2964812852415
4.69570646182543,136844.34672373286,20526.65200855993,4371.366092713621
5.044748641693771,183834.0040138073,27575.100602071096,5466.100010250019
3.0562277409145775,101390.60215680972,15208.590323521457,4976.262115522281
4.496142891454823,156641.40934808188,23496.21140221228,5225.859579967571
3.5713143442895032,110856.32344489257,16628.448516733883,4656.114503984397
1.7829915777451653,71351.93367716955,10702.790051575432,6002.714867060989
3.4662275270266436,39518.73680719433,5927.810521079149,1710.161977209866
2.561249731450636,90679.8791825697,13601.981877385455,5310.681621694729
6.138529512328227,229252.58003826195,34387.88700573929,5601.974697144793
5.689328147779654,198730.47739023692,29809.571608535538,5239.559194730079
2.904813778189803,160401.48439098874,24060.222658648312,8282.87955644508
4.459543344719981,144447.52288464407,21667.12843269661,4858.598012810011
5.458338699782715,153809.92560684236,23071.488841026352,4226.833494584127
3.1503654659066327,117171.8063309471,17575.770949642065,5578.9625489003365
2.1981123053838214,67234.71070653299,10085.206605979949,4588.1216265785515
1.1675912591396502,50199.80481928214,7529.97072289232,6449.149618027154
3.8449346219362535,68187.47548181827,10228.12132227274,2660.1548083337775
5.065136883012415,211661.11803673458,31749.167705510186,6268.17565621797
2.0376921541408164,34710.35969294462,5206.553953941693,2555.1229332465155
3.736653555647281,100715.1154555329,15107.267318329934,4042.9938428458295
1.8080455474133472,40897.352951459754,6134.602942718963,3392.947125416912
3.3774762588876484,221580.37993218802,33237.056989828205,9840.796631024916
1.5922330267588853,46480.666413609186,6972.099962041378,4378.818831709345
3.6315493261195164,128764.29638289713,19314.64445743457,5318.568666688933
4.576590677780345,72859.50412054392,10928.925618081588,2388.0059169683354
2.673961482382206,52609.25089864141,7891.387634796211,2951.19719816078
1.0466486881554056,59255.80417888093,8888.370626832138,8492.219717484038
1.2390647541520712,66237.41174099958,9935.611761149938,8018.638031512059
1.671403269213135,66827.04547919516,10024.056821879274,5997.389742212488
0.8717794993611107,28075.05037148219,4211.257555722328,4830.645316629464
4.116544255623778,181597.79352235384,27239.669028353073,6617.120413837372
2.279933014704515,114547.60515792633,17182.14077368895,7536.248066444091
3.3527521599586967,112026.0312538049,16803.904688070736,5011.973413590388
3.746987258629309,130963.85211929692,19644.577817894537,5242.766111001069
4.713551740067834,88917.44164466723,13337.616246700083,2829.631874690769
1.540372653000919,34573.039062941265,5185.955859441189,3366.6891250880285
0.884984680263064,22294.212244156217,3344.1318366234323,3778.7454531183303
5.297871826591988,119059.77479725308,17858.96621958796,3370.969854337957
4.273505018852019,151812.74434086672,22771.911651130005,5328.626396991379
2.9545259735459255,106047.47614040693,15907.121421061038,5383.9842883390975
5.7357521324741665,111307.15173627486,16696.072760441228,2910.877662567199
1.7093650418322985,66271.26413914414,9940.68962087162,5815.428172215351
4.474144527991326,124662.24042780859,18699.336064171286,4179.4215513566305
3.6734577273485853,96969.88619851487,14545.48292977723,3959.616255139491
2.9708787863037167,58376.747124407564,8756.512068661134,2947.4484482605694
3.9316048648871784,87591.9291044949,13138.789365674236,3341.8387190980516
1.20971999255448,16614.617105994843,2492.1925658992263,2060.1400168948517
2.9872528539944114,142407.37721532682,21361.106582299024,7150.752757248511
4.3317530243572975,216787.65008378896,32518.147512568343,7506.925563327347
1.3407055920768913,41175.354564003974,6176.303184600596,4606.755741976779
2.196830751863056,44907.13909184894,6736.070863777341,3066.2675575097046
1.8355326189779266,62969.10126678178,9445.365190017266,5145.844368201257
2.586423063205468,108336.52615651063,16250.478923476594,6282.993356599852
5.182336594221882,210994.04458041725,31649.106687062587,6107.111360221217
4.051511213908638,192376.96490873417,28856.544736310123,7122.415121855526
3.0893655613493123,100438.38751733745,15065.758127600617,4876.651153261542
4.394578526508171,166701.8685275919,25005.280279138784,5690.029232224778
2.5443150220473436,90555.36891196278,13583.305336794418,5338.688495367326
2.3533755759326076,64429.72852689727,9664.45927903459,4106.637027200688
4.5589084308867465,207763.9628804375,31164.594432065624,6835.9772749381245
3.4606596454364413,162046.1066405408,24306.91599608112,7023.78115343835
4.211076501003843,106009.51700179852,15901.427550269778,3776.095624593657
3.8955602322448857,128495.06844580661,19274.26026687099,4947.750546206767
1.4859740728398918,57982.530575904384,8697.379586385658,5852.982057596619
3.7651242361797386,129301.36218598158,19395.204327897234,5151.27871253897
3.757493405700901,81740.70534597005,12261.105801895508,3263.107736474761
4.776787744311659,144133.31798440297,21619.997697660445,4526.053669310758
2.3111188269886727,78468.51299159591,11770.276948739387,5092.891291996331
4.0308793601374004,82473.58421792845,12371.037632689267,3069.0667041614406
4.224244275090638,136095.12252562676,20414.268378844015,4832.643912006248
3.1997632084946463,92540.70536875603,13881.105805313404,4338.166576971137
3.51205517414446,122473.33097620445,18370.999646430668,5230.840273147434
4.178990512889364,115795.90885621487,17369.38632843223,4156.359358763654
4.329219824661694,131903.59257504102,19785.538886256152,4570.231978876769
1.5774550483683525,40823.48866513368,6123.523299770051,3881.900347083706
2.978587103839754,83758.57276090384,12563.785914135577,4218.035422881996
2.5553504434964838,87247.87727598057,13087.181591397086,5121.482114010909
4.791900946572636,159272.58031390113,23890.88704708517,4985.6804874426525
2.2987842189981884,63475.60300312902,9521.340450469354,4141.902650879846
3.0116183383964485,55566.58370699517,8334.987556049275,2767.6108389243245
3.931461891646246,106739.74964071554,16010.96244610733,4072.5213387234335
1.8570454342581042,91438.24632687765,13715.736949031647,7385.784265698986
2.60518253185519,62988.103717444465,9448.21555761667,3626.700026615199
3.2156317063072906,126947.85246754787,19042.17787013218,5921.753362731795
4.542915630361565,188378.38654233358,28256.757981350038,6219.960985518262
4.257218736719664,145646.3221921959,21846.94832882938,5131.742031574168
4.184933962256474,178629.35585936456,26794.403378904684,6402.58690353561
2.144098979051315,71143.93286576416,10671.589929864624,4977.190901227148
4.17682285764334,120809.0926496238,18121.363897443567,4338.552175915849
3.506618223827946,88405.98926577748,13260.898389866621,3781.6772580935726
5.5809267190589855,113803.99624155601,17070.599436233402,3058.739219409016
4.934325718880883,131809.03958477802,19771.3559377167,4006.9012594897954
4.288955671648685,129910.60739408851,19486.591109113277,4543.434952691545
2.8816754583120443,156819.5947542091,23522.939213131365,8162.938385473167
4.77084025728016,164724.5883007204,24708.68824510806,5179.1061768214395
1.8800567381193118,39560.154806031525,5934.023220904729,3156.300073603494
2.1671519525592737,65980.31110906096,9897.046666359143,4566.844818920675
4.765470029339405,130328.63167615805,19549.294751423706,4102.280495117006
2.044989775784759,97295.25995298459,14594.288992947688,7136.607314991183
3.502583520277671,220349.18768620206,33052.37815293031,9436.57102295452
2.0647721635881027,65638.45969796418,9845.768954694626,4768.452969447693
2.6411967435540444,101095.9625123609,15164.394376854134,5741.486094840719
1.9470069010803166,38835.846318150856,5825.376947722628,2991.965228520946
3.7852192007663845,197944.0096683362,29691.601450250426,7844.090361857732
1.6688598838706021,36693.86357370838,5504.079536056257,3298.1076417815225
2.161799702449689,52539.37216194954,7880.905824292431,3645.5300717092414
4.041774200810277,115215.94525224983,17282.391787837474,4275.941932721718
3.249218152597376,92803.53021288636,13920.529531932953,4284.270516217906
3.6253385252172263,118851.8318476968,17827.77477715452,4917.547603664488
3.8140457034069732,134879.7828187834,20231.96742281751,5304.594909480214
3.497023810033905,55034.29323855753,8255.14398578363,2360.619896866986
2.076831972157294,82249.20938935272,12337.381408402907,5940.481258860601
4.390270952820555,209601.09174640494,31440.16376196074,7161.326510328895
2.0703304004934195,62022.53067069576,9303.379600604365,4493.669029053092
4.329336644810627,150991.6470756578,22648.74706134867,5231.458978478068
5.582689261467344,267090.436817142,40063.5655225713,7176.391815159181
0.2821347291291748,4855.475530654597,728.3213295981894,2581.4664215433363
0.2715212812181576,6759.438229415597,1013.9157344123395,3734.203558054422
2.7582401157420384,85434.4794200579,12815.171913008686,4646.140790959046
2.750279701317089,108819.97682487697,16322.996523731545,5935.0314500429095
3.1222438169446325,79717.04918542362,11957.557377813542,3829.796159069658
5.470956309568442,202180.36344910518,30327.054517365774,5543.282161534575
2.3602798098470514,56092.028472277205,8413.80427084158,3564.748652146799
6.209128915303739,222752.12261263494,33412.81839189524,5381.240887033628
2.0638882358751935,77732.54240321343,11659.881360482015,5649.473240753094
2.394573503582952,115944.0361179366,17391.60541769049,7262.924020360111
1.056285043101243,44155.893247905544,6623.383987185832,6270.4513620108055
2.839550985449177,93799.78556754389,14069.967835131583,4954.997429956664
2.569890933212982,43905.48036334905,6585.822054502358,2562.6854312717837
4.171147717027128,117677.98959864654,17651.69843979698,4231.856466684366
3.2752838250904333,70746.72251719135,10612.0083775787,3240.0271073563204
3.5520943306219075,97453.71457369124,14618.057186053686,4115.334736477656
3.760358804740834,130547.23395047855,19582.085092571782,5207.504418962326
4.309913264157044,178932.5877063173,26839.888155947596,6227.4775641446895
1.9535257566315463,79119.31141210359,11867.896711815538,6075.116579102231
2.6408905918977696,99046.43113842716,14856.964670764073,5625.740315159256
2.4860242720819214,97996.97467697224,14699.546201545836,5912.873163235731
2.873914833061438,188563.43759580175,28284.51563937026,9841.807180221891
0.22340085826211165,5033.592149780036,755.0388224670054,3379.748978319205
2.917831147021943,59668.21576312622,8950.232364468933,3067.4264251390637
3.2564801724329935,112098.64597085716,16814.796895628573,5163.48818517935
3.7169673203506766,94338.69846562512,14150.804769843768,3807.0834500930487
3.4724436128063685,115805.26265790385,17370.789398685578,5002.468386994716
1.8568033272011883,58910.27639585671,8836.541459378506,4759.00776885082
2.786725054175142,91558.69996232244,13733.804994348366,4928.295661522845
2.387684194824974,55135.77177262656,8270.365765893985,3463.7603179763196
3.254825607217338,88261.38721050876,13239.208081576315,4067.5629601227597
2.4857142475037675,60075.617932859546,9011.342689928932,3625.2528620208077
3.733006066841498,126011.58892434815,18901.738338652223,5063.409488280047
5.6120638909492175,124844.70466274308,18726.70569941146,3336.866091209815
3.1638102547783524,78451.8457997492,11767.77686996238,3719.4951410848107
2.7639449750515075,82593.60865228173,12389.04129784226,4482.376244704866
2.727058879690836,67134.84813625012,10070.227220437517,3692.7061954669525
4.099391772468633,150672.07433221213,22600.811149831818,5513.210838158492
4.360899834931423,153152.68559480165,22972.902839220245,5267.927195943381
3.5125117571642996,158024.40680511497,23703.661020767246,6748.350656028421
1.916630970440316,48485.94827764602,7272.892241646903,3794.623145412322
2.9289079451098345,83306.64477235216,12495.996715852823,4266.435459918226
2.359174887042124,51016.24503446774,7652.436755170161,3243.6920201217463
4.170254175533822,253035.38814219233,37955.30822132885,9101.437615962654
2.507932700312095,74558.94400753242,11183.841601129863,4459.386649306065
1.7034538861629016,119754.33478896585,17963.150218344876,10545.134426155553
5.450564279693776,143683.78811095437,21552.568216643154,3954.1902655726544
2.922361510610494,103352.08186703699,15502.812280055548,5304.892027823397
4.0288491785294305,140939.14383512575,21140.871575268862,5247.372298752938
2.665390935748074,88927.70826672613,13339.156240008919,5004.57777547935
5.264978439777521,143612.47685867912,21541.87152880187,4091.5403121218
2.956030846594064,69779.33669918822,10466.900504878233,3540.863085694179
3.9951261224491113,102202.8004176953,15330.420062654293,3837.2806246367927
3.023631665538396,152557.69728683456,22883.654593025185,7568.267938796857
4.876552834376982,202651.86710408414,30397.78006561262,6233.4565210337105
3.8307768976272873,175442.91010477915,26316.436515716872,6869.73875508563
3.0863703585319815,110513.94886761997,16577.092330142994,5371.063872589748
3.7534060111256267,132398.73980181,19859.8109702715,5291.143806826176
3.4474816859717827,147305.75382184223,22095.863073276334,6409.276418548373
3.8700665462621293,88869.07948231345,13330.361922347018,3444.4787351840328
3.842166734538789,92451.92123944116,13867.788185916173,3609.36657466034
3.3871032435142276,95714.48325331372,14357.172487997059,4238.776162341315
3.5714323126638683,183173.08144931987,27475.96221739798,7693.261361827167
1.381920297795666,40046.11674519012,6006.917511778518,4346.790130632205
2.5215355982836676,94869.87046584739,14230.480569877107,5643.577104191335
3.6319441405512443,191163.75486642905,28674.56322996436,7895.100287972004
0.7144607016638459,24440.19415518273,3666.0291232774093,5131.183723247354
2.888452339281439,115317.96019012523,17297.694028518785,5988.5682700313955
1.9481534815562098,48733.75345992177,7310.063018988265,3752.303444361526
5.966567745163851,205214.47500326214,30782.17125048932,5159.108647587139
0.30732155654999005,12875.104958080685,1931.2657437121027,6284.185741451416
2.8352372767819802,171297.55008738113,25694.632513107168,9062.603939191575
4.6295593658762835,125701.51981011992,18855.227971517987,4072.791054478479
3.5238781064103635,186227.20155639297,27934.080233458946,7927.084703254478
2.75167042504818,55336.25974304544,8300.438961456815,3016.5091305625674
2.4031053295235774,71238.14824547943,10685.722236821914,4446.63082618205
3.3538875721883934,94648.59627577433,14197.289441366149,4233.08448353935
4.062784046737307,84949.89056222855,12742.483584334283,3136.3920498229204
4.28056941641776,162825.6168700161,24423.842530502414,5705.746164710435
4.032719964043336,109519.95493148168,16427.99323972225,4073.675679491271
3.688773229677134,62727.49028548871,9409.123542823307,2550.74599520634
4.534858997612957,148317.33361420422,22247.600042130634,4905.907781000742
4.923259374713118,270498.9495193467,40574.842427902004,8241.459435654115
1.5458509696923721,94175.35119600165,14126.302679400247,9138.204753470778
3.097650854330541,52027.919098857994,7804.187864828698,2519.389121572039
1.7038609418145763,52677.56922116344,7901.6353831745155,4637.488417780995
2.0337929222403606,81136.65286986942,12170.497930480413,5984.138206693033
4.8899734326021145,203257.4589762012,30488.618846430178,6234.925254022533
2.946074896142121,116847.4609244249,17527.119138663733,5949.312137860263
2.645827848653505,103992.4541840737,15598.868127611053,5895.64741921872
0.21804408983375162,6838.84600243022,1025.826900364533,4704.676476884459
1.858728540454064,98194.17908951844,14729.126863427766,7924.3023081948395
4.639757514393682,159888.23022431222,23983.23453364683,5169.070680794173
3.432151132258524,115663.5614952654,17349.534224289808,5055.0029866758705
2.3135585203430518,52560.26669994941,7884.040004992411,3407.7547361211223
0.9030361454451266,43227.614975202734,6484.14224628041,7180.379521889717
2.5276366980987772,108651.58277285169,16297.737415927753,6447.816424008438
3.9976941195956304,110540.01730519997,16581.002595779995,4147.641640340701
2.6571727890375807,126989.56932307572,19048.435398461355,7168.685257145297
2.935931811302821,68205.21148249085,10230.781722373627,3484.6796110818777
3.665062497250954,81873.80905310769,12281.071357966153,3350.8490966191684
3.380149040590898,97888.61066968966,14683.291600453449,4343.977565523738
2.9510571071884883,67195.51417629201,10079.3271264438,3415.497145714849
6.3444491618437295,186707.54941621234,28006.13241243185,4414.2732801555185
3.3379727312313245,107769.12058602419,16165.368087903627,4842.870026065337
2.248502959093182,53273.653251986805,7991.047987798021,3553.9415038265274
4.508622850594232,191910.05357908158,28786.508036862237,6384.767364843613
6.477411454533345,356226.88538016577,53434.032807024865,8249.288034594127
1.8451056355240292,62038.899217739934,9305.834882660989,5043.524177420896
3.9501774107454213,140532.2127790106,21079.831916851588,5336.426627196398
2.603595929276292,119923.52336856583,17988.528505284874,6909.109168213001
2.9359624750667517,111989.82124307117,16798.473186460677,5721.623940741528
4.820857318120305,203198.2854534337,30479.742818015053,6322.473536698525
4.2163325244262015,217945.9982679426,32691.899740191388,7753.634124158746
4.11714240831808,101081.63981118829,15162.245971678243,3682.7110816097006
4.337815763525492,155030.47730632493,23254.57159594874,5360.894252698495
3.47290663801564,130638.27082819914,19595.74062422987,5642.461104404047
3.4062814964407155,84790.26856801576,12718.540285202364,3733.84886084494
4.909562961053674,182890.52564466593,27433.57884669989,5587.784302660656
4.205613596037934,149149.15868151808,22372.37380222771,5319.6455859150965
3.9430652265031503,151290.2540482433,22693.538107236494,5755.303755743835
2.005822644884076,58251.81659171918,8737.772488757877,4356.2039301151
2.856824613027438,122818.64729305828,18422.797093958743,6448.697273871395
4.625144209691449,177184.22960437875,26577.634440656813,5746.336381245473
4.429808939632628,145170.16437482304,21775.524656223457,4915.68032684257
3.742372950376528,83034.27495525981,12455.141243288972,3328.140035331282
3.105330989382046,88150.32846554791,13222.549269832185,4258.016074628954
3.443528217657031,62500.42755659887,9375.06413348983,2722.517006080642
2.781330373213284,93427.68079161363,14014.152118742044,5038.650659307124
2.3900569388923896,96854.71852352588,14528.207778528882,6078.603209035517
2.6546974810846864,91010.37031336564,13651.555547004846,5142.414773915007
3.7155127112405553,71861.5548790309,10779.233231854634,2901.1428757178455
4.941099906306417,77122.7276760884,11568.40915141326,2341.261939805808
4.162772398875351,182792.92455522102,27418.93868328315,6586.701374951675
2.3469790040131637,67908.59469079842,10186.289203619763,4340.170570849567
3.4522483936689516,104484.42252553138,15672.663378829706,4539.8423264014455
3.9142924385986553,144558.43661303713,21683.765491955568,5539.638601892124
3.131139654498207,74558.31924038717,11183.747886058074,3571.781881396271
3.845252781041256,89419.28302923667,13412.892454385501,3488.1692357175602
4.311828710511137,256761.44721378147,38514.21708206722,8932.223348339277
3.2405967329485175,104629.239699999,15694.385954999849,4843.054303989259
3.1853098720916986,100683.07298861486,15102.460948292228,4741.284695914024
2.22284697240774,81734.78028756876,12260.217043135313,5515.54704184396
2.7403288275714304,79621.74604965058,11943.261907447586,4358.331667091244
4.732019545112829,211365.04412673126,31704.756619009688,6700.04768931142
4.978529498742942,131545.03835104124,19731.755752656183,3963.37025976011
1.1621635017057645,31772.612244694614,4765.8918367041915,4100.878946644821
4.208447564024951,210424.33807499954,31563.65071124993,7500.069854990072
4.568363976959451,84083.43993649843,12612.515990474763,2760.838684064143
0.789456097170589,33021.72724255481,4953.259086383221,6274.267947433308
6.177144273452349,277045.5338929506,41556.830083942594,6727.51489107067
1.7109375628916956,44225.78749061104,6633.868123591656,3877.3291717200946
3.3188385853297464,79693.38221756282,11954.007332634423,3601.864635862283
3.062842900028261,68331.44871315814,10249.71730697372,3346.471771986459
1.7672338118526116,21728.94037363785,3259.3410560456778,1844.317958487266
2.3099956017497294,102305.08082452361,15345.762123678542,6643.199715209302
4.659548254370166,130769.60865213761,19615.441297820642,4209.73026289049
5.1846589681703925,133060.66910938843,19959.100366408264,3849.645750847062
2.449084195138876,115379.16688089016,17306.875032133525,7066.672132581433
2.5673104268321056,131483.4747720165,19722.521215802473,7682.172365941264
2.28706596782919,45079.58840262851,6761.938260394277,2956.5995714642604
1.467117995935596,46061.275677264166,6909.191351589625,4709.363098762594
4.64162431139306,159034.04249226884,23855.106373840325,5139.387587937044
3.5304540912297986,144639.11290223035,21695.86693533455,6145.347418404473
2.222751925797059,52925.989622305846,7938.898443345876,3571.6529367077515
2.914197340507092,116057.34419901435,17408.60162985215,5973.720924068554
3.801770174297384,115993.87508954639,17399.08126343196,4576.573665883823
2.770527111026926,73937.10213977541,11090.56532096631,4003.0524432787347
1.6407537080858485,57765.168703706855,8664.775305556028,5280.972557218603
3.542080028853271,85270.18663048882,12790.527994573324,3611.021741570923
1.463123310284688,30943.56930894744,4641.535396342116,3172.3473775009347
1.6344410994104106,50239.51544691124,7535.927317036685,4610.705959214503
3.673810189544602,152208.16224579373,22831.224336869058,6214.590073772747
5.829806169783587,180041.6763363145,27006.251450447173,4632.444143756103
6.243254384577282,226195.85742326136,33929.3786134892,5434.566097019045
1.688427208165961,75822.34418913153,11373.35162836973,6736.062753172481
3.4730368044150697,87908.58843405171,13186.288265107756,3796.7603016313547
4.212406067315902,197113.9224846936,29567.088372704042,7019.049896949717
2.2552304760319046,53617.90782682481,8042.686174023722,3566.236914364021
2.867473904924987,105932.00738323214,15889.80110748482,5541.393447449872
1.9445262344574672,51474.53054352664,7721.179581528996,3970.7253338668606
1.783556322728705,39915.858925604654,5987.378838840698,3356.9889341540197
4.259958876221881,108182.71394884713,16227.407092327068,3809.2872639932643
3.723125477448908,148839.76683859236,22325.965025788853,5996.565294674581
4.110143692682493,168952.48281839362,25342.872422759043,6165.933436312289
3.5221712476272025,85611.62252197729,12841.743378296593,3645.9735985147654
4.02666502949573,137401.59109563316,20610.238664344975,5118.438835456361
3.258300876791821,126829.61038927015,19024.44155839052,5838.761451987918
4.42632518483531,129631.36109750277,19444.704164625415,4392.967835088893
4.471596060724922,168553.54687842936,25283.032031764404,5654.140420650069
0.5406395818672232,10246.803656564158,1537.0205484846235,2842.9671079135005
1.5543433498223258,51675.86220462812,7751.379330694218,4986.915749071956
4.306742787706314,122645.6438680486,18396.84658020729,4271.638100311323
1.9394850930800032,68267.4863025842,10240.122945387631,5279.81523648928
3.081413296741838,86295.77706349186,12944.366559523778,4200.78883063516
2.8243245316219507,88283.04593885328,13242.45689082799,4688.7164497428075
4.694813704829314,76085.26067910188,11412.78910186528,2430.9354575934567
1.4837637803722248,86541.9542594527,12981.293138917905,8748.894743650737
5.862476025391861,138251.34293026236,20737.701439539353,3537.36225951614
3.628180902912787,89620.7205477257,13443.108082158853,3705.192337947211
3.605686073565672,174635.7041181139,26195.355617717087,7265.01283896089
4.10437339859318,216812.14146508946,32521.821219763417,7923.699444819186
3.7253874136549756,62172.77837852301,9325.916756778452,2503.341457212043
4.119797005186873,97263.07654995057,14589.461482492585,3541.3059100058276
3.6106232574744954,83640.11158875121,12546.01673831268,3474.7509899684687
2.403411061495746,47263.869278121,7089.580391718149,2949.7993519701945
4.630205930688158,182507.03937328237,27376.055905992354,5912.492082598069
1.768041154820178,50859.251846537954,7628.887776980693,4314.881334171548
4.948000594254239,158201.43768389293,23730.21565258394,4795.920129868244
5.028623403714003,67914.42859588368,10187.164289382552,2025.8355958528516
2.7665805835034365,74682.99886782332,11202.449830173498,4049.2042404155704
4.6170623156112764,137975.08622822672,20696.262934234008,4482.560883845018
3.2602329693604517,147629.31576556602,22144.397364834902,6792.274531589345
2.733453340661808,83972.47116811549,12595.870675217322,4608.0430522979705
3.6851110488380945,115045.09099052427,17256.76364857864,4682.834090988832
3.530540946786329,149579.19390863407,22436.87908629511,6355.082528278918
2.4322815410593175,123063.94635500702,18459.591953251052,7589.414153598129
4.822334821694249,168258.11501800336,25238.717252700502,5233.713167148624
4.202093179532999,89203.7197192117,13380.557957881754,3184.2601737281816
1.8964087146910988,73742.18688220122,11061.328032330182,5832.776419260409
4.205955314974675,134522.38123195228,20178.357184792843,4797.5681322506725
2.4744278826438566,86096.97516922366,12914.546275383549,5219.204958838695
4.177961069592971,180204.63296066094,27030.69494409914,6469.8293004277675
0.3110762918842792,10431.099957973109,1564.6649936959664,5029.8432716242605
2.9864204598712254,66452.1910421634,9967.82865632451,3337.717776268624
4.238452986655645,199049.74835859463,29857.462253789192,7044.424545416097
5.0623777860841725,124889.08073566726,18733.36211035009,3700.506540986668
5.129338275202785,184657.76090063262,27698.664135094892,5400.046292326049
3.784177894419896,201269.31146791857,30190.396720187782,7978.059584541779
4.8293153420371215,142398.03026378455,21359.70453956768,4422.926031282447
3.6572218646558468,128909.10975272616,19336.36646290892,5287.17348263161
2.3887682267197103,112137.94634498225,16820.691951747336,7041.575554965307
0.5018027138879767,11775.672251874412,1766.3508377811618,3520.010531819254
1.6620481661019648,44167.33438891357,6625.100158337035,3986.105994674641
3.638670557580259,98016.53103070642,14702.479654605962,4040.6185231518216
4.401809512313091,281433.8084534508,42215.071268017615,9590.39030424426
2.9219692951406535,105041.95398037933,15756.2930970569,5392.35409600649
3.2267754651580223,118800.53488875524,17820.080233313285,5522.565925559557
4.09987637238581,216344.74896152402,32451.712344228603,7915.29046163512
3.2624133994087248,59151.36263061088,8872.704394591632,2719.675071283029
4.331084323710952,122717.6501853566,18407.64752780349,4250.124484307311
2.5930035797098943,70523.9418119692,10578.59127179538,4079.667052746188
4.678353732160113,147593.42713398524,22139.014070097786,4732.223200205865
1.9624132323391772,47187.926093542446,7078.188914031367,3606.879936084734
3.2676549073356633,132474.21253010203,19871.131879515302,6081.159866332874
2.1168193737084176,100748.88968683114,15112.33345302467,7139.170040072738
1.7333264820024397,45002.382539659644,6750.357380948946,3894.452344113811
6.888107171910715,180524.67835546305,27078.701753319456,3931.2253827502523
4.437715572002529,207534.26874589807,31130.14031188471,7014.90210600342
3.1318429872616287,104474.83870951948,15671.225806427921,5003.835080547981
1.8307866288357915,80630.9027192093,12094.635407881395,6606.250677924411
2.2927418867086087,84051.84791797816,12607.777187696724,5498.995443310049
2.8525034767730584,85260.82225515092,12789.123338272639,4483.473356793432
2.560782877267627,65183.664867218075,9777.54973008271,3818.18771785737
2.6709929048482386,101964.06089367563,15294.609134051345,5726.188604353616
2.669866948312464,63224.846838939,9483.72702584085,3552.1346978864267
4.359506381732919,84841.42264725585,12726.213397088377,2919.1867800477135
3.417161460741834,80854.67359191757,12128.201038787634,3549.2033894572587
4.761391805465039,150583.51300523328,22587.52695078499,4743.891675719574
3.3749218653466087,79975.63341998124,11996.345012997186,3554.554887973724
2.8302013169878566,133772.05057651762,20065.807586477644,7089.887021829741
1.9448302365743002,45814.89988679673,6872.23498301951,3533.5911864083996
3.419400777274536,71739.85360573258,10760.978040859887,3147.0362036464826
2.9566167262295355,132636.05552138237,19895.408328207355,6729.113094607713
2.7665511298714063,73547.53483317872,11032.130224976809,3987.683475594973
2.6327813831369293,61574.53481091627,9236.18022163744,3508.145522752305
4.595783969448214,169377.571462587,25406.635719388047,5528.248474751187
3.571030184500058,117001.02921759187,17550.15438263878,4914.5914416558735
2.4140749714069862,66752.8918148461,10012.933772226914,4147.731073319199
3.1705967125520726,66711.01232511432,10006.651848767147,3156.078415508293
2.2541093408188075,73377.84641551888,11006.676962327832,4882.938357519803
3.5132535386782346,171661.6712290177,25749.250684352653,7329.175193555801
3.1218759450255718,134993.1039233971,20248.965588509567,6486.153180037301
3.8304718317130964,52517.50338730077,7877.625508095115,2056.5679253597373
6.692305603815703,247137.4556004942,37070.61834007413,5539.2895266076675
4.272693063674841,148491.05109053964,22273.657663580943,5213.025445928921
2.608064431026486,98906.09373811645,14835.914060717467,5688.476819906755
2.4081432575201904,85473.57584822326,12821.03637723349,5324.033915837747
4.6825054968587025,104869.88106770131,15730.482160155196,3359.41563137686
1.9068273175480561,73136.07433438861,10970.411150158292,5753.227389391968
3.8248224873329546,140918.03357116276,21137.70503567441,5526.453869605257
3.812757471686254,116522.00410843192,17478.300616264787,4584.162707976997
2.8517723660160397,123920.4980789685,18588.074711845275,6518.077997162529
2.887958943499533,64493.1552739496,9673.97329109244,3349.761364463803
4.893944740394075,227973.08310265274,34195.96246539791,6987.402653558436
3.6503002147490053,81324.28307815199,12198.642461722799,3341.818958461086
2.531641897121105,123189.3500509739,18478.402507646082,7298.9795786912355
3.979030255466006,131718.2936525772,19757.74404788658,4965.46715641212
2.9870551482667898,74055.28865737552,11108.293298606328,3718.810918188708
2.833712577000212,97595.70392765719,14639.355589148578,5166.139892933638
1.5367379941630228,34120.71987029112,5118.1079805436675,3330.501360663775
4.538630375412878,138195.1514441981,20729.272716629715,4567.296960097567
4.65013478073674,139575.10233432744,20936.265350149115,4502.2921565366105
4.554017687377567,144049.89647387917,21607.484471081876,4744.7080697494075
2.378480526618153,69112.0466547696,10366.80699821544,4358.5839287721665
1.9931783919837078,54689.251252674694,8203.387687901204,4115.731798465262
5.9186364035202255,182356.4092742226,27353.461391133387,4621.5816492569775
2.306330323297681,76476.6511703223,11471.497675548344,4973.917898779542
1.8881896251015942,113947.01739323478,17092.052608985217,9052.084802163648
0.45619612711023877,19340.89198191499,2901.1337972872484,6359.400321226743
2.2674182722547584,74332.13235940358,11149.819853910536,4917.407604210126
3.940559340627411,130616.23725440058,19592.435588160086,4971.993540653191
4.49385316166951,97848.69086206914,14677.30362931037,3266.0843826631863
2.3883987124738186,102898.86884654098,15434.830326981146,6462.417789111222
1.8476474171129453,99009.81481085916,14851.472221628872,8038.044533861957
3.3839033747106266,103725.75590204974,15558.86338530746,4597.90415458833
4.734381762216158,158450.5252117187,23767.578781757802,5020.207489696021
4.421543238968595,145193.20716857875,21778.98107528681,4925.651497273869
4.62344570733666,158998.05152885715,23849.707729328573,5158.427121028576
3.004056040227705,108123.39596082867,16218.5093941243,5398.870452794532
4.034774909045328,138912.09667223328,20836.814500834993,5164.306552546995
4.313830683813505,115493.58410824994,17324.03761623749,4015.9289703328654
6.219922143177323,104517.175294284,15677.576294142598,2520.542208287839
3.5386705272835637,110139.52036161209,16520.928054241813,4668.68218639275
2.7656669574154917,108216.12439552284,16232.418659328425,5869.2600769608125
3.4231920272466354,134461.60876946698,20169.241315420048,5891.93979037241
3.543408750326683,77065.01929854571,11559.752894781856,3262.32554844713
2.3834791861357076,118941.85231030418,17841.277846545625,7485.392761273225
3.4574797783995166,72759.37942545993,10913.90691381899,3156.607590882596
3.563421155730292,235370.2966180509,35305.54449270763,9907.766427196862
2.2784715154748287,61623.90261359816,9243.585392039724,4056.9238321653456
4.935963207931452,156638.9396674998,23495.84095012497,4760.132918407942
5.873975674526461,175498.24550430645,26324.736825645967,4481.587647665595
4.076419791231606,126761.71140041079,19014.256710061618,4664.450101768555
5.531675033298972,132530.5711811352,19879.58567717028,3593.7732345991626
4.418825629516323,82849.24539489001,12427.386809233501,2812.3732075379003
4.582863590531884,114383.07907335005,17157.461861002506,3743.8299268713827
3.1373121105983155,80610.09029573151,12091.513544359726,3854.0996617814217
0.8312557612717828,35163.45252054924,5274.517878082385,6345.240687430084
3.7349249421431368,54403.118383098605,8160.46775746479,2184.9080995941604
1.7672407050555077,76045.93041772621,11406.889562658931,6454.632654186544
5.175464460250132,231197.65524730366,34679.648287095544,6700.779911339487
4.820100709061745,128806.40313945091,19320.960470917635,4008.414271219355
2.9007609767774754,89086.33795500605,13362.950693250907,4606.705206058076
3.3481375023336857,54279.583455951906,8141.937518392786,2431.7811059784053
1.8877511027870966,39777.91244494449,5966.686866741674,3160.738117399265
4.183637789445492,95945.0575281523,14391.758629222846,3440.010668593363
2.870083082676468,148463.85017732534,22269.5775265988,7759.210059463339
5.705043518813592,264320.74055755424,39648.111083633135,6949.6597094982835
3.182503553362283,56638.6011670167,8495.790175052505,2669.530460092272
3.2158270653495484,94899.27088980458,14234.890633470686,4426.509990804933
5.719128910534503,278958.4380417531,41843.76570626296,7316.457866369774
3.762858175604753,144981.1395282535,21747.170929238022,5779.428805004827
2.579194672686507,98416.45736560998,14762.468604841497,5723.673657198124
5.701530306653957,156160.15020507947,23424.02253076192,4108.374641703644
2.393364000030291,55796.72733144682,8369.509099717023,3496.964565194052
2.69046908101963,83347.01280221887,12502.051920332831,4646.79263870032
2.917236738392767,95416.5531782833,14312.482976742494,4906.178092569843
3.5080116499379326,174435.75083204964,26165.362624807447,7458.7445070971735
4.353325486160801,90366.53120880682,13554.979681321021,3113.706917714338
2.727713652248095,104714.62096171193,15707.19314425679,5758.37318235784
3.6085895876561898,91322.60133181524,13698.390199772286,3796.051024098174
4.33702581350703,88248.33705049883,13237.250557574824,3052.149359210487
5.720596824159572,169129.30956450713,25369.39643467607,4434.746445953767
1.3852795772571176,65073.708987777616,9761.056348166641,7046.271747897805
2.597645123727408,116778.94211764741,17516.84131764711,6743.354262537555
1.5757432706106786,69110.74287518868,10366.611431278301,6578.870825360228
4.891506715629282,206325.4762616464,30948.82143924696,6327.05283637037
4.285818042187232,174952.28819743422,26242.843229615133,6123.181845634845
4.3568146836956645,153280.77847880876,22992.116771821315,5277.276735653642
2.7094808885271275,62716.68594753562,9407.502892130342,3472.068369983689
5.441386548272143,164440.03246322784,24666.004869484175,4533.036690311335
3.2568299581665827,111088.71981709429,16663.307972564144,5116.41939757416
1.7692363000617384,70068.95177378645,10510.342766067968,5940.609948880884
5.9075060093115095,177657.25280381905,26648.587920572856,4510.970937408935
3.46970592095199,121743.47177374366,18261.52076606155,5263.132144943022
2.892736781933628,109313.30829256464,16396.996243884696,5668.333305087042
3.30888309857405,96889.42995221911,14533.414492832866,4392.241750425085
3.5788318680088733,115451.87413019665,17317.781119529496,4838.94794676802
4.232766005688083,171114.02575754808,25667.103863632212,6063.908051883851
5.3907930225369745,139000.27059263125,20850.040588894688,3867.7130622021914
1.287817175386199,40961.885243296994,6144.282786494549,4771.083119505656
5.605557229161965,68071.0119180272,10210.65178770408,1821.523065465265
3.7286912501976937,164502.11130170457,24675.316695255686,6617.688362893391
4.892543589994392,146566.7562227425,21985.01343341137,4493.575382419142
0.9682685883015657,31663.66096016409,4749.549144024613,4905.198001265093
3.617415691860499,115292.52822146131,17293.879233219195,4780.72765375899
5.027592572498872,135434.3752132,20315.15628198,4040.732415968768
4.656647367439741,157018.18711612042,23552.728067418062,5057.872372321704
3.1319234066350154,72737.94892813312,10910.692339219968,3483.703437991345
2.3984744041144026,91815.59851566215,13772.339777349322,5742.124974827293
2.478690767916516,123222.60094824915,18483.39014223737,7456.916522819721
5.030939868653848,169313.69267276837,25397.053900915256,5048.172819388292
2.3534762653065573,78302.03924910967,11745.30588736645,4990.620071469699
3.2490163778799435,59750.503210145864,8962.575481521879,2758.5504162247903
3.9247721067424606,135823.5589325767,20373.533839886506,5191.010658908404
0.8425743320569393,31649.531605020562,4747.429740753084,5634.434328379544
2.426305028157005,28954.19880632929,4343.129820949393,1790.018060609794
2.227081074007907,117820.1724143238,17673.02586214857,7935.5107761496
3.2073887774000096,124105.87393868441,18615.88109080266,5804.061304315333
4.157929298904733,183884.1210854358,27582.618162815368,6633.7390994313155
4.715729632402101,114872.59468710916,17230.889203066374,3653.9179610026317
5.779246645719689,157313.39135592664,23597.008703388994,4083.059635612846
0.3296911762538983,10007.962760338869,1501.1944140508303,4553.335127461059
3.9933685010626006,209489.46850433102,31423.420275649652,7868.900720604211
4.488175070279103,150885.24985454755,22632.787478182134,5042.759501084855
3.796422632833735,126295.26629314508,18944.289943971762,4990.037141842482
2.8439720464083234,58730.00732223229,8809.501098334844,3097.604672120613
2.642076819969144,79823.75790011903,11973.563685017854,4531.875679965161
5.063562399300012,184300.0403661162,27645.00605491743,5459.596204193926
3.33374818102421,163117.976334355,24467.696450153246,7339.395515661342
5.883489121600942,239459.9508895414,35918.992633431204,6105.049553258522
4.436332441065254,145547.4777283638,21832.121659254568,4921.209568778897
2.6591297071208473,122906.18502331736,18435.927753497603,6933.068253168803
4.1136517287052445,113548.34766481792,17032.252149722688,4140.421521557325
3.54036594670499,130749.80711090901,19612.47106663635,5539.67340152778
3.9366540839040463,114225.45847593625,17133.818771390437,4352.381084598253
3.710473973435857,63045.7280767549,9456.859211513234,2548.6930454753438
3.588452881764715,138039.3474602055,20705.902119030823,5770.147414851426
3.2242640607602553,158098.34977086686,23714.752465630027,7355.090035658643
2.933107494959864,42980.06439551169,6447.0096593267535,2198.0134278764212
2.553387372587425,123563.70271994238,18534.555407991356,7258.810632093683
3.686967518189103,148715.67062579474,22307.35059386921,6050.324686566733
4.613705678627935,105808.71538249133,15871.307307373698,3440.034630057644
3.3868667909817773,111706.71571068779,16756.007356603168,4947.347619699555
3.894878694327373,111438.11328419505,16715.716992629255,4291.716971050873
2.5393175774252463,94831.73713548543,14224.760570322813,5601.804475652108
3.1397059571380894,88171.35934754899,13225.703902132349,4212.402079266005
3.071661028792368,111400.34956766828,16710.052435150243,5440.070463022363
5.139602556435586,240228.19675155278,36034.22951273291,7011.092612134459
4.282643092387962,166575.914619302,24986.387192895298,5834.337966968693
1.9999060852458919,98353.67861515192,14753.051792272787,7376.872294710216
2.773509800784291,71765.75423827964,10764.863135741945,3881.3142584525444
3.5051656932529527,90405.11777966986,13560.767666950478,3868.7950452822874
2.349345472613691,104153.7740207312,15623.066103109679,6649.965398970771
3.9781295236814036,178385.53152877567,26757.82972931635,6726.233917229112
4.096518742217547,85631.52716961678,12844.729075442516,3135.523082823575
1.6887157003080666,55437.30688350571,8315.596032525857,4924.213134874551
2.1407260313881205,70172.73012466637,10525.909518699955,4916.981138345196
2.932982730227336,80972.4446148097,12145.866692221456,4141.131336044392
3.618094074925986,89208.16962099641,13381.225443149462,3698.4183291096974
5.508423661700916,87272.38823857419,13090.858235786129,2376.516230369956
1.738303193448768,68627.59029473012,10294.138544209518,5921.946518309098
2.7676087952450876,84435.53792417624,12665.330688626436,4576.272018786112
1.183858203203132,44178.52884786902,6626.779327180353,5597.612373889425
5.134864279051099,200702.3731780137,30105.355976702052,5862.931197524347
2.8161088662109948,104760.94935128785,15714.142402693178,5580.0905253482515
3.2685520635920313,100630.8836146123,15094.632542191845,4618.14046357987
1.9696711496929578,57042.01316852007,8556.30197527801,4344.025639311318
3.973996548544616,145166.15261566886,21774.92289235033,5479.351234042941
4.3047373510076925,106281.1745366099,15942.176180491486,3703.4027585352205
1.9467736539224376,42445.9844939945,6366.897674099176,3270.486870043107
3.992174167316659,159820.2117002182,23973.03175503273,6005.006482757291
3.2195211194029008,149360.11083013538,22404.016624520307,6958.804056137207
0.8982771040715465,35570.68096861977,5335.602145292964,5939.817592042278
4.889650231985337,169430.85511343632,25414.628267015447,5197.637266724574
5.716071833296649,122364.96200343863,18354.744300515795,3211.0765637334553
5.815626074436388,147126.2282530319,22068.934237954785,3794.764992708642
2.3102350012888473,97496.30082797706,14624.445124196558,6330.284631666384
3.431267365398746,90618.51110186921,13592.776665280382,3961.4449175110467
1.6405060240561573,49877.91959010147,7481.68793851522,4560.597662431448
3.7599359294284747,119057.08804488355,17858.56320673253,4749.698809215375
4.88650335713731,185240.74070284024,27786.111105426036,5686.29735306355
4.507186062011871,212263.1942843205,31839.479142648073,7064.159035057874
3.321109781378337,60122.489704027226,9018.373455604084,2715.4698426925384
1.9577648948866853,44963.71911513095,6744.557867269643,3445.029525703093
2.4959514665556957,100905.30507336139,15135.795761004209,6064.138651658539
2.8690504303812467,90086.75588391659,13513.013382587487,4709.925360493522
2.647945496067092,86610.4151221422,12991.562268321331,4906.280090589961
6.070274503515466,193059.38570438712,28958.907855658068,4770.6092762175995
2.6380495392315764,80455.90271568898,12068.385407353346,4574.737975113493
2.43198443103445,120786.9757904503,18118.046368567546,7449.9022844735055
3.744460888784863,115884.38845917738,17382.658268876607,4642.232563021256
4.253518141798598,150422.79469384075,22563.41920407611,5304.648634820487
4.504454535352713,183951.9159162315,27592.787387434724,6125.666752961049
3.077132983213757,79832.79778549197,11974.919667823795,3891.5834099952326
3.2014958395243514,145086.61033620857,21762.991550431285,6797.7572488942005
4.496111416372415,127613.1613737296,19141.97420605944,4257.451035655986
1.742003939789097,50327.76988821284,7549.1654832319255,4333.609879289881
2.5925658808400103,62816.21130387237,9422.431695580855,3634.403956796623
3.6625478954998005,212410.90883449963,31861.636325174943,8699.309124209289
0.5008248706351367,10270.63012334186,1540.594518501279,3076.114244381526
3.6662767037386406,119852.90822779288,17977.93623416893,4903.5950330306905
2.650302160972597,65500.39652234858,9825.059478352287,3707.1469144283255
5.418902437994274,228310.65123676605,34246.597685514906,6319.840240229675
4.112502953693632,117816.04156287154,17672.40623443073,4297.238551174368
3.971235208716635,128355.80846817303,19253.371270225955,4848.207234858792
3.689509839495351,113525.3906993236,17028.80860489854,4615.466375129041
3.6123814481355137,110454.2727807088,16568.140917106317,4586.487101371246
4.734511298169537,132907.5874738161,19936.138121072414,4210.812239223116
3.839281806206246,161540.37439545602,24231.056159318403,6311.351284541969
2.5162344317409384,39335.977448724516,5900.396617308677,2344.9311967431813
3.3127964613878347,75943.34218555833,11391.501327833748,3438.636046798206
5.351211882282648,183129.45896190344,27469.418844285516,5133.3080148132685
0.9256920938087272,39462.973202543435,5919.445980381515,6394.616546875933
2.324202007424544,52772.97678321798,7915.946517482696,3405.87715361901
1.702868536504972,39025.39244110793,5853.808866166189,3437.6164340793766
2.4412174575365944,81097.74407171077,12164.661610756615,4983.030730507655
0.9991206948305393,45911.44882049079,6886.717323073618,6892.77817855797
3.081165474441082,109116.25004290469,16367.437506435703,5312.092986308931
3.3754836484446042,110272.15912904395,16540.82386935659,4900.282623788881
4.870561148768973,180811.33915236645,27121.700872854966,5568.496122815322
3.7445890602194174,90069.00627093302,13510.350940639953,3607.9662476630488
1.8988239274036416,78725.11861339338,11808.767792009006,6218.990408529207
4.792605569391055,208038.13520374327,31205.720280561487,6511.2223045983865
3.328069743245929,151836.28979914874,22775.44346987231,6843.439358833565
4.8939466416452175,103362.21963258531,15504.332944887796,3168.0633403219213
2.367614982477785,57431.84448373081,8614.776672559621,3638.58851051195
4.038561621514731,116841.44470086704,17526.216705130057,4339.717539968241
4.174584694457017,180619.14520238366,27092.87178035755,6489.956190452015
2.1979074537172987,90120.46339262677,13518.069508894016,6150.427073729169
4.167126211161483,102579.49760794485,15386.924641191727,3692.454670554124
3.3150854717893536,110238.54721129483,16535.782081694226,4988.040948690489
1.4847578173280116,33186.97637173633,4978.046455760449,3352.7666247408633
4.332321015597731,134581.18492196544,20187.177738294817,4659.668031435013
3.8127790800771875,79392.16875430863,11908.825313146293,3123.3976747756406
5.809511260934332,157417.3686437462,23612.605296561927,4064.473625405171
2.4510987920250717,74663.87801656696,11199.581702485044,4569.208609185462
4.543533255454912,112969.11465411668,16945.367198117503,3729.5572069981213
2.3373796725528586,65960.2726624559,9894.040899368385,4232.962669929541
3.45057100169485,56801.59452307122,8520.239178460683,2469.225868494146
2.4930550872478694,106148.76786814436,15922.315180221654,6386.668012939336
3.701566979606826,124829.84857190584,18724.477285785873,5058.527209947922
5.493187549017233,159478.3715005655,23921.755725084822,4354.804111751942
5.458435932809414,170604.19157658107,25590.62873648716,4688.271338437395
3.6418185704199875,154777.30277490968,23216.59541623645,6375.000557361382
2.861380390418511,83152.81599289223,12472.922398933833,4359.057761316914
2.878886371416374,105406.61228011808,15810.991842017711,5492.051370627355
3.5589779870678253,142410.16152514287,21361.52422877143,6002.151265445389
2.518579112633758,82840.7421033881,12426.111315508215,4933.778436093609
1.8036051815488698,38774.54886138974,5816.182329208461,3224.7536149866996
4.729701079248447,111382.29854188657,16707.344781282984,3532.4314372818235
3.194393809101109,174973.26068569635,26245.98910285445,8216.265955711948
0.26995047692599333,7556.178281536022,1133.4267422304033,4198.646933826796
1.4675936615008862,43315.02321311118,6497.253481966676,4427.147413080288
3.661532374852173,132891.96305834223,19933.794458751334,5444.11257856381
3.9636311791779413,144680.90031734025,21702.135047601038,5475.316462744667
3.4573940174570086,132709.92125777586,19906.48818866638,5757.6568039844215
4.035427514651394,111483.86938946339,16722.580408419508,4143.942704386332
2.7434019603312505,57689.08228973557,8653.362343460334,3154.245155680901
2.176665247044153,50031.41109702937,7504.711664554405,3447.8024008264847
2.496200231465735,105000.25895635552,15750.038843453327,6309.605553639869
5.14902335333784,178038.33636522162,26705.750454783243,5186.566193659098
2.5868280430615043,103777.04378525425,15566.556567788137,6017.6232469496335
3.08425926632748,103727.00861752346,15559.05129262852,5044.663871969216
3.2174294749872208,125312.07584528805,18796.81137679321,5842.182873912991
4.618695698326732,140960.37990092774,21144.05698513916,4577.928135165791
3.323711760391101,86265.48165948567,12939.82224892285,3893.184241524067
6.927948508543442,143429.17598631207,21514.37639794681,3105.4469257985397
2.108094261398633,53582.90568335478,8037.435852503217,3812.6548701720353
2.66081736891153,85918.20611717508,12887.730917576262,4843.52329782344
4.52058269110714,210228.7436765925,31534.311551488874,6975.718332400591
1.019161958119192,37918.30139563992,5687.745209345988,5580.806037778738
2.1066792430630383,78440.15773279799,11766.023659919698,5585.10447124941
2.9740552387935417,135623.3024445067,20343.495366676005,6840.321962186744
4.918862899566696,137498.08161515737,20624.712242273603,4192.983757300989
4.031278811075519,116201.20778879887,17430.18116831983,4323.734969764983
2.582659499666804,79811.92747030855,11971.789120546282,4635.450055297958
1.9136740839715454,68425.72192189643,10263.858288284464,5363.430677277792
2.763195739096121,95270.60980814144,14290.591471221216,5171.762271136052
6.523688979012827,188171.17858136943,28225.676787205415,4326.643541408769
3.792901293739888,112263.20162180414,16839.48024327062,4439.73595386304
6.773684760897165,202318.04127629794,30347.70619144469,4480.235981254194
2.912595635373926,55288.00595096461,8293.20089264469,2847.357453922707
1.0549403077422654,28464.295960771582,4269.644394115737,4047.2852945143713
3.085004159368963,77768.68309424765,11665.302464137147,3781.2922970331692
3.3774295455626047,94330.77846163526,14149.61676924529,4189.463193343468
0.2417293370585121,8479.288513582289,1271.8932770373433,5261.642184247887
1.1465071818014225,50711.1226525923,7606.668397888844,6634.645223885162
2.634071173850423,88910.0244469605,13336.503667044073,5063.07642687919
4.360563134609993,187655.19814968604,28148.279722452906,6455.193710885343
3.0603586181134244,156055.62966614278,23408.344449921417,7648.889352827423
3.861407907804509,103559.85446834555,15533.978170251832,4022.8793593277815
0.6500119544240404,15137.540757153709,2270.631113573056,3493.2143910876325
3.3565492923511804,61020.07441160077,9153.011161740114,2726.9109923687893
3.402861141932939,93640.4266195686,14046.063992935291,4127.721763267912
4.73180489476906,109231.71631086724,16384.757446630087,3462.6866092351343
3.062425337152183,116384.85756962582,17457.728635443873,5700.621799216892
4.691352076336911,148337.6464863218,22250.64697294827,4742.90707900183
1.4268165132598094,64431.273637211336,9664.6910455817,6773.604703733797
2.512205068269446,75900.33666198365,11385.050499297546,4531.895362801825
2.686915486985605,85226.58882383318,12783.988323574977,4757.867668520184
3.220678058339406,113736.87159808913,17060.53073971337,5297.186005766079
5.349025670403288,141753.47533316704,21263.021299975055,3975.1204443877605
4.685620775046294,124595.61365932749,18689.34204889912,3988.658695648384
1.6616297716332815,91400.85467889873,13710.128201834808,8251.012611767652
5.122264159610622,147052.97145993574,22057.94571899036,4306.2882021818905
2.810509511117174,72012.56053760315,10801.884080640471,3843.3899753453375
1.1524606825664698,43693.84195672172,6554.076293508258,5687.0281066011485
3.469215618860409,104610.79400634828,15691.61910095224,4523.1028638418065
3.5666766663953857,106721.94044905162,16008.291067357743,4488.293323077224
1.6348357752516156,76525.53233230751,11478.829849846126,7021.396291673048
3.6734602699170202,162648.36628203126,24397.254942304688,6641.491441217029
4.005684344590692,186561.7327222917,27984.259908343753,6986.137074463674
3.679934457442193,62731.399845042644,9409.709976756396,2557.0319486876924
2.808416482182508,40356.39382362122,6053.459073543183,2155.4705692507728
2.8558973496838007,121545.88889236572,18231.883333854857,6383.942103477023
3.096885417884294,92238.16589708811,13835.724884563217,4467.62570053864
1.5581384688614872,66800.71522861657,10020.107284292484,6430.819522487019
4.170143514130164,151005.23295141332,22650.784942711998,5431.655976817539
3.8808841910013814,199739.18996702685,29960.878495054025,7720.11660758247
2.3232542648279613,36956.67938450072,5543.501907675108,2386.093503237627
4.224308292698671,97427.34317330057,14614.101475995085,3459.5253147726494
1.7613609855504178,71843.62030344293,10776.54304551644,6118.304614399539
4.070941247171323,209332.23381104384,31399.835071656576,7713.163409929982
2.0470516205027196,80046.10705118341,12006.916057677512,5865.468138379835
1.8362598449564098,54519.0016567563,8177.850248513445,4453.5365030037865
3.9859774060960955,124993.93906591601,18749.0908598874,4703.76245264532
4.3418792746455965,106447.87709520849,15967.181564281273,3677.481697273719
3.559292409901849,84275.47976657115,12641.321964985673,3551.6390644999774
3.8283719834011656,111802.8344802356,16770.42517203534,4380.563133558489
3.20593738039346,53513.1378900186,8026.97068350279,2503.7827415448933
3.63470614121587,117575.43617672114,17636.31542650817,4852.198428511342
5.257828680445797,194295.3075372066,29144.296130580988,5543.028862650184
2.9069345816660106,113430.11441861768,17014.51716279265,5853.07879651057
3.7728770470200135,135387.6567368292,20308.14851052438,5382.669050019709
4.781553631662523,110341.96614789777,16551.294922184665,3461.488921212803
3.9382084276648324,167264.46713962278,25089.670070943415,6370.833472066987
1.5938380299190444,47155.06266196322,7073.259399294482,4437.878420841642
2.031034733581462,80044.25475169624,12006.638212754435,5911.586844988275
3.2990580495199753,86583.52545152348,12987.528817728522,3936.7384940735597
4.48637789445311,130314.1671857823,19547.125077867342,4356.9947823688935
4.379295141318671,162518.44213971053,24377.76632095658,5566.595886847687
3.8497198871960516,118944.26854991639,17841.640282487457,4634.529473645013
5.887766149435252,291108.14585999085,43666.22187899863,7416.432781248801
2.4190064623851204,88535.28618436494,13280.292927654742,5489.978275858131
3.5391483435717586,177807.9735696935,26671.196035454024,7536.049197795726
4.121165233652009,79850.05725324819,11977.508587987228,2906.3402967158504
1.7662464157357292,74394.35777062339,11159.153665593509,6318.004988531098
3.5208255187336093,153772.54724808177,23065.882087212263,6551.270991556757
2.631560848166536,77527.86497321932,11629.179745982898,4419.1186968316515
8.003312767012192,229451.02376286875,34417.65356443031,4300.425906918436
5.2392219278903145,134630.42868980032,20194.564303470048,3854.4968282345358
3.2249106775834693,118463.76311370799,17769.564467056196,5510.095082810638
3.986400666392984,83680.64483474546,12552.096725211819,3148.729336474182
6.29591202155074,182955.37171437513,27443.305757156268,4358.908711433476
2.126956402537552,81470.16830878203,12220.525246317304,5745.545715811421
7.084439997535472,178482.4870542738,26772.37305814107,3779.038719708914
3.5037063050924218,96289.40976683101,14443.411465024652,4122.323678794664
3.3750498833253726,118478.04178034102,17771.70626705115,5265.612918746264
4.641724307136596,74670.22798831423,11200.534198247135,2413.0115140674006
1.1321220019720626,15454.775199556228,2318.216279933434,2047.6735509912303
3.0265911882108876,74771.7096609451,11215.756449141763,3705.7388169334317
1.2538483536384741,27433.336145252924,4115.000421787939,3281.8964190101965
2.6729020172461304,62291.28495271361,9343.692742907042,3495.7109099471495
5.324189879739876,90924.34094528345,13638.651141792516,2561.638756290724
5.722361373866944,85687.42818912817,12853.114228369226,2246.120681414359
2.9496065351397243,71115.62122556964,10667.343183835446,3616.5309022581646
3.8347008601937844,226120.01091710897,33918.00163756635,8845.01891390097
3.986608445593801,70650.1535350997,10597.523030264954,2658.280384164105
3.9435805395955836,128205.20234411978,19230.780351617967,4876.47714013471
3.53883312927746,101404.32614358746,15210.648921538119,4298.21027606457
2.1089810435779675,58588.12689617006,8788.219034425509,4167.045057700451
2.3238270500567357,62724.902543128774,9408.735381469316,4048.810509043521
7.671975200623862,184865.0057584034,27729.75086376051,3614.421337220382
2.9609346993810686,97818.65090830578,14672.797636245867,4955.461408626457
4.109082714179547,161790.2438451812,24268.536576777176,5906.071565079903
8.041634800937793,132500.7392103173,19875.110881547593,2471.5261726670074
2.9032141154308557,116484.21973041617,17472.632959562423,6018.375588177853
1.6518834290880429,44731.75700908449,6709.763551362673,4061.886833665339
2.316139184888115,49777.29248261997,7466.593872392995,3223.724170425311
2.8538744537703846,62106.901542717605,9316.03523140764,3264.34655143985
5.586853491812809,273986.0921125372,41097.91381688057,7356.182487532033
3.5830662598734135,154018.17402955925,23102.726104433885,6447.7529659889915
2.4961337223781843,85131.16156835225,12769.674235252838,5115.781306414372
2.477580968799108,139933.8919932273,20990.083798984095,8472.007197067735
4.086336599467891,236317.25958282783,35447.588937424174,8674.662029075149
3.288817390995913,101918.82749264386,15287.824123896578,4648.425955710223
3.536493341091549,123953.3126107213,18592.996891608196,5257.466959027106
2.394502628509671,82033.46601745088,12305.01990261763,5138.8625579735635
3.912732070179914,66492.87572043977,9973.931358065965,2549.096431641778
4.041116788824862,166704.88692211913,25005.733038317867,6187.827361849005
2.5112884353289315,106042.19064723133,15906.3285970847,6333.931368979234
3.9857938585940595,125485.6721600646,18822.85082400969,4722.484777637051
1.8865023799600753,43331.189093966845,6499.678364095026,3445.3592177459013
2.6595854791778812,71589.5007035481,10738.425105532215,4037.631123197299
2.186311400057083,86275.42669851983,12941.314004777974,5919.245540429459
2.4890117476833207,60978.53599354178,9146.780399031266,3674.864294049535
4.329799377327116,102899.66631949348,15434.949947924022,3564.8187370409687
4.947789721583783,184361.6652656757,27654.249789851354,5589.212829562056
3.990794312206841,129201.59441890744,19380.239162836115,4856.236038915064
3.407818086730779,92490.40902451928,13873.561353677891,4071.0979872130474
2.384021253598194,80954.49517708254,12143.17427656238,5093.567961373974
3.5031433016768196,186475.9803508582,27971.39705262873,7984.656819274251
2.44628578835054,91405.04958244182,13710.757437366272,5604.724314165697
1.76025072867259,55712.33449802759,8356.850174704137,4747.5339953451185
2.5591973526936047,115388.08113565866,17308.212170348797,6763.140854350904
3.5414782640976497,106402.89083296743,15960.433624945113,4506.715115760212
4.550688619604598,160512.0511590465,24076.807673856976,5290.805345400444
4.496728699409089,165926.2650058852,24888.93975088278,5534.899126592497
3.006151847831924,82628.05963184669,12394.208944777003,4122.948397871474
3.5253873792648145,128753.07931104799,19312.961896657198,5478.252407168012
5.535366118341215,209198.46369508063,31379.769554262093,5668.9600802170025
5.955344842782543,204013.7676073754,30602.065141106308,5138.588268015051
3.9072715965455234,102737.59308825203,15410.638963237805,3944.0920812524473
4.872094840727584,84906.855642122,12736.028346318299,2614.0764419964244
3.5740029184495277,182707.41029630988,27406.11154444648,7668.183873877693
3.108292339418493,104875.7464879097,15731.361973186453,5061.09472834512
3.936058909252766,157925.22504034865,23688.783756052297,6018.401731835221
2.0713411982429526,73569.42552660161,11035.413828990242,5327.665880614552
3.2942671880160415,128507.46691620222,19276.120037430333,5851.4136641840805
2.2641534689655094,75943.22161468952,11391.483242203429,5031.2328198353935
4.519755261981094,139974.83030158022,20996.224545237033,4645.43395122549
4.302022661687636,107686.71439591525,16153.007159387285,3754.747110758045
2.291248409947166,71796.95276068409,10769.542914102612,4700.294768279162
3.5245243951771044,139034.7216125987,20855.208241889803,5917.16949680578
4.608278339175819,158556.56143822268,23783.484215733402,5161.034656597376
3.4522098060343405,108765.10431915965,16314.765647873948,4725.890535203369
4.309493366681739,149023.54677859278,22353.532016788915,5187.044071029834
5.561639495611631,178394.71386102572,26759.207079153857,4811.388278630429
2.909799219282458,78125.42302505275,11718.813453757912,4027.361536184518
3.8255191269514666,96539.1249579073,14480.868743686095,3785.334294021897
3.118540080029288,124213.45737055936,18632.018605583904,5974.596486638363
4.040980623999205,201059.9814974271,30158.997224614064,7463.286768934528
2.789595781149396,104110.63780860772,15616.595671291157,5598.15718708058
4.947731238248646,212172.62756973456,31825.89413546018,6432.421771301715
3.341944587222616,142917.0306237569,21437.554593563535,6414.694808383883
5.0293833309492255,155600.15031182204,23340.022546773307,4640.732473730175
3.249655555414866,118258.8660563394,17738.82990845091,5458.680037302073
2.2024055570042838,79787.87560950805,11968.181341426207,5434.140548439838
3.582528075565542,96899.40736376263,14534.911104564393,4057.1660006516195
5.850173176442167,142613.24250324492,21391.986375486737,3656.6415609078526
1.7880393368285639,39785.86036783654,5967.879055175481,3337.666533534255
4.00764200113968,158910.83012970042,23836.62451945506,5947.792869891193
3.904749734069228,181169.88502388878,27175.482753583317,6959.596543787489
3.928275873964043,102091.68315161308,15313.75247274196,3898.339364156921
2.5424680912634354,50852.149391249826,7627.822408687473,3000.1644602339766
2.6138515312835473,78643.56599658079,11796.534899487118,4513.085291303581
3.4820149935880216,114944.90079935179,17241.73511990277,4951.65447353118
4.4183787877209655,156573.59129124956,23486.03869368743,5315.533099823186
3.640367224599,84828.14702459742,12724.222053689613,3495.3127716644667
4.9671314882328925,147241.62535077354,22086.24380261603,4446.478587276826
4.847238757282373,107201.26725428751,16080.190088143125,3317.3917963056065
2.9322141488574807,79977.05631675216,11996.558447512823,4091.296828434993
1.9965739497414066,60341.06972776336,9051.160459164503,4533.345965140333
3.7223858859928534,66707.20176570902,10006.080264856353,2688.082474874171
6.40234227562294,315288.2432930583,47293.23649395874,7386.864753237076
4.099462655288883,137017.27463359007,20552.59119503851,5013.484186402523
3.2205128373596397,116852.18066296834,17527.82709944525,5442.557749223432
2.5394980814362818,66676.58107611381,10001.487161417072,3938.3716154494828
2.1543474302222525,88257.78721812856,13238.668082719285,6145.094285629464
2.6811176120364384,109957.65258548284,16493.647887822426,6151.780814753107
5.2058050540987155,227755.91400064045,34163.387100096064,6562.5559822294945
2.338732536718946,71110.08517565233,10666.51277634785,4560.809160038501
2.1728672082463025,43827.33337029899,6574.1000055448485,3025.5415428035903
0.975174163836049,42925.14420888701,6438.771631333051,6602.688904313064
2.5156751619709388,120508.09318006519,18076.21397700978,7185.432463723866
1.8459712733106346,76261.67975371012,11439.251963056518,6196.874311343389
3.755944197925835,100565.13794933092,15084.770692399637,4016.239298957099
1.0929233219647017,19506.048006534533,2925.90720098018,2677.1385898513
2.806202649107194,186676.6778562045,28001.501678430675,9978.431774105651
3.4092849098735205,118756.03009813771,17813.404514720656,5224.9679876069695
4.392706499921618,110514.4307318835,16577.164609782525,3773.792901956532
1.4203592123892217,42384.781054986306,6357.717158247946,4476.1332927559015
3.2676856897469784,75494.3000961544,11324.14501442316,3465.493957988354
4.706100080135569,157839.77900306124,23675.966850459186,5030.910190455863
2.683489120647567,47630.52928364194,7144.57939254629,2662.421597901688
4.21067611301979,231098.34883498895,34664.752325248344,8232.585787841008
3.401108183449827,75173.65435587172,11276.048153380758,3315.4041404067266
3.6705853810926623,104120.90170399459,15618.135255599187,4254.94400322326
3.2482178278735936,85667.91455150998,12850.187182726497,3956.073103366567
3.9887502823022385,198167.1643066546,29725.07464599819,7452.227525469803
3.444709966536116,147607.69540005794,22141.15431000869,6427.581574385226
2.5318820102153587,86840.20184863251,13026.030277294876,5144.801465762971
3.5499129015412048,129973.32636333065,19495.998954499595,5491.965435556279
2.0670327147952934,51894.85991852113,7784.228987778169,3765.8953978138043
6.042830378457423,161549.2375416121,24232.385631241814,4010.1052178511936
0.9927816776571388,25883.846656919,3882.5769985378497,3910.806460188031
0.24763714826027539,10783.971806547577,1617.5957709821366,6532.120816065877
4.7293661298215515,269649.0824751272,40447.362371269075,8552.385512346711
2.7192294461342432,88640.5056567832,13296.075848517481,4889.648377197324
2.8479094755437613,36339.9853614211,5450.997804213165,1914.0347862259166
2.632433004018257,41876.74015270738,6281.511022906107,2386.1997677881045
2.565238241976876,97003.13839391293,14550.470759086938,5672.1713098561
3.345949025603242,100850.07339814636,15127.511009721953,4521.1421016775985
4.084751829874105,123811.49480850656,18571.72422127598,4546.5979317153215
5.830429706964071,179209.97813834116,26881.496720751173,4610.551549681315
4.895531073190035,141933.15826667487,21289.97374000123,4348.858871838029
2.2613883967887096,74415.52477201827,11162.32871580274,4936.051114286176
3.5550217074790673,147076.63100500984,22061.494650751476,6205.727128005555
3.671037131871219,121657.75199242745,18248.662798864116,4970.982897566693
2.6227536837962027,87175.12585795081,13076.268878692621,4985.702225672174
0.23639837605918076,8347.539731835775,1252.1309597753664,5296.698651863428
4.571847990399368,126035.0206553,18905.253098295,4135.144724407943
4.870504771622559,109356.86468525854,16403.52970278878,3367.9321696515062
4.857606201114476,188260.92083473384,28239.138125210076,5813.3856381217565
5.33737384187474,150899.27107587073,22634.890661380607,4240.829166545725
3.5981301698790467,136320.4178089598,20448.06267134397,5682.9691272762775
3.2712584126928,129772.9583719721,19465.943755795815,5950.597996253083
2.0778471246701953,72177.06741751854,10826.560112627782,5210.470002381056
4.511621635883156,207867.9117185674,31180.186757785108,6911.081928899728
3.407256076643665,112136.4197946102,16820.46296919153,4936.659467567994
2.6873536539418352,82451.14311578176,12367.671467367263,4602.174875356002
5.192720611000533,224511.66362507676,33676.749543761514,6485.376754608925
4.20315673518425,77086.47381040933,11562.971071561398,2751.0206732879597
3.2690026597213877,94125.1605441281,14118.774081619214,4318.98519251206
1.0491724556687334,26502.075366523775,3975.311304978566,3788.9970171250225
4.131526782875962,112451.32907025848,16867.699360538772,4082.679417800395
1.526178012585604,100390.37198634478,15058.555797951716,9866.841006600516
4.3720181481355205,111622.70624060975,16743.40593609146,3829.674390357188
1.6758031012474148,40320.1098115088,6048.016471726321,3609.025706674232
2.0322385891690637,62515.30169844692,9377.295254767037,4614.268868204693
5.309938408303014,165538.602658543,24830.79039878145,4676.28595464576
1.839392197558978,79285.08623915039,11892.762935872559,6465.593880225879
1.5042689325466678,66048.36710963122,9907.255066444683,6586.092986492842
1.8693889925062348,79318.84215743125,11897.826323614687,6364.553536641735
2.7660903455796095,122028.72549213105,18304.308823819658,6617.393699042087
1.183126035608197,32299.221150258087,4844.883172538713,4094.9848340106514
3.0927739641157177,101414.99343494678,15212.249015242016,4918.6423552913875
2.9995576498405985,96944.24156547127,14541.63623482069,4847.926905353346
4.186247838569876,145879.14765022832,21881.872147534246,5227.0847286981525
3.384793480397168,125368.58158307649,18805.287237461474,5555.815250286668
3.749903435971528,142692.0161456617,21403.802421849254,5707.827624714272
4.198194552287686,105940.75938479467,15891.1139077192,3785.225698761338
3.3013175728017212,148882.79086293932,22332.418629440897,6764.69868074161
3.5188593905311487,111537.55072186021,16730.632608279033,4754.561280083901
2.9718861787279085,121125.91483796234,18168.88722569435,6113.587847254431
5.349848050559293,174541.42171612382,26181.21325741857,4893.823714242031
4.356036560785629,42427.16449482903,6364.074674224354,1460.9782506225263
4.111862891059106,158602.3349591016,23790.35024386524,5785.78393155942
5.075497340985619,163691.89783249306,24553.784674873958,4837.710085393488
2.8058039515357143,57442.59264853797,8616.388897280694,3070.9162315366493
2.8179032648445506,62844.75248639714,9426.712872959572,3345.2932861694935
2.506932400423866,170595.091468646,25589.263720296898,10207.400772342457
3.5197061276625137,113851.55802612181,17077.73370391827,4852.0339722963845
1.017315791975555,36165.14696098115,5424.772044147172,5332.4366798756255
3.299570394857632,89571.85465596942,13435.778198395414,4071.97804275824
2.486845046924846,58783.626721330795,8817.544008199618,3545.674877935445
3.26925494015204,140575.45156931833,21086.317735397748,6449.884796814625
4.479617917522432,175921.39222874166,26388.20883431125,5890.727584397628
2.6756806927211003,101898.9392036832,15284.84088055248,5712.505577415584
2.3399586324346315,67835.47862529106,10175.321793793659,4348.504991819727
4.596439985968797,98652.25024890188,14797.837537335281,3219.4127591152096
3.2856816573853966,66680.74850842232,10002.112276263348,3044.1513570802217
2.8419266750538803,82311.87554456448,12346.781331684671,4344.510870059865
0.2493500030720039,2474.8083914303543,371.22125871455313,1488.7557815965092
3.4771229374167363,96134.94156963211,14420.241235444815,4147.1761266393605
3.3068207186695417,97989.62005746258,14698.443008619388,4444.886572058592
6.023517296433571,102421.85331272795,15363.277996909192,2550.5493287129007
3.6014799899696355,117801.27740932842,17670.191611399263,4906.369509371685
4.35347286069641,89600.11441714349,13440.017162571523,3087.194429052113
4.899068000478037,138331.88045116168,20749.782067674252,4235.455001981917
5.239762308085505,250929.9197090067,37639.487956351004,7183.434236753318
1.7814565838478322,90927.08583586548,13639.062875379821,7656.129820419377
1.9381617241860527,93878.34734384489,14081.752101576732,7265.5196549660905
1.9033126973133432,63623.249842710626,9543.487476406593,5014.145857313873
4.166000103166419,140138.06673848574,21020.71001077286,5045.777602068663
1.3681379098600688,26354.998044012984,3953.2497066019473,2889.5111217306157
2.69975755214048,79170.64881003714,11875.59732150557,4398.7643675966765
3.510718992782579,204730.05000152683,30709.507500229025,8747.355616716226
5.830244747277072,96184.16389220144,14427.624583830215,2474.6173118321353
4.397501079098388,210587.61292386428,31588.14193857964,7183.202771392178
4.522194452650982,152669.7270649859,22900.459059747885,5064.014672417121
2.2251379816714434,71503.51374449806,10725.52706167471,4820.162682054477
1.7271738455142847,75794.34408289254,11369.15161243388,6582.517238760405
3.947014036798089,115159.51757032285,17273.927635548425,4376.45457414219
3.250618289995489,52236.64303598688,7835.496455398032,2410.463412303296
4.431981855618189,183497.30554211928,27524.595831317893,6210.4486723984255
3.3641317789663256,81903.08771053264,12285.463156579895,3651.8971204970953
1.6523729099872366,36098.052521487756,5414.707878223163,3276.928498098524
2.9302857236276076,108510.10321003466,16276.5154815052,5554.583073679024
3.858897434254014,115805.8636053445,17370.879540801674,4501.513667247738
2.9913150267195427,136249.62788941912,20437.444183412867,6832.260728428128
2.6257844534349104,73702.29328975044,11055.343993462566,4210.301412593314
3.7085051514414675,125261.56664327884,18789.234996491825,5066.525251876377
2.9343542600449717,90132.84014797417,13519.926022196125,4607.462093547259
0.7695672376185606,16076.602050160756,2411.490307524113,3133.56674978331
2.8513772816474905,74846.00261884062,11226.900392826092,3937.360539794765
3.5223167266102227,126110.7716057497,18916.615740862453,5370.503906690772
5.562826366150297,118263.4120850964,17739.51181276446,3188.9386159361516
2.8116772828139496,114183.64231871512,17127.546347807267,6091.576175010341
3.825905739003219,118501.90278338303,17775.285417507454,4646.033287306898
3.2710049751186063,96128.0892434028,14419.21338651042,4408.190600806892
3.2664759434889366,111492.85380948747,16723.92807142312,5119.8687395077595
1.454716536153297,54479.368264450975,8171.905239667646,5617.524126917944
3.1722763955380167,137052.90456424683,20557.935684637025,6480.499528210375
1.4494110545769998,52578.09445229742,7886.714167844612,5441.323317453442
3.9551158578183228,152933.10866253727,22939.96629938059,5800.074416033537
1.8096709516626321,56923.402578282,8538.5103867423,4718.266809166362
0.663705147636503,15530.898985663345,2329.6348478495015,3510.044868787717
5.440707524689639,192116.36508331515,28817.454762497273,5296.637364115826
2.194975976689778,116994.25586529664,17549.138379794495,7995.139156948853
2.187625760574315,86509.12336510899,12976.368504766348,5931.713156166015
4.874451778500792,217875.7420863133,32681.361312946992,6704.62296028675
3.834615245198024,95859.86985169555,14378.980477754332,3749.7844133803796
2.5605340263007883,69836.0062189224,10475.40093283836,4091.100069453951
4.153621517338352,124652.31860540385,18697.847790810578,4501.577168926116
4.270576201807284,107830.2340500058,16174.53510750087,3787.436248217722
3.786075465497024,146690.64993955835,22003.597490933753,5811.716562824822
7.011812016460361,175452.90842721428,26317.936264082142,3753.371625237569
4.233953336576084,227617.48071662788,34142.62210749418,8064.005290881325
5.744065943436402,226601.99268898033,33990.29890334705,5917.463211261859
1.0256902614256067,18626.651319309334,2793.9976978964,2724.016989313151
2.1003789827152897,25631.631300216028,3844.744695032404,1830.5004604750256
2.8825484208515335,77431.14771061472,11614.672156592207,4029.306870467459
1.5538879845832723,30042.004628742907,4506.300694311436,2900.016435560478
4.445635546660864,158808.04806241975,23821.20720936296,5358.33559888983
4.314895739540912,149055.44416647343,22358.316624971016,5181.658601871538
1.3395428405576773,39370.72932973807,5905.60939946071,4408.675273873355
3.0954619943193884,119569.12985062465,17935.369477593697,5794.084860517636
3.660409685969923,146288.3651077695,21943.254766165424,5994.753770396871
3.5285676574969544,155231.3859627852,23284.707894417777,6598.912123718539
3.165623477122792,165610.30348931518,24841.545523397275,7847.283703485654
3.191730394187597,131911.3624813798,19786.70437220697,6199.36583874383
2.8805329556985977,112455.95476150274,16868.39321422541,5855.997301073899
1.3546961919042932,22842.48967541692,3426.373451312538,2529.255985060453
2.887962781994486,75162.89032972946,11274.433549459418,3903.940043740129
3.2378725898577856,76262.9216479659,11439.438247194883,3533.010620315152
3.455479890693195,117903.8738292893,17685.581074393394,5118.125885214032
2.13726012250113,99990.07569627205,14998.511354440807,7017.634960076262
0.9522328459475673,22876.197501369526,3431.4296252054287,3603.5615026394216
4.95547149218604,135067.3293362647,20260.099400439703,4088.430219482956
3.6085845285183984,136323.98050019678,20448.597075029516,5666.6532025024335
2.386859919924058,56366.86694242049,8455.030041363074,3542.323523381332
3.0277329432283566,117826.71707844069,17674.007561766102,5837.373339446834
3.8688988287975206,114400.24534354897,17160.036801532344,4435.380081227349
5.065529308310275,253918.89095441235,38087.83364316185,7519.023447495743
4.309477089714004,191655.00459928298,28748.250689892448,6670.937121004699
3.4618694224070174,164430.00030154915,24664.500045232373,7124.618821724157
4.434552210192292,108616.55243425896,16292.482865138843,3673.986029004801
3.0232725127492217,110532.89753393576,16579.934630090363,5484.101932648258
1.8505196292781338,47687.7401629387,7153.161024440805,3865.487785844871
3.0645284839285782,118464.28768349053,17769.64315252358,5798.491756795078
2.3758662083168636,62659.4507838135,9398.917617572026,3955.996168753335
3.4054660649022863,137169.824631393,20575.47369470895,6041.896557644695
2.867508500909772,55918.603947852294,8387.790592177844,2925.1144641826368
3.8224538259159035,165927.56437430545,24889.134656145816,6511.297661046852
5.388447548323697,215930.78518700157,32389.617778050233,6010.936821334818
4.104573286920657,236566.25515298056,35484.93827294708,8645.219805435287
4.1456671775129825,118850.30281618996,17827.54542242849,4300.283804529473
1.4617084792536863,64509.271763277415,9676.390764491613,6619.91833654283
3.875675037906806,160633.74008169217,24095.061012253824,6216.997239600151
1.3121790360498151,55565.3028373853,8334.795425607796,6351.873636618117
3.792086019530952,96860.13620104827,14529.02043015724,3831.405816040627
1.471253674342642,64702.19636314481,9705.329454471721,6596.639059411746
2.698736386427773,84866.36958201329,12729.955437301993,4717.00589258079
2.6441648260551163,70765.4012797738,10614.81019196607,4014.4283319139836
6.161359833606149,193944.63465540716,29091.695198311074,4721.635480472199
4.417575225884376,166567.64640756565,24985.146961134848,5655.85093259684
2.409423451795028,96630.86789493362,14494.630184240043,6015.808542679162
3.551213176410402,100902.66056565587,15135.399084848379,4262.036192416749
4.197510587211057,254436.52187122093,38165.478280683135,9092.407865977853
3.09216466498062,93021.8749343946,13953.28124015919,4512.463840681861
2.7147860063203715,49336.24670055526,7400.437005083289,2725.974344885423
0.8031990981294604,31721.628235322227,4758.2442352983335,5924.115510562233
4.7521865140139665,240256.32711994328,36038.44906799149,7583.551058384569
4.006153064600645,145736.76872074165,21860.515308111248,5456.734916415487
3.6010399510552786,173018.48085144509,25952.772127716762,7207.021438379585
2.381175819197787,51689.497183511325,7753.424577526698,3256.132753833696
2.9959124122359926,135843.148392795,20376.47225891925,6801.4245595755965
2.7902978394587334,54322.803065931876,8148.420459889781,2920.2690639901098
2.5050782438274917,121359.98101712034,18203.997152568052,7266.837751444558
4.6252718084260485,71939.54329256211,10790.931493884316,2333.037265880468
3.05063228540016,108396.93159169838,16259.539738754756,5329.891713455706
0.23288044963034557,8753.601115844034,1313.040167376605,5638.258468930356
3.8887977951976898,171931.89429597568,25789.78414439635,6631.8141242119555
1.6458987697835727,74768.71061080942,11215.306591621413,6814.092578182173
2.2414086700324454,67438.37515627273,10115.75627344091,4513.124451015209
4.316440836939994,185414.33890387436,27812.150835581153,6443.306392054643
2.8308982899097495,89862.42480957895,13479.363721436843,4761.514664614309
1.3740714330337864,41956.84555354585,6293.526833031877,4580.203533623079
3.2030408478878774,87134.89437727391,13070.234156591087,4080.5705507033267
4.238483955659223,121808.4533224545,18271.267998368174,4310.8026807491815
5.738504521444384,238997.3239828908,35849.59859743362,6247.202291723604
0.8629163254345641,33942.48103224159,5091.372154836238,5900.192179435505
1.7746846053210752,37984.70421744394,5697.705632616591,3210.5454769444877
2.050523508925601,42828.47191257572,6424.270786886357,3132.9905553008944
7.2540805540542355,248571.49291923692,37285.72393788554,5139.965521481135
6.560597501122871,203589.73421334766,30538.460132002147,4654.829095486406
2.989700706645223,99507.2438855429,14926.086582831434,4992.501941634207
3.393589183175271,108224.02353962918,16233.603530944376,4783.608932815822
4.048588215680334,67029.64323211675,10054.446484817512,2483.4450799111314
3.0782576746004864,123799.21642973371,18569.882464460057,6032.595197499235
3.9689545017859644,123309.40781551799,18496.4111723277,4660.272916710085
3.2365112645693723,117880.30312750884,17682.045469126326,5463.3041641766
2.195459022201765,45416.72548262644,6812.508822393966,3102.999761554142
3.7515976261753434,112491.63499588572,16873.745249382857,4497.749207338422
2.334692416643714,71406.16591444929,10710.924887167394,4587.724194763568
2.6227099732432833,73051.3415457451,10957.701231861765,4178.007230555998
5.533042384689187,214096.66149512155,32114.49922426823,5804.130348456066
2.7272226737603646,75927.07015423822,11389.060523135731,4176.0655016233795
2.80750006483419,108980.66634408894,16347.09995161334,5822.653454712848
2.1902791883845762,50567.162045459554,7585.074306818933,3463.0627670864405
2.777879784807257,37563.74551530851,5634.5618272962765,2028.3677710290945
3.4526160612880457,63871.88857167813,9580.783285751719,2774.9344600388254
3.6071892929237963,111482.4630398787,16722.369455981803,4635.8447250844265
3.131316070357229,130112.14189764475,19516.82128464671,6232.785463404267
3.520849792209963,81105.66542019372,12165.849813029057,3455.373143139063
2.684432321079296,80627.84176907784,12094.176265361677,4505.301240188884
2.02483545379488,48724.12883854884,7308.619325782325,3609.4880263404866
4.605610584584943,110742.6154585593,16611.392318783895,3606.7730898444843
2.252887882100461,51897.64489230798,7784.646733846197,3455.4079657919983
2.4873332233341405,57601.93546487125,8640.290319730686,3473.7164440512024
4.646904815373362,245270.23459730606,36790.53518959591,7917.212994740441
2.2655857687059555,59768.84513157661,8965.32676973649,3957.1782686723245
3.831936935642348,143998.24217720205,21599.736326580307,5636.767172672569
4.923564393351223,137960.05970706255,20694.00895605938,4203.054393683679
3.9541172944446616,80663.11228113601,12099.466842170401,3059.9665971390255
2.6458209052219557,89850.06902144516,13477.510353216774,5093.88610794356
2.601988360938855,68648.28049256366,10297.242073884549,3957.4512432365664
5.427533469805623,162730.25658133745,24409.538487200618,4497.353839086468
3.4954179733818886,57211.62843549293,8581.74426532394,2455.1410820322944
3.0760428490086977,103272.66486070293,15490.89972910544,5035.983076145257
3.9253298370831815,109868.0696621227,16480.210449318405,4198.4269178165305
3.943776090922086,129639.44051356535,19445.916077034803,4930.786035697121
2.987770985048851,102586.76355194223,15388.014532791334,5150.332676029965
3.652133351741099,173684.35239341817,26052.652859012724,7133.543698943117
4.106414217382299,213449.35454643262,32017.40318196489,7796.924880699178
1.2384876779753817,56985.19386836582,8547.779080254873,6901.787746672102
3.1240224621019714,122371.18100527857,18355.677150791784,5875.654664288593
2.58948988830568,127318.94769773613,19097.84215466042,7375.136794666636
2.5531491118606624,76160.77821692407,11424.11673253861,4474.519987676333
3.875274175185147,182582.725988331,27387.408898249647,7067.218385120112
1.6483892814650198,54457.51249139279,8168.626873708918,4955.520498440139
2.201450194092264,82269.99147953554,12340.498721930331,5605.622491504404
2.422775240079789,84286.40822532431,12642.961233798645,5218.37974263856
4.902155051626623,87831.26400630728,13174.68960094609,2687.53017034304
2.118645568016088,86133.84655994695,12920.076983992041,6098.2720182359135
2.9362239154530716,86244.52702520443,12936.679053780665,4405.889818448836
6.531757699199791,282209.7626866559,42331.46440299838,6480.868757300111
4.903370402969082,180803.60320703386,27120.54048105508,5530.999751646967
2.635220268580461,76794.36914828751,11519.155372243127,4371.230560718273
2.2988625614747353,100002.6287063931,15000.394305958964,6525.137499449342
5.349974555168915,177061.2361751886,26559.185426278287,4964.357335235912
2.7500491322137237,147951.01315452272,22192.651973178406,8069.91108384811
5.9442406673490895,170190.8035381705,25528.620530725573,4294.681517683299
3.0475358225934945,79286.86232828972,11893.029349243458,3902.5068257023236
3.8436079512506147,100433.18012778295,15064.977019167442,3919.4884624654997
3.756980100878426,234154.42257799738,35123.163386699605,9348.77546423187
1.8227154527677507,54854.490502358465,8228.173575353769,4514.239215374775
2.2298006871563443,107725.55964393754,16158.83394659063,7246.7615781381455
2.7455623490940657,113737.142343145,17060.57135147175,6213.87139763958
3.931757214513577,159436.22602999167,23915.43390449875,6082.632420999445
2.3749680881583495,63686.94300850956,9553.041451276433,4022.387289710602
2.9999985077459743,50740.41519859366,7611.062279789049,2537.022021890125
2.9316511589870773,81883.19259708148,12282.47888956222,4189.611322585179
1.4827963915282305,61504.00439373756,9225.600659060634,6221.758234488521
0.2240348184222537,6195.313344046313,929.297001606947,4148.002565634408
1.5482668580094523,49870.16340394463,7480.524510591694,4831.547269705895
2.026064830190992,55447.23164370053,8317.08474655508,4105.0437392820495
5.06395303520444,134096.01710882256,20114.402566323384,3972.0752594837863
2.7542185103338808,111304.77507936774,16695.71626190516,6061.87061747734
3.880490868177776,143879.82859691142,21581.974289536713,5561.660888451286
5.474149575487733,142544.2304545617,21381.634568184254,3905.9280849627144
2.794357576324348,64341.34034351694,9651.20105152754,3453.8174832379796
2.430165897382592,76659.12715657856,11498.869073486783,4731.721849060441
5.5531067630539415,266401.91847609536,39960.2877714143,7196.023681244347
4.687618300355526,169009.52721136232,25351.429081704347,5408.168382605214
4.468816661128757,100119.67518713363,15017.951278070044,3360.6102950477116
4.325713543402607,162457.7707546592,24368.66561319888,5633.44414018467
4.744143805584821,153868.34024493428,23080.25103674014,4864.998191996203
4.855370730517995,93960.34577157703,14094.051865736556,2902.7756371206965
3.2151098686087094,111605.79116921443,16740.868675382164,5206.93517780981
4.582286639337615,96570.56746866912,14485.585120300368,3161.213223971146
2.0042144116893255,68869.40486017661,10330.410729026491,5154.344100499271
2.60267321999584,38858.14926253822,5828.722389380733,2239.5137217380097
4.922987306265416,206548.04433607004,30982.206650410506,6293.375286785707
5.331375672851544,173028.21923876944,25954.232885815414,4868.205596161546
2.2789496348782095,85898.2056217911,12884.730843268664,5653.802368457013
3.1704356454399165,128734.17848935076,19310.12677340261,6090.685613245816
1.1444360516632284,25811.526648560557,3871.7289972840836,3383.0889822609433
2.1505235472494113,42323.687529031195,6348.553129354679,2952.096542944011
1.5173891037092992,62856.02530545926,9428.40379581889,6213.570252198923
2.4744684552816727,118845.16003641451,17826.774005462175,7204.284203911149
5.18443363924297,154607.64383070602,23191.1465746059,4473.226621913569
2.3943466161712004,100138.94359487992,15020.841539231988,6273.461593982502
3.0678968622354335,118497.86528578206,17774.679792867308,5793.767062923924
3.5031277992082726,126229.81943719088,18934.47291557863,5405.01917168364
3.8659538684066086,87343.3314541369,13101.499718120534,3388.943625320715
1.7790057868783868,59490.07784673621,8923.51167701043,5016.0104833995365
3.162033258369478,92470.66656413421,13870.599984620132,4386.607872610611
4.891182897138641,115317.65408462801,17297.6481126942,3536.4958694988454
2.410694833223428,102004.88634870885,15300.732952306327,6347.021921413072
3.746797267426689,127925.85500489738,19188.878250734608,5121.408200426489
4.033959290365118,145523.64385480364,21828.546578220547,5411.196545874121
4.292190067952894,160288.9235932108,24043.33853898162,5601.648146594959
3.245221993674279,79186.96306102828,11878.044459154242,3660.163921700092
4.536922624434423,181868.1117144722,27280.21675717083,6012.934099922325
2.9362880909607165,117080.90936854921,17562.13640528238,5981.067205001765
5.151820809251429,115906.68721171374,17386.00308175706,3374.729775254602
2.5937856766656378,51440.51700028674,7716.07755004301,2974.8323539060398
5.380293938829574,195215.75836581318,29282.363754871974,5442.521187093737
2.5255716400686508,86213.35320710116,12932.002981065174,5120.426114981895
3.5685704279334614,86965.72280516016,13044.858420774022,3655.4857706222224
1.225314295100583,53689.525567862554,8053.428835179383,6572.541320525683
3.4104573011817445,119903.89079062028,17985.583618593042,5273.657468856428
4.591396978589104,183839.34964217592,27575.90244632639,6005.993943655951
2.900813331191291,125650.3373406836,18847.55060110254,6497.333143929784
1.572085605409817,72978.74123136226,10946.811184704338,6963.241153684302
4.209413492455181,82980.8264344068,12447.12396516102,2956.973456627829
1.8348418529841375,81529.85905949035,12229.478858923552,6665.140561860335
2.883361033588461,88057.75136656013,13208.662704984019,4580.995078699977
3.971265044267372,144459.8548814326,21668.97823221489,5456.442214426016
5.279778598176419,143596.94246493027,21539.541369739538,4079.6296604518743
3.0471547993758326,113072.52757102523,16960.879135653784,5566.136364036374
2.8946892432151903,88611.05899526125,13291.658849289188,4591.7394692515845
4.65974988012213,101211.0173298969,15181.652599484534,3258.0402360752096
4.761320819995877,227539.24726244467,34130.8870893667,7168.365329643183
2.9043385078448756,90766.88686608497,13615.033029912745,4687.82581408377
0.22384813446393498,6484.221179039164,972.6331768558746,4345.058220766987
4.755793451902998,178657.9102979272,26798.68654468908,5634.955936525327
4.854347687540699,126700.53042477247,19005.07956371587,3915.063523878775
5.054317082743319,202390.47138324642,30358.57070748696,6006.463427302293
3.5267510453228144,152355.5501070234,22853.332516053506,6479.995957288125
1.7898895276519702,67250.74941856843,10087.612412785265,5635.885487311886
1.2175763567167173,21211.85492729331,3181.778239093996,2613.206327095486
3.8773423162196465,70641.8786904413,10596.281803566195,2732.8724005718996
4.063402158978143,82276.87528850239,12341.531293275357,3037.2409154743827
5.559572920054572,201971.4661197911,30295.71991796866,5449.289064756305
4.392377057064132,128407.62465321679,19261.143697982516,4385.129839207538
5.099771235606846,161110.60154414797,24166.590231622195,4738.759664921813
2.0591191794167134,68840.32084223637,10326.048126335454,5014.788959063803
4.2199317447858515,205315.20443299733,30797.280664949598,7298.0518471661835
3.588061142689814,93414.79003927234,14012.21850589085,3905.2340382880147
2.332614538610246,116615.83460196148,17492.37519029422,7499.042341010206
3.4949129854436176,142402.64133235218,21360.39619985283,6111.853510750999
3.3769261166265956,147823.88620645308,22173.58293096796,6566.203157893908
0.6801227908028651,20811.84513161008,3121.776769741512,4590.019349382993
5.491059054512942,175398.3681489492,26309.75522234238,4791.380854066605
4.183379792820869,85262.33641674735,12789.350462512102,3057.181297394993
2.906914024778516,100229.58455420348,15034.437683130522,5171.958150456832
2.8445085370206997,95194.64470470378,14279.196705705566,5019.916980337632
4.05301156020826,82569.46841352832,12385.420262029247,3055.856140068062
2.727491744711186,173838.72513497586,26075.808770246378,9560.362124215171
1.6507081224869522,32595.365515661666,4889.3048273492495,2961.9438838060823
3.343213345199683,83672.53924017838,12550.880886026756,3754.1369904040985
2.0761558423211444,60675.798208975546,9101.36973134633,4383.760383406956
3.344059797246649,45591.921451521375,6838.788217728206,2045.05560078769
1.2141210625151078,41859.70544326409,6278.9558164896125,5171.606036948627
2.054331570753446,65728.07528639644,9859.211292959466,4799.230773318401
4.727088406917817,212168.35683730588,31825.25352559588,6732.527675814458
4.473047288664441,184527.51185576263,27679.126778364393,6187.979914388252
2.8193643889579025,73291.81553495902,10993.772330243854,3899.379723068499
2.9056359055932375,102915.75606479183,15437.363409718773,5312.903581623025
1.4246641899056318,46928.88434008732,7039.332651013098,4941.0469504953135
3.196269605157101,124925.54928998952,18738.832393498426,5862.7195788690005
0.20247884688556447,9653.803940279535,1448.0705910419301,7151.712948367096
2.5440853144806126,142927.1729179813,21439.075937697195,8427.027118811102
3.5303888772534076,180465.07844688743,27069.761767033113,7667.643058090814
2.455309064423389,47480.74307815116,7122.111461722673,2900.6985576356547
4.687850636486959,177112.01014026316,26566.801521039473,5667.16040700231
3.926208336686952,146378.41500858805,21956.762251288208,5592.357910842795
3.450339357078345,57213.826300919056,8582.073945137858,2487.3130022795576
3.1739052894587827,111628.59800628737,16744.289700943104,5275.611013521565
2.6298192162854668,99790.7990958083,14968.619864371243,5691.881697295499
1.0564287812282505,31534.910334207972,4730.236550131196,4477.572586229254
3.2184604613485277,65923.51173442345,9888.526760163517,3072.4400311632994
5.684017683082856,136851.544682264,20527.7317023396,3611.482730505145
4.389675681120029,107103.90282773176,16065.585424159763,3659.8570352834395
3.3346959120311954,56409.36724966282,8461.405087449422,2537.384310491897
4.117235580804116,96188.44815478678,14428.267223218016,3504.357946017776
4.706694609053247,192372.79987568234,28855.91998135235,6130.824788557235
2.94522072339738,100600.68849888498,15090.103274832745,5123.589941817998
5.756914820527273,296628.47394482687,44494.271091724026,7728.839574466522
5.698713678601142,125375.79617738792,18806.369426608187,3300.107794014415
4.001099061467101,133965.5782503141,20094.836737547117,5022.32922225596
3.085815817133602,102456.90787148915,15368.536180723371,4980.380259700374
3.501412621612793,120669.42785025635,18100.414177538452,5169.460481695865
3.730201861282642,60152.97602164885,9022.946403247328,2418.8895772371843
1.2202775688822174,42908.607129479235,6436.291069421885,5274.448398914332
2.486681230152932,64877.24521467486,9731.58678220123,3913.483829048218
4.552535725353347,177681.94678016342,26652.292017024512,5854.38393565948
1.1018572241613962,41397.41405167478,6209.612107751217,5635.586872407395
5.02021711035838,246371.32893076603,36955.699339614905,7361.374722890568
6.278135408500056,260626.65834768355,39093.99875215253,6227.007894608743
4.439183644552036,174103.76271117493,26115.56440667624,5882.965540010138
2.336955682156236,90849.73932867314,13627.46089930097,5831.287689087599
2.5471052071312763,74089.9337676002,11113.49006514003,4363.184541425676
2.2830306593157634,46015.915997040975,6902.387399556146,3023.3441550122807
4.267216142455169,170076.61449354692,25511.49217403204,5978.4860486007265
5.15496039472019,135014.65273959385,20252.197910939078,3928.681572739486
2.73539261277709,76630.33899507737,11494.550849261605,4202.1575972568835
4.36865740900832,190092.83112153414,28513.92466823012,6526.930816189302
4.258122737189631,74474.74644829816,11171.211967244724,2623.5063328911333
2.2314523434129465,78238.85613945115,11735.828420917673,5259.278091042733
2.553977951263553,94821.38788401776,14223.208182602664,5569.04110137908
4.7163178585464225,161778.0167307629,24266.702509614435,5145.264428189637
6.021340038119201,179062.56239884338,26859.384359826505,4460.698812853656
1.9010195209196474,46031.76166690246,6904.764250035369,3632.1374788908442
5.2613854057978955,207214.46200346432,31082.169300519647,5907.601687241538
2.0126059951257207,63899.80081630249,9584.970122445373,4762.467241804391
3.66964515740774,95451.73326980312,14317.759990470468,3901.674242690163
3.3227507366125986,74923.16397423168,11238.47459613475,3382.280371591127
5.009421667287385,79921.1196990673,11988.167954860095,2393.124147073792
3.065843400819146,138879.73955743725,20831.960933615588,6794.854860509056
4.465843878509058,115078.66052218742,17261.799078328113,3865.2938947097814
3.6068789546141224,45445.788546391035,6816.868281958655,1889.9631420228654
4.087275386009021,154904.9159272181,23235.737389082715,5684.896463942699
6.402944179708069,232930.2251102176,34939.53376653264,5456.791873535534
3.3030724370462616,156149.44774789602,23422.417162184403,7091.100061713953
3.812381133571546,98676.74293414214,14801.51144012132,3882.4847048424162
2.2596448110205043,101357.13880543933,15203.5708208159,6728.301167805944
2.8089805656528344,140829.28006601238,21124.392009901854,7520.305504496198
5.449300900415533,132511.57066266195,19876.735599399293,3647.575342716642
2.883395076212739,82662.35721913431,12399.353582870146,4300.261759188533
4.012456798737867,146200.43673946138,21930.065510919205,5465.495732643747
1.6118874158174257,78242.45914083906,11736.368871125858,7281.134374496045
2.156180295168226,50180.2211062724,7527.03316594086,3490.9108402521597
4.460969444719156,122120.4717478659,18318.070762179883,4106.298191274232
5.625853926879433,160264.156695949,24039.623504392348,4273.062154979684
3.684728379464735,121304.36759714484,18195.655139571725,4938.126576975786
2.3227765406429506,90179.20309607392,13526.880464411088,5823.582349711011
3.264054967521263,90129.95653876392,13519.493480814586,4141.931926802491
2.3493857652709518,75475.98879865347,11321.398319798021,4818.8758471056535
2.1248525787041355,71858.54678963867,10778.7820184458,5072.719927242838
2.9700944227293444,89252.81320472274,13387.92198070841,4507.574533070126
3.881821409407232,80104.26962944376,12015.640444416564,3095.3614752337085
5.524865230938656,140623.8024577188,21093.570368657816,3817.9339200051563
2.502024411570516,83620.87300105202,12543.130950157803,5013.192873799542
3.7088330234996123,78771.34389097367,11815.70158364605,3185.827323252447
3.824652088252773,91482.40778019605,13722.361167029407,3587.8717463418307
2.0108864132546747,65810.12202876489,9871.518304314734,4909.038242661061
4.790542879195773,142618.35674888964,21392.753512333446,4465.621966403277
5.200362573823052,309140.5684856479,46371.08527284719,8916.894661588458
1.3568907176399587,33082.55317222877,4962.382975834315,3657.1721740903295
3.3526991080768638,95492.48437122602,14323.872655683903,4272.3406407621815
4.353458390188425,135518.12392627503,20327.718588941254,4669.3264910386415
3.923301409882906,118318.11093188563,17747.716639782844,4523.6689169676965
4.481630278662497,134857.9584750582,20228.693771258728,4513.690892256245
4.3202675056828665,53023.272907571234,7953.490936135685,1840.9718670600114
4.801666448452137,147779.94237710032,22166.991356565046,4616.520450667869
0.7530509981586706,18951.063154801952,2842.6594732202925,3774.8565238888823
3.5138245141127955,143611.9739736777,21541.796096051654,6130.583929143865
1.4583677574908405,29976.69772647071,4496.504658970606,3083.244700024745
1.905154751114565,88397.84255308234,13259.67638296235,6959.894662207937
0.5389630763635377,13634.484848516144,2045.1727272774215,3794.6434866679538
3.573423094537957,156520.19658779295,23478.02948816894,6570.179031991913
3.651613266903815,107180.98941153183,16077.148411729773,4402.752218435637
2.104720699741866,57836.37993186556,8675.456989779834,4121.9041513887505
3.0870343413589145,109338.0400448474,16400.70600672711,5312.770832185659
2.676466435891336,49173.01878631965,7375.952817947947,2755.854778911716
1.8533746791236325,66980.18866374865,10047.028299562297,5420.937499973308
2.8053456137101795,84333.73677833597,12650.060516750395,4509.269893494582
2.054263932550661,38781.574673711075,5817.236201056661,2831.786173568133
4.42066582123326,180676.22888592488,27101.43433288873,6130.622722648616
3.2518083064584236,120016.62054045378,18002.493081068067,5536.148316403915
2.8127185802547676,78116.02740801875,11717.404111202812,4165.8643681805825
0.528405781694055,14614.089820209629,2192.1134730314443,4148.541800590421
4.934806686305455,109306.16372638948,16395.92455895842,3322.505946273159
4.3717553860317055,187457.6254349134,28118.64381523701,6431.8886425072005
3.302052339532612,74920.65558278808,11238.098337418212,3403.3677185773818
3.7573395536241097,125251.03130276254,18787.65469541438,5000.254682144155
2.5722953498667547,128230.07768794228,19234.51165319134,7477.567322970005
2.1397179803981277,72854.76842589433,10928.215263884149,5107.315713564638
3.8302844943549332,112436.13208484853,16865.41981272728,4403.176797332811
3.2734886057404613,116650.97688296884,17497.646532445324,5345.2596418881885
0.7893582224483652,33652.751503014646,5047.912725452196,6394.958058199487
2.741057106658525,98676.75241430046,14801.512862145068,5399.9286721132175
1.8005195301739596,73667.05049143813,11050.05757371572,6137.149521865005
2.3021585344465993,67610.49257959811,10141.573886939716,4405.245657583517
6.234180562753731,218662.20594182305,32799.33089127346,5261.209642728972
3.2484778611456515,145403.68182903345,21810.552274355017,6714.083705241265
2.697104875141594,106720.9743773691,16008.146156605364,5935.307263780375
2.527359191835596,59590.04203451239,8938.50630517686,3536.698041992563
2.8308116848034013,153809.9153057644,23071.487295864663,8150.131433934282
5.919995941276181,196768.49538544778,29515.274307817166,4985.6916458382775
1.836075744050107,50060.3768664658,7509.056529969869,4089.731349212217
3.26881869030582,119199.59734879818,17879.939602319726,5469.847457537309
1.7055730225563657,52966.57756242888,7944.986634364332,4658.250646141283
2.5208733301443953,100365.5321111225,15054.829816668374,5972.069138359298
1.450853676482287,78449.4986738785,11767.424801081774,8110.690272786746
2.083227872998246,61381.625731676715,9207.243859751507,4419.700782180951
4.301488306678359,198564.12464023553,29784.61869603533,6924.258901225569
1.5590845361861172,36103.95812314898,5415.593718472347,3473.5728517455163
2.449824954302864,96089.39122862386,14413.40868429358,5883.444308532297
3.6531089222553605,112608.3425342851,16891.251380142763,4623.801736991303
2.407321713330405,104276.53516799524,15641.480275199287,6497.461551809005
3.1729299450662762,52950.563032692735,7942.58445490391,2503.2334758144198
5.731557905012366,192028.54280711408,28804.28142106711,5025.558826837842
4.446510089413821,156050.4862632663,23407.572939489943,5264.257241925147
3.2592394053836666,129097.1987650202,19364.57981475303,5941.441362903962
0.6310933522681198,22544.471362356486,3381.670704353473,5358.431826606805
5.907659784088925,160444.62369147106,24066.69355372066,4073.8117009614166
1.507939446794118,37287.92749080359,5593.189123620538,3709.160295203941
2.6901477837131926,69080.4924927096,10362.07387390644,3851.8604578681325
1.6985843873567512,41463.06292728931,6219.459439093397,3661.5545776749996
2.954094807385694,83960.3286279636,12594.04929419454,4263.251559397305
1.4663500883169425,65201.787471172494,9780.268120675873,6669.804297486378
1.868244921437644,58932.18629693953,8839.82794454093,4731.621557273413
2.9361078596529473,67603.45029189448,10140.517543784172,3453.7278698551618
1.406756110999306,47915.09361028536,7187.264041542804,5109.104545803071
4.167699319480807,97607.7482160953,14641.162232414294,3513.008283485821
2.151099043104418,122496.47995638517,18374.471993457773,8541.89957099332
1.6657942896309128,42418.61215555806,6362.791823333709,3819.674411744743
4.064883739847518,167144.78587299274,25071.71788094891,6167.880678892282
5.739602310264733,290393.089230914,43558.9633846371,7589.195388456799
3.2642001888517282,90214.4225394093,13532.163380911394,4145.629127505106
4.164042349157775,199939.30451900695,29990.89567785104,7202.35126425096
5.02124057767613,106050.39631268298,15907.559446902445,3168.053631531949
3.6520618381514045,148120.92181130196,22218.138271695294,6083.724552413833
3.935939324676526,108583.83151106157,16287.574726659233,4138.167126851688
3.698774105037211,91572.9708801969,13735.945632029534,3713.6481552964005
2.773306026435928,125501.512789567,18825.226918435048,6788.009234822167
2.524831300314502,83280.44552449704,12492.066828674557,4947.683762918537
4.689072405239536,175660.4144740419,26349.062171106285,5619.248306267148
5.706372682461535,160725.73284270742,24108.859926406112,4224.901047999264
4.740498552600526,119257.629189221,17888.64437838315,3773.5787027231263
3.348583965535422,72533.51508212919,10880.027262319378,3249.142734451252
3.540281779072909,142128.4439146318,21319.26658719477,6021.912355455963
5.538281462221612,147232.23516527042,22084.835274790563,3987.6693565392593
3.59751085256971,141141.0969018796,21171.164535281936,5884.94806628848
3.610761291250078,148277.14755022302,22241.572132533453,6159.801310164489
1.1489607187515756,40965.98075172254,6144.897112758381,5348.222104090061
2.896965705035661,105358.67804770874,15803.801707156312,5455.294717395272
2.299823420295743,85498.50530636552,12824.775795954827,5576.417599184915
4.431014527880888,107612.43719679145,16141.865579518717,3642.9277037912334
4.290576773436464,132666.20191017244,19899.930286525865,4638.054820444888
3.888893967492107,155168.44105756265,23275.266158634397,5985.060624742178
1.7695774615262723,90767.76117344003,13615.164176016004,7694.0198844264405
4.794608666977761,87993.69338572185,13199.054007858278,2752.8949544443603
3.212963256269368,145904.76527373915,21885.714791060873,6811.691589798255
3.346873564786747,153465.4780637764,23019.82170956646,6878.007568545008
3.6768032435830893,137595.14073617692,20639.271110426536,5613.3738313158465
1.3174679926902588,44157.94331598558,6623.691497397837,5027.591967431644
2.8234655020605417,75899.94266267917,11384.991399401875,4032.2757232532867
3.4980258608626773,132179.33462787187,19826.90019418078,5668.025618681705
5.1761882654925975,76475.18132179724,11471.277198269585,2216.1630547218724
1.0978280560211968,53572.561429281195,8035.884214392179,7319.802195178207
3.196515983422959,134408.80173214767,20161.32025982215,6307.279664603019
4.769866042426276,216553.68504019163,32483.052756028745,6810.055558605513
3.6640696155973322,147004.26958114724,22050.640437172086,6018.073549505226
4.291393513391794,112176.18014810345,16826.427022215517,3920.9704189808485
5.838207511656231,183511.79043563438,27526.768565345155,4714.934936859779
2.0102118581426733,35761.527661060965,5364.229149159145,2668.4894566861235
5.462153334179881,167214.50090829472,25082.17513624421,4591.993963129962
3.5415643106850303,90570.09388747427,13585.514083121141,3836.020721728289
4.922096333301456,229964.56375030012,34494.684562545015,7008.128696946487
3.19376666478878,152941.21884131082,22941.182826196622,7183.111740479588
3.567763022750306,114096.4342837575,17114.465142563622,4796.973631216817
3.0569655173533397,110007.94432321971,16501.191648482956,5397.899176425569
3.7852551239946393,91373.9707493852,13706.09561240778,3620.9172601141668
2.740599887879273,92899.96782918283,13934.995174377424,5084.651442922076
3.261131413532795,132781.3504283186,19917.20256424779,6107.451690415449
1.5848654614876936,55313.17727417129,8296.976591125693,5235.1299165403125
2.137628151326622,73501.54587116542,11025.231880674814,5157.693995483968
1.8655740723141796,55408.09842061818,8311.214763092727,4455.044099526402
4.728879923942628,138947.0315913256,20842.054738698836,4407.3977504005015
3.7503383826653733,71601.32588182116,10740.198882273175,2863.794619684449
2.5068878332443196,75883.26381304677,11382.489571957014,4540.486184109093
1.7397613958493547,35164.391100789966,5274.658665118494,3031.828777039507
4.845334549180632,65040.16479186981,9756.02471878047,2013.4883607635018
5.327776245106141,180456.77288912723,27068.515933369083,5080.640531447435
3.682922643204098,119884.21391071143,17982.632086606714,4882.706977239696
4.457958576130387,169971.12454837436,25495.668682256153,5719.135395014593
3.644064358798989,130608.96555273098,19591.344832909646,5376.234584223031
4.5768767301355195,151694.3409449948,22754.15114174922,4971.545550250264
3.8794788474973374,167829.3391961737,25174.400879426055,6489.119252619751
2.5848262197699694,55879.54078317213,8381.931117475819,3242.744542502261
5.671767107262026,174196.09188808198,26129.413783212298,4606.926428582845
4.039790139829526,110738.91310066514,16610.83696509977,4111.806898414958
0.6969099686829767,22996.036010037016,3449.405401505552,4949.571044340566
4.973371760054458,312364.7764531992,46854.71646797988,9421.116845579794
5.177067783761731,133638.71483504734,20045.8072252571,3872.038779969678
2.654510862473193,103368.25065799835,15505.23759869975,5841.090280660448
4.849957703325559,193359.15882715597,29003.873824073395,5980.2323233016605
4.076727005020049,158260.52437959332,23739.078656938997,5823.072927794008
5.020032504596184,243409.01054363628,36511.35158154544,7273.130512226124
3.2255435253683147,95252.24542223936,14287.836813335904,4429.590455365013
4.7134738283565865,192052.84778802615,28807.92716820392,6111.824997286169
2.862301779981434,85548.9741007809,12832.346115117136,4483.226124116225
2.630945398224412,101683.10066231861,15252.465099347792,5797.332437853505
2.3623194810185097,84763.59932628757,12714.539898943136,5382.227087024354
3.3750039129044436,48456.36820615892,7268.455230923838,2153.6138678632783
4.537949665834594,135887.03046788787,20383.05457018318,4491.688112727104
2.2069660233092177,57662.803723659374,8649.420558548905,3919.145318594258
3.2621962041865733,142713.269022929,21406.99035343935,6562.140660321555
4.780179909709452,178709.9971945364,26806.49957918046,5607.8432371826375
3.017948960900526,86354.62687114821,12953.194030672232,4292.052052068875
3.239276316844842,82872.14144280499,12430.821216420749,3837.5303618830403
4.46207973103694,145526.1437029596,21828.92155544394,4892.095809854821
2.8786892655814156,111083.15391284812,16662.473086927217,5788.215243009863
6.309817371974328,209586.85093468433,31438.02764020265,4982.398980331464
3.5623085600881605,139504.569852606,20925.685477890896,5874.1922898933335
2.5127948172738286,74101.53926144645,11115.230889216968,4423.453444271291
4.499022937043814,182069.32986573724,27310.399479860585,6070.295675755214
2.7883781738597344,59145.48493083468,8871.822739625202,3181.714310776085
5.75042738327898,274521.1425692174,41178.171385382615,7160.888859342869
2.8536652534932276,79693.89973267722,11954.084959901584,4189.02845919589
2.3764482414954156,75943.15397182773,11391.47309577416,4793.486723954865
3.8611179004659184,162713.33836085134,24407.0007541277,6321.2264901785375
4.795262465247312,182709.44929211604,27406.417393817406,5715.31122486826
2.480329903595233,59902.72987046766,8985.409480570148,3622.667076482776
0.9050665605060151,20837.581770070014,3125.637265510502,3453.4888392771736
1.9224200643428624,33714.488900945464,5057.17333514182,2630.6286690107477
2.474591544240744,69152.97847082328,10372.946770623492,4191.7813849986815
3.965673124226731,112070.42932181084,16810.564398271625,4239.019170686068
1.82469270321198,39396.63849220282,5909.495773830423,3238.6252016177978
2.662983964665693,103060.90604819739,15459.135907229607,5805.193013683926
2.7703839458005963,104058.18190063992,15608.727285095987,5634.138657479592
2.6975729669616926,82931.89479006155,12439.784218509232,4611.472746377757
4.323588901550294,117230.12986224875,17584.519479337312,4067.111809134327
3.9879605730961547,65462.43351883632,9819.365027825448,2462.2522835530276
5.379489294995624,233995.53993512355,35099.33099026853,6524.658581051621
2.107852229400246,78558.62924617903,11783.794386926855,5590.427176329972
4.857471025740133,276407.81155576225,41461.17173336434,8535.5468954232
4.693134816207933,123952.2057558013,18592.830863370196,3961.7082379903286
3.8716703637260315,116656.69990011299,17498.50498501695,4519.626760832159
4.687993389066133,185011.49387346124,27751.724081019183,5919.744713323377
2.722711535087398,63880.95156692204,9582.142735038306,3519.33820808921
4.8577469636989195,117921.26561548334,17688.1898423225,3641.2332660600073
2.0201591958172265,40834.72879292059,6125.2093189380885,3032.042886333135
2.6833257094079426,120376.30840622111,18056.446260933168,6729.129526701102
2.949274682980834,114149.55260392644,17122.432890588963,5805.641973396424
2.4235892352243806,140567.73323870832,21085.159985806247,8699.972618855993
2.9097639040471006,87603.56203603793,13140.534305405688,4516.013923716947
3.507846883275267,82804.66642928545,12420.699964392817,3540.832988923292
2.8211094135455523,92162.60633157394,13824.390949736091,4900.338456693065
3.563333519213493,80925.00638890945,12138.750958336417,3406.5716534487374
2.932612081941369,141681.38451986748,21252.20767798012,7246.852663824295
3.4923755985836844,168742.64390059476,25311.396585089213,7247.615804942093
3.4420735240398934,180864.91173041705,27129.73675956256,7881.800481623915
1.639500348819534,59222.06147108052,8883.309220662077,5418.3027329382385
0.21991936762325717,9571.617527209437,1435.7426290814155,6528.495623636839
2.538143260510616,42109.99630298315,6316.499445447472,2488.6299933191076
1.7120607238145706,61216.77366955648,9182.516050433473,5363.4289500983905
1.677988982328124,43777.371150409956,6566.6056725614935,3913.3783008817277
1.4446565306852688,45103.212183017095,6765.481827452564,4683.107495622767
4.082747907427758,148777.36475093983,22316.604712640972,5466.074619018307
3.7899244467101445,96920.91181212448,14538.136771818672,3835.9964627892637
2.139430713359273,65045.06077330032,9756.759115995048,4560.446409912132
2.628474466054608,103628.80434889422,15544.320652334132,5913.818396595066
2.4876441722825793,87376.5084801604,13106.47627202406,5268.629821763454
4.277687475450471,109573.22171873,16435.983257809497,3842.259013108168
3.112002332734953,198699.31644889474,29804.89746733421,9577.402032710068
2.9812485376388302,107684.98480193052,16152.747720289577,5418.115100555376
2.525893309953465,73847.7981261457,11077.169718921856,4385.446398417332
3.5596783332973296,66345.47240570812,9951.820860856218,2795.7079064607074
1.9980482172865457,65479.40812183073,9821.91121827461,4915.752849855286
2.099330573632042,119251.16324032219,17887.674486048327,8520.656399101998
2.358597603946474,92513.44900014398,13877.017350021597,5883.588335204855
1.6084182519424013,88831.13867973945,13324.670801960918,8284.33200498031
3.188608623416674,117163.83247575929,17574.574871363893,5511.675137017065
3.95242992945394,131742.52302361996,19761.37845354299,4999.804881113524
3.2333322506158133,69915.34399317777,10487.301598976665,3243.4964260104343
4.913698302274326,76983.65659086975,11547.548488630462,2350.072751370517
3.0920740307088743,95269.26541492865,14290.389812239298,4621.619557072232
2.3366282714726414,44704.62538752027,6705.69380812804,2869.8162604622726
1.2046566443700646,74546.51731877263,11181.977597815894,9282.294378298258
4.237480544742577,144952.16726319998,21742.825089479997,5131.073726451965
2.761100762881175,101932.35539890899,15289.853309836348,5537.593381373584
5.870120046426701,164458.7638822467,24668.814582337007,4202.4378355522
4.122166056878416,102321.21335351178,15348.182003026766,3723.32938344785
1.608754688978641,66914.97271845298,10037.245907767947,6239.140110379631
3.6976182143782386,88942.28356193428,13341.342534290141,3608.0908738528356
2.8972882705414595,74963.93988776107,11244.59098316416,3881.074278143098
4.591549087504424,146604.2671709788,21990.640075646817,4789.37274905604
3.2828633301930608,105919.57729512604,15887.936594268906,4839.658248378728
2.3203207097320644,80152.76113689337,12022.914170534006,5181.574305701187
2.7228383736028627,111405.9152769232,16710.887291538478,6137.304165221755
2.655706485106836,136224.43333759846,20433.66500063977,7694.248259448651
4.251972692756756,195481.6896375455,29322.253445631824,6896.152812924302
2.0706339016502433,38955.19063036363,5843.278594554544,2821.975719559888
4.296110143605686,198527.7669170918,29779.16503756377,6931.657718759135
3.614450093514718,112958.58971576294,16943.78845736444,4687.791508801322
2.378233479099033,106761.64755017639,16014.247132526458,6733.673238252989
4.059639167494759,111674.65450693585,16751.198176040376,4126.27760372548
3.255993073207407,129533.38276642004,19430.007414963005,5967.459689901285
5.369654370992031,162354.94077272475,24353.24111590871,4535.346119755844
5.556635895029754,236812.61861434483,35521.892792151724,6392.697571551342
3.8805632056484556,68078.20493671494,10211.73074050724,2631.507386773984
2.6650373462677277,82475.34882699989,12371.302324049984,4642.074656618029
4.598509498586433,109906.26066944221,16485.93910041633,3585.0614433837864
1.9135532925854801,64583.07815149877,9687.461722724815,5062.5513071735195
3.023220549772465,102776.38348987322,15416.457523480982,5099.349276598845
2.4886610186954328,124252.64672778566,18637.89700916785,7489.126429495776
1.210630939761289,30494.708744603533,4574.20631169053,3778.365612060491
2.6788416759579787,94122.53749933271,14118.380624899906,5270.330363906647
2.806873776295517,61093.77045525571,9164.065568288357,3264.8655759586723
4.808976163785234,123108.38930050412,18466.258395075616,3839.956316302571
3.287831762088281,74310.2406307764,11146.53609461646,3390.2391914167433
3.445435032674106,71712.80064482341,10756.92009672351,3122.078923187456
2.2345305697493734,85077.88373343382,12761.682560015071,5711.124624017309
2.709585614425857,62917.93278253165,9437.689917379746,3483.0750012597514
2.7824285639852606,97740.40838564701,14661.061257847052,5269.159987650528
3.1346787776404113,51399.43849541758,7709.915774312636,2459.5552913769925
3.4348012349154,134527.58631221254,20179.13794683188,5874.907037329308
4.583090911824759,94135.13649349412,14120.270474024119,3080.9492427027
3.561195588440876,93702.0892140126,14055.31338210189,3946.7962466659783
4.732531259730658,134957.91449968072,20243.687174952105,4277.560160501556
2.6019346064236886,150142.46082938902,22521.369124408353,8655.624575962562
2.9472250296954017,196881.77409789996,29532.266114684993,10020.363500284599
6.3500342216569665,110599.32749365254,16589.89912404788,2612.568459468702
2.940550376461808,96855.8571925944,14528.37857888916,4940.700453624027
5.578075259506282,144455.07354009856,21668.261031014783,3884.540817925904
3.9584943600482547,124659.16244729515,18698.87436709427,4723.733992352165
2.874354775976145,108922.23759975954,16338.33563996393,5684.175028260161
1.4076221892816028,43989.527947427305,6598.429192114096,4687.642211353378
2.5423334302926164,55461.35248438838,8319.202872658256,3272.2705737699935
5.079125780661142,182859.78884596142,27428.968326894214,5400.33255945944
3.0481013724283366,123256.91042697687,18488.53656404653,6065.591102476108
2.4247895512700506,96048.68499706696,14407.302749560044,5941.671408973954
2.793124443727102,59753.82696714061,8963.074045071091,3208.977697073498
2.8946473511936053,90627.97533418267,13594.1963001274,4696.322090676035
1.5965517964509035,38650.80066411955,5797.620099617933,3631.338558827784
3.1959846906521987,92889.4463730878,13933.41695596317,4359.663235157676
4.123613969503682,152425.61404760985,22863.842107141478,5544.6126325673895
2.2483746750040896,48847.424863144974,7327.1137294717455,3258.849074813751
2.8928978119847115,111449.45125975029,16717.41768896254,5778.779194932341
5.768180536729535,144824.8894065612,21723.73341098418,3766.1327125002204
3.5706555660058084,144455.5738726864,21668.33608090296,6068.447566658327
3.6139255622915676,141806.32973229152,21270.949459843727,5885.829437603566
4.134187774893385,108901.93384510731,16335.290076766096,3951.2695035211264
4.048743412812341,78226.74433619005,11734.011650428507,2898.186042932718
3.3428620972536955,155319.02289698692,23297.853434548037,6969.433005833002
4.456272263508692,150165.20363940005,22524.780545910005,5054.623957867171
3.5001832985940613,141343.7672744635,21201.565091169523,6057.272800451816
2.5430415080339737,55363.996964335696,8304.599544650355,3265.616985965221
2.6269438966143808,44279.802925645374,6641.970438846806,2528.402090127244
2.2378335219555368,50438.40723922489,7565.761085883733,3380.8417881203127
4.347049940855011,152877.76973796406,22931.665460694607,5275.224755339303
0.9385145857597489,48649.91292892687,7297.48693933903,7775.57115261192
6.174508660328001,246411.7077924655,36961.75616886982,5986.1858169142715
1.7525861667950808,89459.5323546742,13418.929853201129,7656.644852869093
4.427232286486103,120878.49903426145,18131.774855139218,4095.5101701994536
3.706551670974103,145253.56185398402,21788.034278097603,5878.249168551745
3.2124627043981904,112796.27386372321,16919.44107955848,5266.813232226489
4.262020840983206,252935.22971561228,37940.28445734184,8901.947191930996
0.24905792871145402,5105.825254198666,765.8737881297999,3075.08294191711
2.1066967971019723,50029.18698757203,7504.378048135804,3562.1538222581557
3.9835296674175265,79622.96228982363,11943.444343473544,2998.206450214875
3.1424268608040102,104751.34557516724,15712.701836275086,5000.180603170789
1.363840579369335,23362.813098131803,3504.42196471977,2569.5246333998066
3.462918353081733,103709.9754317777,15556.496314766653,4492.308142616923
2.4019735963306648,48877.8310211953,7331.674653179295,3052.3543907307753
5.116083880779924,135129.99817300116,20269.499725950172,3961.9170049378035
2.037972632416479,64524.29458811837,9678.644188217755,4749.153170296269
0.485128423043281,13403.963201325227,2010.594480198784,4144.458219095952
2.3971132625212825,56557.15432340579,8483.573148510868,3539.0789751786074
3.1338509378569808,95369.40131196998,14305.410196795498,4564.802372692926
3.9477162726065855,170879.00273839248,25631.85041075887,6492.829940342889
2.950153280272067,78604.1296081645,11790.619441224675,3996.6124879237896
2.828115085537963,161342.64885766403,24201.397328649604,8557.4301598996
2.118068368714302,70724.56840872804,10608.685261309205,5008.660446475026
3.048796000316241,97400.83209045518,14610.124813568276,4792.096556166047
0.29264048906791273,5584.589908423696,837.6884862635544,2862.5173807345336
1.015640479741412,28266.32645264951,4239.948967897427,4174.655355384164
3.867664198648878,170830.73890480332,25624.610835720498,6625.3453039361975
2.6062902687938174,65256.94990356331,9788.542485534497,3755.7376485408136
3.9223033587151312,128780.08454459517,19317.012681689273,4924.915519032455
1.9969753578659473,54653.63457294879,8198.045185942317,4105.231020328211
4.982724179630127,76375.60103539952,11456.340155309928,2299.2121864069036
4.335921430273573,152229.08264727067,22834.3623970906,5266.322917583374
4.693469723678085,122518.40495905509,18377.760743858264,3915.602278447499
2.2113130182176706,138948.83719802462,20842.32557970369,9425.31672720975
3.6746820554814597,66693.65217187708,10004.047825781561,2722.425416604056
3.2440458334400066,102199.28771846317,15329.893157769475,4725.547647862163
1.5385051725652565,39719.63851115105,5957.945776672658,3872.554920786234
1.9059297813542495,46114.14545252892,6917.121817879338,3629.2637250069147
1.3240969382816563,36176.73867648441,5426.510801472662,4098.273052813568
5.325375105464571,203689.80414774912,30553.470622162367,5737.336810473742
3.1029876258736127,102904.227173272,15435.634075990798,4974.442678173768
2.5073868041870426,39066.44403669552,5859.966605504327,2337.0812176720674
1.7114128399379214,69165.07753599297,10374.761630398945,6062.103420221664
3.5225719677009715,100583.32636738759,15087.498955108138,4283.091756094082
2.689901617787103,83019.59977615692,12452.939966423537,4629.5150291289
2.6905397207013344,118829.50565061609,17824.425847592414,6624.8514045152915
3.8135630647710013,67079.25259106583,10061.887888659874,2638.4480124662828
5.083430052315398,201862.74405960497,30279.411608940743,5956.492230113227
3.1382180780714366,181216.36474771085,27182.454712156625,8661.748175531942
6.062567253549631,152185.461707859,22827.81925617885,3765.371714897376
2.0618389522699054,50048.30673497806,7507.2460102467085,3641.0438370959496
0.9150651994109902,22910.251252491144,3436.5376878736715,3755.5112904366865
1.4383447836844188,52517.32422051809,7877.598633077712,5476.850003167324
3.01833779168051,94477.54872259832,14171.632308389748,4695.177705905294
3.60813095822205,59179.68123575619,8876.952185363427,2460.263302010981
4.134452940834386,142959.4155376932,21443.912330653977,5186.638386631707
1.7567213565510194,61056.07537138887,9158.41130570833,5213.354566195455
3.8728479950321186,88030.96217792417,13204.644326688625,3409.543659763263
3.0599062709765716,101522.27356170552,15228.341034255827,4976.734476705291
2.9474697272728765,89172.94511701715,13375.941767552573,4538.10997405173
2.5442080194614864,45503.08238472484,6825.462357708726,2682.745398763982
3.9138081425855673,99258.1941166312,14888.72911749468,3804.1540553540735
3.296627872707369,70985.69003634884,10647.853505452325,3229.9227928045552
4.116567766453031,150311.68832525192,22546.753248787787,5477.075692164496
3.9123009783120453,85493.86132777974,12824.079199166961,3277.886663183027
1.4875736344115806,70502.32358058545,10575.348537087817,7109.126091274778
3.59685242672406,144382.60692342723,21657.391038514084,6021.206451953103
2.8270474277821633,87278.13681718192,13091.720522577287,4630.8811072362605
4.348409251553304,209148.84875556856,31372.32731333528,7214.667594161868
1.2517172040030242,32369.514630121528,4855.427194518229,3879.012910416543
4.374544142998231,65594.10199462164,9839.115299193245,2249.1749945971965
7.403051212357902,365118.0181583542,54767.70272375313,7397.990524816239
3.2958841752564636,88139.96454653356,13220.994681980033,4011.3650780677885
4.767294970586566,155211.70507109968,23281.755760664953,4883.640702811467
1.8681579618808721,68431.44285837498,10264.716428756246,5494.565576468529
2.267788264728299,77193.11672286026,11578.967508429037,5105.841532263285
3.7339812079006554,127389.45037359072,19108.417556038607,5117.438061982608
3.39149305194192,113306.56393219676,16995.984589829513,5011.357632031078
3.1669055658526717,121114.03741590775,18167.10561238616,5736.547943921646
4.823596649862128,301784.6952096958,45267.70428145437,9384.637142649199
5.811338529078136,130898.75826754086,19634.81374013113,3378.707614757703
2.822126246754801,133964.99254435906,20094.748881653857,7120.428756424722
3.447371828338729,136911.99375712444,20536.799063568666,5957.233535050742
3.1026768005049257,67633.74177249569,10145.061265874354,3269.7770081058266
4.844622718179422,174709.37814321695,26206.40672148254,5409.380305950995
3.9203477761109458,199483.59861261427,29922.539791892137,7632.623813180122
5.0265595638164475,105150.81507558111,15772.622261337165,3137.856432633557
3.697581316719509,94586.32252097446,14187.948378146168,3837.088940814344
3.051370996864341,100499.50079977125,15074.925119965686,4940.377664812645
3.7601535434074744,176021.74899854543,26403.262349781813,7021.857497301829
6.067095719525896,133931.10507926313,20089.665761889468,3311.2491858723047
3.111101743952004,78292.50316492318,11743.875474738477,3774.8284824077596
1.7255330588853297,49977.376474925564,7496.606471238834,4344.516283032872
3.394827093051051,102929.75890533839,15439.463835800758,4547.938204983738
5.019713561868817,178140.667726401,26721.10015896015,5323.232058885051
4.722691706837958,136018.86529986683,20402.82979498002,4320.1697382530565
3.297023564024608,142982.3730647297,21447.355959709454,6505.0660218907
2.6071257975717748,72389.27665326663,10858.391497989995,4164.889744907317
2.3403989499206936,117064.29077920702,17559.64361688105,7502.842033609729
4.12439146631117,145915.05505393396,21887.258258090093,5306.7848764768005
3.2865706169217734,105760.0578510573,15864.008677658594,4826.918550290255
4.4053981970824125,137529.44598400974,20629.41689760146,4682.758737056691
3.068895706760435,90209.30187083427,13531.39528062514,4409.206624655568
4.866404683744508,142801.49721368548,21420.224582052822,4401.652960265276
5.909108747234845,110167.4810382587,16525.122155738805,2796.5506919248523
2.1545169192835267,61448.299964538164,9217.244994680725,4278.1028601742755
4.73592263533706,149901.08293297738,22485.162439946605,4747.789221085179
4.983789169058499,165939.04453047618,24890.856679571425,4994.363893662385
3.0025560583741417,111636.60852448115,16745.491278672172,5577.078646698011
3.066378141431472,134619.9172817785,20192.987592266774,6585.2894394949335
3.2903479689701,96684.01736390953,14502.60260458643,4407.619723310248
3.475183505268176,57022.73713477187,8553.410570215781,2461.283140084346
4.559046500540771,232614.35777578593,34892.153666367885,7653.38841405306
4.036539669290635,211553.3255791172,31732.998836867577,7861.436140040266
2.7669354656328613,152738.89774054798,22910.834661082197,8280.220101137042
3.6314425811950133,192598.32344872173,28889.748517308257,7955.446870318239
3.6000292878747384,143327.40553766405,21499.110830649606,5971.926646002792
1.5536044704993448,42836.58477864743,6425.487716797114,4135.85815360836
5.474548053031411,160639.1124228143,24095.866863422143,4401.434900197759
6.053521583288013,141166.25462334044,21174.938193501064,3497.953695574295
2.231289667679096,74120.55511840152,11118.083267760228,4982.805876264753
5.447349218784788,166379.6651882379,24956.949778235685,4581.485191397948
4.708292795490961,162123.2774930861,24318.491623962913,5165.033841406857
4.083791493305443,98429.17081555881,14764.37562233382,3615.3598063312124
2.413969985962518,45960.70006631967,6894.10500994795,2855.9199368831737
3.3112310105672176,155580.00661621732,23337.000992432597,7047.832337265693
3.8406031177702746,150074.58889995376,22511.18833499306,5861.368031191492
5.38529970124811,187904.34881525245,28185.652322287868,5233.813136853923
5.127011820932462,127282.40570687983,19092.360856031974,3723.876894155395
2.896268293512494,69499.26214658222,10424.889321987332,3599.4211397261083
3.8851256444858224,229733.676813864,34460.0515220796,8869.739276254531
3.779568848955626,144275.9136976675,21641.387054650124,5725.887771730919
4.8594961961036605,273917.4552482575,41087.61828723862,8455.11893191369
5.414093624834335,283971.6778760492,42595.751681407375,7867.568356413629
3.6388687697255357,59455.50583955635,8918.325875933451,2450.85119588034
2.8968207294030623,81753.62608356753,12263.04391253513,4233.2767741074995
3.187430872353652,118137.19266680795,17720.57890002119,5559.517871813804
1.5166285300013624,62784.79648161833,9417.719472242748,6209.641508085232
1.3479771701302872,52730.752483018434,7909.612872452764,5867.764712727494
3.725667894172056,107940.81505533672,16191.122258300507,4345.830792816441
2.481057534836546,76661.27328404361,11499.19099260654,4634.794167868467
3.7798051290158248,65198.30863329809,9779.746294994713,2587.3678565913624
1.7851536705177298,60425.92709206785,9063.889063810177,5077.371888763767
4.4699607748912324,131987.53096523776,19798.129644785662,4429.150644004792
4.3307425387669785,91961.8947251071,13794.284208766063,3185.200709874913
4.637121936945543,126754.94679124127,19013.24201868619,4100.224724996157
3.3446491284861923,133938.95825948502,20090.84373892275,6006.861397750258
6.171634960703704,99984.18979482584,14997.628469223875,2430.0900109480567
3.733979732130867,118622.83079257594,17793.42461888639,4765.270808990768
5.7580027377481935,153502.6802084661,23025.402031269914,3998.8522201145315
3.2961290791217124,139919.32116778125,20987.898175167185,6367.438189271285
2.4646184954964623,109828.19129662079,16474.22869449312,6684.291595066773
2.140394942942876,68883.57415852408,10332.536123778611,4827.396998785738
3.9970854527923465,119288.61297683814,17893.29194652572,4476.584791057079
2.555259210113039,96469.68974473301,14470.45346170995,5663.008044130995
5.086290043983444,182480.6792795093,27372.10189192639,5381.545616790918
2.0882192532104082,84919.40756030011,12737.911134045016,6099.891625106834
2.926603486261571,114385.27798565585,17157.791697848377,5862.697758132468
3.4781227042337908,136179.20775682534,20426.8811635238,5872.9616234237255
4.594030766901033,153862.22787544428,23079.33418131664,5023.765697782891
5.743255490458891,209881.33868154362,31482.200802231542,5481.595038655696
4.129705867746518,126831.68527514729,19024.752791272094,4606.805763058726
2.775960141566471,59050.43586233312,8857.565379349968,3190.811440956661
1.8813136105650126,55408.01163425885,8311.201745138827,4417.765171348936
5.0413671493963355,255366.1150731501,38304.917260972514,7598.120931453927
1.273608800663724,42990.78358819983,6448.617538229974,5063.263958971832
6.282154692883956,179969.4510463784,26995.41765695676,4297.159012581389
3.092759910979388,112495.18360538864,16874.277540808296,5456.058027945887
2.913444937013092,58079.758444107734,8711.96376661616,2990.2620282735793
2.5263443095118885,46214.91419860092,6932.237129790138,2743.9795532579274
5.047584140465133,107351.18885115035,16102.678327672551,3190.17531547056
3.4008334044690307,108422.83362235849,16263.425043353773,4782.188101887622
0.6862852740391084,27015.746880990264,4052.3620321485396,5904.777773095002
4.755439346128978,200143.7044152857,30021.555662292853,6313.098218092298
3.2057596860505155,101216.72883281505,15182.509324922255,4736.00981102456
2.755284768804221,89388.18076983409,13408.227115475112,4866.36708745507
4.186323204833321,196906.85207072977,29536.027810609463,7055.362513937918
3.07146555540996,159477.61662708007,23921.64249406201,7788.347960447532
2.86307344964954,56449.00821902238,8467.351232853356,2957.434163587322
3.0737069157910457,153177.71866194488,22976.65779929173,7475.227283788859
3.4675369800914577,153992.76232274307,23098.91434841146,6661.475993199709
2.992013242243798,109187.32086995139,16378.098130492708,5473.939051890791
4.74036547624652,226279.9487287042,33941.99230930563,7160.205785690035
0.7891173966604157,19390.88804380169,2908.633206570253,3685.9321805345244
4.150771208293454,97002.00048576947,14550.30007286542,3505.4449746093383
4.42022853653845,136084.2284901837,20412.634273527558,4618.004273940327
1.785052042718836,50712.85943829575,7606.928915744363,4261.4605813722665
2.8852701175241497,79404.66057332495,11910.699085998742,4128.1053769133105
1.8873834382356929,76853.06949457002,11527.960424185503,6107.905892700704
2.775953501483438,87694.13924965559,13154.120887448338,4738.5955421871895
2.8627667995375083,95323.002630094,14298.450394514099,4994.626316339868
3.048135335291575,77595.14263984658,11639.271395976988,3818.489048441024
3.3514250981414158,150492.93255690866,22573.9398835363,6735.62416658365
3.3837563162721263,116189.69762971198,17428.454644456797,5150.623453776858
4.463743830076906,113083.67811503245,16962.551717254868,3800.0728453457464
3.6209921680023522,129392.54342347351,19408.881513521028,5360.100384925334
3.0419872853645615,91127.06731821834,13669.06009773275,4493.463915347893
3.6292634338833425,139711.774243821,20956.76613657315,5774.38549676986
4.176900693190479,98673.29216990041,14800.99382548506,3543.5350066174274
4.338860019384884,192439.40615223665,28865.910922835497,6652.879049766577
3.367760749358752,109358.86111565471,16403.829167348205,4870.841603125051
3.250928500560136,158353.905261544,23753.085789231598,7306.55435366817
4.136256767283248,133384.5873243916,20007.688098658742,4837.148471273478
2.854936500095244,90307.8117970235,13546.171769553524,4744.824191046494
3.7495641776921773,151312.6757808662,22696.90136712993,6053.210531016878
5.1119319184356415,147144.70358844614,22071.70553826692,4317.683781872691
5.21826289959974,152370.41638729651,22855.562458094475,4379.917780656007
3.51164858122859,130119.18763563583,19517.878145345374,5558.038537704939
3.8638187932689885,103760.01574707919,15564.002362061878,4028.139826115897
2.2069832594566794,95278.92757740241,14291.839136610362,6475.735180759261
2.9003415454226324,78373.21180017928,11755.981770026892,4053.3094416346858
0.6078978909226049,24084.742480098437,3612.7113720147654,5942.957568962385
4.6049542921999445,142273.75805681918,21341.063708522877,4634.370365992823
1.5612083669977261,35994.02627042057,5399.1039405630845,3458.285296629433
1.8165907465070608,39356.417808365695,5903.462671254854,3249.748289539638
3.026520053188207,107190.70814008325,16078.606221012487,5312.572174790287
3.03110340483496,112183.95601937952,16827.59340290693,5551.639503972373
2.7712579793233156,157734.4132578761,23660.16198868141,8537.697379750527
1.6676125093331875,66972.58147369683,10045.887221054525,6024.113614422022
2.287734254120927,106768.69545544176,16015.304318316263,7000.509036164352
0.5878511289135203,26350.111627229588,3952.516744084438,6723.669564757949
3.1576913920702303,88185.35709554989,13227.803564332482,4189.074207045969
3.536091234155196,96859.2099628146,14528.881494422189,4108.7405647476935
3.6188140740674197,212850.0035096644,31927.50052644966,8822.641858072657
3.0557285954752196,80035.62792716193,12005.344189074289,3928.7992418080726
4.515305780861604,175341.9815476647,26301.297232149704,5824.920505634266
2.5082242370644536,107358.75422850865,16103.813134276297,6420.404083617217
4.028272721139592,115960.28520479139,17394.042780718708,4317.990360840802
3.6214870758970727,142821.76096042062,21423.264144063094,5915.59867399399
3.5164763032657,111396.84683707362,16709.52702556104,4751.781495027607
6.523190309726006,223633.37561202186,33545.00634180328,5142.423377068739
3.0150290860363813,85930.5028620788,12889.57542931182,4275.108153685084
5.3598512048565965,170230.08027924088,25534.51204188613,4764.033751300622
4.0736939716259695,113356.31647196495,17003.44747079474,4173.9628919665765
4.318510635682863,99094.14641903558,14864.121962855335,3441.955622393634
4.125350626555612,159524.66680526722,23928.700020790082,5800.403938214804
1.1963716352524207,42133.74542714207,6320.06181407131,5282.691120253658
4.189886496231227,208731.94798950382,31309.792198425574,7472.7065343150725
3.877162299205589,103670.96368728086,15550.644553092128,4010.8314671991875
1.6220790869224653,47166.494567215515,7074.9741850823275,4361.6703045629665
3.6339000096362004,61032.61792240585,9154.892688360876,2519.302309938186
1.443892519356825,61625.20303019577,9243.780454529366,6401.986526425778
3.1366249755939384,84097.9631321768,12614.69446982652,4021.741383806285
4.353462260808271,237721.6255088519,35658.24382632778,8190.778210560946
3.9112438054156335,146402.02636466717,21960.303954700074,5614.659951469436
3.5817551045942144,133964.09140674426,20094.61371101164,5610.270139696836
6.0069825222077995,184750.60957693736,27712.591436540602,4613.396382307959
3.435784458660061,105619.18238920462,15842.877358380692,4611.138314700724
4.647699831574007,150570.7683814459,22585.615257216883,4859.525372912896
4.253634945214635,141917.45157247328,21287.61773587099,5004.570916415779
3.9922508509908967,141524.42917736096,21228.66437660414,5317.467556262172
1.0364763697839223,27822.342788438396,4173.351418265759,4026.480043279512
2.1830027465256743,48737.0194816044,7310.55292224066,3348.851912291756
4.191309244932904,100754.28239301885,15113.142358952826,3605.8285074583573
5.738502173429029,228875.3687036406,34331.305305546084,5982.624780471502
3.0527045759958167,122302.56740836267,18345.3851112544,6009.551417293626
3.0745768982009136,133489.12629310793,20023.368943966187,6512.56078704125
5.161940456350635,165336.3744771899,24800.456171578484,4804.483194118786
3.653338752392868,163000.36086975728,24450.05413046359,6692.523137759746
4.155459741647553,172344.67297369803,25851.700946054705,6221.140993608819
4.891572758154645,169535.3714185613,25430.305712784193,5198.799439380684
4.012738564900954,60062.37817861842,9009.356726792763,2245.189060059072
4.418190310404015,213369.14230427172,32005.371345640757,7244.000166827143
2.7972748071964864,133075.00211777445,19961.250317666167,7135.963283375771
5.327108079727153,211390.06565009835,31708.50984751475,5952.293321809009
2.1454084440176384,41593.5346389033,6239.030195835495,2908.085037715178
4.251279656346034,123490.97964317475,18523.646946476212,4357.19323211902
1.109619317384042,31230.840236510867,4684.62603547663,4221.831723803047
3.59774979809385,111502.00635928378,16725.300953892565,4648.822706557838
2.6583468956782426,96120.27709176306,14418.041563764458,5423.687024144335
3.581329716857491,111570.43756872405,16735.56563530861,4673.003313973996
1.9317300174298038,81201.91139476835,12180.286709215252,6305.3773556934775
3.1426160539473607,123499.98052200653,18524.997078300978,5894.769440585081
2.270454615664774,60951.013050793146,9142.651957618971,4026.7935304851117
2.2370209411019757,137567.11622656396,20635.067433984594,9224.351482297516
2.4677903152251326,97862.61557610687,14679.39233641603,5948.395309703147
4.609617152161934,222417.9554721288,33362.693320819315,7237.627815831092
2.6269690139464723,95732.49484762143,14359.874227143215,5466.327981375959
4.6941502991144946,204300.03682912915,30645.00552436937,6528.339224704895
5.237465932410573,209330.00510117313,31399.500765175966,5995.170406907863
4.651672838435859,200662.3068882016,30099.34603323024,6470.6498239784305
1.7658856972871184,57384.491445563865,8607.673716834579,4874.422919930951
4.369086615934111,183426.89107381858,27514.033661072786,6297.433784152682
6.800721943900062,299166.69371066574,44875.00405659986,6598.564744563729
4.751637375843023,170121.65236531358,25518.247854797035,5370.411467956275
3.6983316883876562,84553.26711737584,12682.990067606375,3429.381444457654
2.494838150666761,73463.37947005923,11019.506920508884,4416.922563719756
2.1004251784980505,71905.92871380103,10785.889307070154,5135.0980827523745
3.1875366868455997,99593.89572884946,14939.084359327418,4686.717621471897
3.2002876017191735,135357.8233897846,20303.67350846769,6344.32777152925
3.232101441144436,65753.59201102571,9863.038801653856,3051.5870189276948
3.647438506355729,134583.76388854845,20187.564583282267,5534.723765213605
4.271675887811874,131286.32183646798,19692.948275470197,4610.122301567623
1.9452205465254824,69208.76384658914,10381.31457698837,5336.831649003136
3.456893330272312,65519.59161247169,9827.938741870754,2842.997397636383
3.6373910734376196,72454.20287901504,10868.130431852254,2987.891654328227
4.398192801439214,114294.8313342341,17144.224700135113,3898.0157246687854
4.06448229426673,180076.63998760228,27011.49599814034,6645.740845332792
2.622697096349129,65327.48257812592,9799.122386718887,3736.276827529779
2.842158422457477,52967.94682211959,7945.192023317939,2795.478239544478
4.888126735770399,116272.89456644481,17440.93418496672,3568.0200468897874
3.86321198546079,80390.84026976181,12058.626040464273,3121.399003173253
1.3912271936653355,34153.97131898954,5123.095697848431,3682.429240296182
1.7222401065035287,77139.16724996323,11570.875087494484,6718.502863683471
4.479479624000008,83423.2437074132,12513.48655611198,2793.5134449697316
3.6563627243105077,146575.61581045855,21986.342371568782,6013.173207730592
2.6825298273706664,99641.64894969159,14946.247342453738,5571.69847281944
3.6553246107286017,77878.04175183055,11681.706262774582,3195.8054364003838
3.905121727775805,111849.4653373335,16777.419800600026,4296.260390877943
1.5730187452340045,64894.956182721435,9734.243427408215,6188.256469861798
3.635022548314314,123062.93934299068,18459.4409014486,5078.219091105469
4.125898421819973,158174.19506191148,23726.12925928672,5750.536448936836
2.6263566374646046,87140.26818426588,13071.040227639882,4976.871777877897
1.8201440433107858,51321.055408493194,7698.158311273979,4229.422577606148
6.396410112911762,260188.01404846855,39028.202107270285,6101.579076127115
6.7069879182058205,284308.45613164885,42646.26841974733,6358.482964310391
3.154417098929901,97002.6622167545,14550.399332513174,4612.706207257507
1.911383542367424,38200.83926913317,5730.125890369975,2997.8943332705944
2.526400951533011,95664.613657894,14349.6920486841,5679.894966781405
4.7716341179047435,53418.85846919805,8012.828770379707,1679.2630307325815
3.3211158547035478,131476.36345390909,19721.45451808636,5938.201309706118
4.168168294704222,156619.23465855492,23492.88519878324,5636.26119142829
3.7560716933274465,107452.4637325414,16117.869559881208,4291.150669065806
2.7643969883939725,76129.15408832533,11419.3731132488,4130.873084145232
4.024007774227778,118821.70756935717,17823.256135403575,4429.230045119364
2.4275790431746302,50681.72630994865,7602.258946492298,3131.621591423263
4.00471826149736,141674.50187422786,21251.17528113418,5306.534416028653
1.8018634759456453,39876.010121044856,5981.401518156728,3319.5642167160295
2.0762575558524063,48069.573212588686,7210.435981888303,3472.8042104237225
2.6215669606419794,138925.2668263452,20838.79002395178,7948.982550058038
1.664145301457754,39641.53270702446,5946.229906053669,3573.1434634012453
5.520586395597185,302426.82468466955,45364.02370270043,8217.247308887232
3.0816700841287186,104787.08528498224,15718.062792747336,5100.501469543684
2.344797163041518,42880.737922036,6432.1106883054,2743.141619960886
3.912058229691817,194421.55975936243,29163.233963904364,7454.703445506172
2.356577151408901,62645.2142297054,9396.78213445581,3987.470611279524
5.4791412150270835,137956.87410247693,20693.531115371537,3776.783678912581
2.9739193847430934,58853.90795945054,8828.086193917581,2968.502185771323
2.927230214236796,104774.14526140084,15716.121789210127,5368.939454359835
4.671654210372529,196563.75663937823,29484.563495906736,6311.375407546605
4.585821007681487,111817.96586130741,16772.69487919611,3657.51189396642
1.8323772199545263,66476.25917721979,9971.438876582968,5441.804650262148
4.21812102545972,103387.2606693828,15508.089100407418,3676.539626720938
2.883337032281919,108438.1014170482,16265.715212557228,5641.281275981907
3.8493921781335243,119696.28460170585,17954.442690255877,4664.227976626052
2.4017835807716015,68632.87490165362,10294.931235248043,4286.3692289630335
2.678014887739097,91627.2068935008,13744.08103402512,5132.1899280509615
4.49930328207203,93925.6004319675,14088.840064795124,3131.3381609400863
1.5369431338854869,63231.84773138753,9484.777159708128,6171.195895667283
6.622380509440544,159936.95014548374,23990.54252182256,3622.6463410887986
3.0886072749578393,164808.04661543746,24721.20699231562,8003.998175084618
2.6016196297805796,55865.69210727578,8379.853816091367,3221.0142175157725
2.936889723034895,135844.48075452444,20376.672113178665,6938.180876645929
5.302915155130742,116589.45567538182,17488.41835130727,3297.8876409868
1.3782050126918388,44589.57414982614,6688.436122473921,4853.005221197399
0.8229430171275195,22727.31512962853,3409.0972694442794,4142.56783093406
3.2395350570187675,87877.0220025647,13181.553300384705,4068.9645484235734
6.77361940500088,176572.55483279962,26485.883224919944,3910.152260011205
4.046457599827752,88507.34255100222,13276.101382650333,3280.919435116647
5.320621382912321,179845.68718696444,26976.853078044664,5070.244833560866
5.081786563130689,112038.87891418349,16805.831837127524,3307.0715639765303
2.87942278977988,140940.60408975108,21141.09061346266,7342.1279738772955
4.955116689890051,196766.49850917122,29514.974776375682,5956.464120531254
2.8675978832983544,40369.165452229696,6055.374817834454,2111.6540966578864
1.3869261341244448,25886.825179818778,3883.0237769728164,2799.733656633515
3.9574288880252255,157006.2165131839,23550.932476977585,5951.069025710176
3.558131699888623,119390.81357460762,17908.62203619114,5033.153223853888
3.4927842938149247,138369.56775164045,20755.435162746067,5942.3753134426615
1.4474220662673158,41247.793988630714,6187.169098294607,4274.6129428925915
1.6059812262551616,41603.65692961648,6240.548539442472,3885.8166194098217
3.3273085705506484,140645.73526482156,21096.860289723234,6340.518122198639
2.7141498031034206,84519.88378013844,12677.982567020765,4671.069574908677
3.6959422231359795,52902.78725205404,7935.418087808106,2147.0622668649194
3.5966463569012124,92191.79354606723,13828.769031910084,3844.906521147281
3.0989708610331634,82740.35641182735,12411.053461774101,4004.8951791809977
3.2289464468790583,133462.4522697123,20019.36784045684,6199.968989825329
1.4473645450037398,43702.090651356855,6555.313597703528,4529.137887432907
2.886244599584628,96218.7712271062,14432.81568406593,5000.551819531518
2.384311753338697,62633.793096762645,9395.068964514396,3940.369354535411
4.150063452939791,163641.8561348436,24546.27842022654,5914.675449802732
5.812182171835254,259964.70722121972,38994.70608318296,6709.13349415371
1.9981191301094565,110712.53946100407,16606.880919150608,8311.256655773515
2.150080613132817,48918.18311348155,7337.727467022232,3412.7685363064843
3.0487333237628835,162078.19560911102,24311.729341366652,7974.370585932398
5.981212241417301,187390.51387930333,28108.5770818955,4699.478290914974
3.844137548994904,113275.0823323576,16991.26234985364,4420.0453634382075
2.644820741425873,136318.3640963101,20447.754614446516,7731.244047724287
3.312342073665516,174271.40084781157,26140.710127171737,7891.911386508402
3.3341608288523576,81726.4968125621,12258.974521884315,3676.779600972021
2.0598328292485246,84887.05363816528,12733.05804572479,6181.597780617037
1.6345222652292937,57250.809677294055,8587.621451594108,5253.903011464589
4.762447136617442,207080.40367105158,31062.060550657734,6522.289835372274
2.837796130998956,53511.77569526859,8026.766354290288,2828.5211423784413
1.7020841784375191,56538.958166233795,8480.843724935068,4982.622970339999
1.6878757940438516,56964.57732600832,8544.686598901248,5062.390626759147
1.8487036565373,74176.76824048246,11126.515236072368,6018.549915627256
5.1525030402064935,163690.09145438392,24553.51371815759,4765.356473651605
1.961577709382782,60362.19543164637,9054.329314746954,4615.840234846436
4.15864228469586,110139.09202095053,16520.86380314258,3972.6580629309465
1.606087271947288,55728.862906994626,8359.329436049193,5204.779081471699
3.589832006896989,189503.3564682239,28425.503470233587,7918.338076996611
3.9310200339451415,132348.1560787259,19852.223411808885,5050.145570457789
3.410669949738202,157996.86074243588,23699.52911136538,6948.643363508252
4.222537291761613,126154.48637236207,18923.17295585431,4481.469706087472
3.4140478084748698,88805.99518079747,13320.89927711962,3901.7904916423417
2.661173363653852,72406.31457511875,10860.947186267813,4081.262549297233
3.675268763765471,101380.30319462792,15207.045479194188,4137.668958831167
3.441794213343173,137739.78547791048,20660.967821686572,6002.964309018819
3.345107083035129,160066.23368392742,24009.935052589113,7177.628236284767
1.796726611290569,77286.0387660247,11592.905814903706,6452.236941365636
4.791347806824033,87814.74786882175,13172.212180323262,2749.1663538937537
4.163297102508275,141426.1977161875,21213.929657428125,5095.463795905246
4.27025123821556,109424.09070909303,16413.613606363953,3843.7114564769317
2.424765256219083,106655.17020965583,15998.275531448373,6597.865706965116
5.05124262165308,132518.08604494348,19877.712906741523,3935.2124606986904
2.5338495308840603,44359.48316598926,6653.922474898389,2626.0132631383344
2.939059563308595,119418.44395042355,17912.76659256353,6094.727312160542
2.996589043925559,144444.13550083496,21666.620325125245,7230.427665430484
1.5282806602856598,77997.61431627328,11699.64214744099,7655.427730960191
3.388634666476591,119294.30124842486,17894.14518726373,5280.635697996199
3.487447629739988,116612.62274778246,17491.893412167366,5015.671995473521
2.9776554138659437,114743.49178204138,17211.523767306207,5780.226847995207
4.8747510038034605,221355.88652041223,33203.38297806183,6811.298249316802
3.0626070013216884,127784.42068238479,19167.663102357717,6258.610097242573
1.104760912816422,19520.22136652145,2928.033204978218,2650.377263541699
4.3170972497286995,88706.37449912963,13305.956174869443,3082.153448293441
3.63895331693112,100309.28950288634,15046.39342543295,4134.813534272596
3.8908692456408587,192750.27203300607,28912.54080495091,7430.869294141179
1.7868204834945485,79573.25128223622,11935.987692335433,6680.015033738474
2.1280561868362566,77338.75420581449,11600.813130872173,5451.365994296841
4.436916153235175,207044.66134283718,31056.699201425574,6999.613724676902
3.7903007389711214,111497.35453590113,16724.60318038517,4412.4739254661545
3.0314286992249597,84526.06818472418,12678.910227708626,4182.486703695265
4.323571285421397,135500.62132903052,20325.09319935458,4700.996435027807
2.6717826574740298,71160.051805387,10674.00777080805,3995.0883508239863
2.7500133995908196,85540.19090373284,12831.028635559926,4665.805860243838
3.401557545738374,119504.78997510717,17925.718496266076,5269.856016025433
3.9374455907059183,109220.22203649001,16383.033305473502,4160.827858585418
2.2794253957919635,111037.79776888946,16655.66966533342,7306.959769809257
4.879460221016819,202553.2624974389,30382.989374615834,6226.7111521373145
3.1311302218114205,102939.31544113765,15440.897316170645,4931.413330754983
3.2520833617389155,147692.22306211275,22153.833459316913,6812.197288654703
1.786525413407439,43660.48790754948,6549.073186132422,3665.815855169604
3.7282177073400296,130451.17127504543,19567.675691256813,5248.5335426449
2.9012617522221484,171031.67505711666,25654.7512585675,8842.618643050007
2.635396610808139,86153.61919747866,12923.042879621798,4903.642520682674
2.9057610746697,136195.535553609,20429.330333041347,7030.62977583715
3.387749526958638,124272.72082614811,18640.908123922218,5502.445790511894
3.902599431446696,205592.09312487845,30838.813968731767,7902.121268259346
3.4561512932242815,117013.68565126257,17552.052847689385,5078.496674060493
4.127475467865026,127669.27648250629,19150.391472375944,4639.734777704604
5.5502736414310565,145651.55423925587,21847.73313588838,3936.334412920092
4.416069306718386,133757.24942309814,20063.58741346472,4543.313526112687
4.037485985350886,158546.51263460112,23781.976895190168,5890.293361135555
4.49566103279466,253273.87739551972,37991.08160932796,8450.610784975346
4.677570300952502,171653.63744461795,25748.045616692692,5504.5769406073005
4.2776712672333534,146053.4880672078,21908.02321008117,5121.483592695636
3.627117824457655,123847.99938682992,18577.199908024486,5121.752533859923
3.58202414386226,187646.66663553086,28146.99999532963,7857.847648391498
4.288725657398453,148285.2157502363,22242.782362535443,5186.338353017419
1.8879066462175247,50284.01068978976,7542.6016034684635,3995.2195828010263
3.595771928686061,115755.30705854754,17363.29605878213,4828.809057733228
2.7996254103421414,113500.05442266568,17025.008163399852,6081.17361005065
4.506781128171066,152192.92297438695,22828.93844615804,5065.464196487936
3.3523629073609182,110542.65674984356,16581.398512476535,4946.182430329392
2.987447741763348,37605.511187899974,5640.826678184996,1888.1758496821387
3.078275331580057,109494.33141481252,16424.14971222188,5335.503794519732
2.900976523042722,103718.94721979286,15557.842082968928,5362.967248921721
2.334026964223032,53347.99742234935,8002.199613352402,3428.4949300130443
4.3674496546739485,185766.32199349225,27864.948299023836,6380.141845299438
3.315546890922644,83856.8085321548,12578.521279823219,3793.799844683509
4.458199139438591,173563.6738078101,26034.551071171514,5839.701246375902
7.161639599235408,119454.62227530325,17918.193341295486,2501.968033019767
4.635838906697221,151902.16261295424,22785.324391943137,4915.038000786878
4.293856924934511,156562.31171177572,23484.346756766357,5469.289537895941
3.784106890485052,148182.88003847594,22227.43200577139,5873.89115821785
3.43523585347447,137108.76214521407,20566.31432178211,5986.871120066154
2.9920622421338843,108476.35438031978,16271.453157047967,5438.206775218507
2.4157667210108835,56815.76662757328,8522.36499413599,3527.809585260694
2.354378208898847,52422.01528327883,7863.302292491824,3339.8636900268984
2.870106133104179,125545.64649241098,18831.846973861644,6561.376513799494
1.9049317804683907,44541.94856837775,6681.292285256663,3507.365646245791
4.934302105215473,198350.54331703583,29752.581497555373,6029.744604836295
1.1247781120043778,51202.20921987306,7680.331382980959,6828.308002272955
5.206511254281382,161859.72831907475,24278.959247861214,4663.191542685385
5.224681452401721,214850.6366379587,32227.595495693804,6168.336919541608
0.6103030307073662,22936.07896794893,3440.4118451923396,5637.2190077522
2.1070744871467637,70389.02506053603,10558.353759080404,5010.906744629472
1.989234849892233,74933.30845440995,11239.996268161492,5650.411900219032
2.501411918884178,58130.18365906458,8719.527548859687,3485.842328899299
5.587610979639479,176432.4188967615,26464.862834514224,4736.3467018281535
4.413435451980144,102118.73922464541,15317.810883696811,3470.7227624285933
1.0742350018846616,31155.108173397184,4673.266226009578,4350.320197918236
4.503658268907451,174808.28750766776,26221.243126150162,5822.209759381059
6.19137160619928,165094.64875928112,24764.197313892168,3999.7917891241314
3.026865291354408,182409.40066977736,27361.410100466604,9039.52025173324
2.6234157267541875,82756.08760606656,12413.413140909985,4731.775072595314
2.332776719227388,79189.18823863963,11878.378235795944,5091.948208283751
4.21859675965889,179963.6571959815,26994.548579397226,6398.940244191523
2.8870715823115205,118676.80732244567,17801.52109836685,6165.943791429704
5.058402567535666,166732.16436942515,25009.824655413773,4944.213972989099
2.353937278501073,91737.84876188707,13760.67731428306,5845.813072405017
2.392051620898258,67764.25045091426,10164.637567637139,4249.338717790771
2.7450707143229636,88245.0920013609,13236.763800204135,4822.011954423845
5.280738092461059,190751.16263009814,28612.67439451472,5418.309693367115
7.328794565653989,234155.24913500677,35123.28737025101,4792.505378013248
4.391874881485642,135823.27458272217,20373.491187408323,4638.905191332903
3.368589964547333,159561.69620762512,23934.254431143767,7105.125492576839
1.158993121403512,64141.437686910525,9621.21565303658,8301.356992857322
1.8967703941300007,105854.26995235244,15878.140492852865,8371.145259326844
4.23011593575637,134494.09389025066,20174.1140835376,4769.163396447277
4.988666519038901,242162.08204144414,36324.31230621662,7281.367108341958
3.940397206741296,115196.82340599185,17279.523510898776,4385.223774226793
3.0198057788518358,120932.25991609076,18139.838987413612,6006.955518281902
5.871185353492256,267855.1782117676,40178.27673176514,6843.298978436542
3.130257914915297,123063.88508717572,18459.582763076356,5897.144345556542
3.7323713968952905,110568.51156676309,16585.276735014464,4443.629792257717
4.985597458072347,203757.33115668566,30563.599673502846,6130.378541495824
2.7836327024182896,115475.20234907045,17321.280352360565,6222.545214859938
4.041030444214378,85877.48417050221,12881.622625575332,3187.70739379561
3.6741528807277537,187617.10983204772,28142.566474807158,7659.606823228556
3.2652523640906277,143497.7920692484,21524.66881038726,6592.038351186334
4.5784854324681,92888.95231961703,13933.342847942555,3043.2209632327213
3.094432748415684,94339.6376781828,14150.94565172742,4573.033832767104
5.045047615841929,192185.56220228696,28827.834330343045,5714.085678759682
3.991417449293615,115025.86571477921,17253.87985721688,4322.745008861552
2.7428008615001476,65074.79921240415,9761.219881860621,3558.8511068651987
4.384942291787431,106129.76279475098,15919.464419212645,3630.484362138185
2.260306749293585,111765.71872456752,16764.857808685127,7417.071958894367
3.032587810249314,176445.1815652006,26466.77723478009,8727.456182910732
3.5722782733612832,126224.79373392405,18933.719060088606,5300.1803362516885
4.170028650679657,110843.4594777306,16626.51892165959,3987.147406996759
2.739781580243582,119829.49928995613,17974.42489349342,6560.532059601405
2.2674683653260757,77991.1623612101,11698.674354181514,5159.355046833994
2.7346211857233826,127151.08909274684,19072.663363912026,6974.517517630794
2.5199718062820846,107436.42182154702,16115.463273232052,6395.096656660012
2.4889990072634873,100238.52994794046,15035.779492191068,6040.894129854255
5.348823695431067,220482.6273735863,33072.394106037944,6183.115389330964
3.7638340859570967,121501.55816069087,18225.23372410363,4842.199020435614
3.1481123850709474,105439.30370938404,15815.895556407606,5023.9297781775895
5.063312541527649,143108.96550752528,21466.344826128792,4239.585182638596
5.840225580375434,169358.51592517731,25403.777388776598,4349.793863123954
4.105593775375984,148130.02329303525,22219.503493955286,5412.007302627124
3.090929715511115,169968.2924645453,25495.24386968179,8248.406213101454
1.533547818915649,54068.474107246955,8110.271116087043,5288.567474747351
4.420733830051567,98285.87830755778,14742.881746133668,3334.939924659905
4.207838056582587,267907.80144292617,40186.17021643892,9550.312934114267
3.9688113154627533,108363.33341901678,16254.500012852517,4095.558775879292
2.132924632598537,52780.86252479678,7917.129378719516,3711.86550978789
2.529611309817558,82127.54041251217,12319.131061876826,4869.969949163974
1.7986571766903487,78590.82659176571,11788.623988764857,6554.125011446998
2.3710339795965223,110411.96030302449,16561.794045453673,6985.051326962419
3.5741878673873355,175422.89938761198,26313.434908141797,7362.073814932516
0.73539067766535,19086.156119861414,2862.923417979212,3893.0646048820677
2.924233378253892,52390.87264009879,7858.630896014818,2687.4157700461433
3.6131008169498813,104111.05259939168,15616.65788990875,4322.231424223603
3.2237378083738664,134348.55297764912,20152.282946647367,6251.2164898462015
1.130003080729753,42413.04956163177,6361.957434244766,5630.035477545982
0.9968373720092265,26801.874844293347,4020.281226644002,4033.0362198808
1.8555807041741899,45324.58776067249,6798.688164100873,3663.914023683799
4.0846632877760625,121093.60313360779,18164.040470041167,4446.888076282726
2.3784149149653673,63450.52515656194,9517.57877348429,4001.647783823656
1.074618011865448,26030.646660067516,3904.596999010127,3633.4743656790843
1.4036304358321303,56954.96875663166,8543.245313494748,6086.534671378765
2.075378285533741,85319.95344956845,12797.993017435267,6166.5832714173885
3.8743663517445133,158908.7068140259,23836.306022103887,6152.310818870058
2.9901509816150975,93194.42893341824,13979.164340012736,4675.069729242248
4.610332059548214,171915.7733440394,25787.366001605908,5593.385827426261
4.798361363739508,122594.46467293658,18389.169700940485,3832.385330522345
2.9665780350181485,113915.45857801498,17087.318786702246,5759.942460639742
4.573395612692817,161330.06407789126,24199.50961168369,5291.365904257517
3.3752068796588133,89786.72259260174,13468.00838889026,3990.2764094424015
3.3782568142873224,170018.29330425084,25502.743995637626,7549.083861174032
1.4486082708088428,38136.82953042458,5720.524429563687,3948.979544600821
2.436134351020613,45918.859306533595,6887.828895980039,2827.360031721731
1.0758227633709057,54723.876136520776,8208.581420478116,7630.0499487089655
2.914270799035171,62943.16828846964,9441.475243270446,3239.7384781113133
4.766284188018407,107481.0841310223,16122.162619653345,3382.543294456005
2.8879237702549063,92359.04684225559,13853.857026338337,4797.168529526494
4.484794679179182,129421.06502340597,19413.159753510896,4328.661876905352
2.139098373590116,72288.36756757149,10843.255135135723,5069.077359419029
3.4594550913163413,153780.31953330687,23067.04792999603,6667.826961505344
1.5834125337226013,30032.02094162072,4504.803141243108,2844.996515628382
2.905078553982974,100763.62584295243,15114.543876442864,5202.800404732686
3.747584417700488,92578.18606490937,13886.727909736406,3705.514369241956
4.791041038160558,122088.74430052492,18313.31164507874,3822.4075935091205
3.098985492953427,114357.46346072148,17153.619519108222,5535.237114892172
3.5669578960140034,204123.61738823156,30618.542608234733,8583.937209477655
3.198309865852603,86829.45207555292,13024.417811332938,4072.281410375758
4.250016226675531,116738.61373211125,17510.792059816686,4120.170636034033
2.7720249914956185,46725.67553585643,7008.851330378465,2528.4228504003886
3.977967379723609,124255.96376251476,18638.394564377213,4685.406587138032
5.202889685388827,77873.78154038628,11681.067231057941,2245.111454863564
3.3129340826018234,103313.22339122296,15496.983508683443,4677.721657689258
2.1817283791056896,56184.07603502248,8427.611405253372,3862.814219205384
4.6890900916601845,120369.47692639142,18055.42153895871,3850.5170909535977
1.4392596899654466,52806.47763346023,7920.9716450190335,5503.504128020982
3.833306186524329,162191.07558039634,24328.66133705945,6346.652250891109
2.4935448453633713,54657.0115009518,8198.55172514277,3287.9102777668463
2.3467111337983733,94218.13016950805,14132.719525426206,6022.351588945277
3.803612902810138,107289.33889018318,16093.400833527476,4231.082721808402
3.368257853187844,82318.53052815855,12347.779579223781,3665.924676027218
5.669176367150342,184416.70790541917,27662.506185812876,4879.457683853582
5.351306527820541,159351.6614789518,23902.74922184277,4466.712773334213
4.584843326308627,129585.86506153154,19437.87975922973,4239.595200056631
2.1190663778160737,57275.22911285606,8591.284366928408,4054.278080605787
3.6802373747865786,109904.9850813021,16485.747762195315,4479.533813535966
3.724678176959691,84446.82518398957,12667.023777598435,3400.837112842332
3.5482912841518846,119035.96368180416,17855.394552270624,5032.110704107099
2.991776006171551,87455.5063317715,13118.325949765724,4384.795493614741
3.0359024007207562,79163.94628287703,11874.591942431554,3911.3879087853406
2.697265734366161,86411.75532600956,12961.763298901433,4805.519579978411
2.1345496794597825,48488.409426337676,7273.261413950651,3407.398517794811
2.011828211102269,57759.89272141967,8663.98390821295,4306.5227241574485
4.887401996832461,188670.3525939818,28300.55288909727,5790.510563166063
4.047800973197329,190830.4205161428,28624.56307742142,7071.63303407457
1.717789627497177,56057.64700730832,8408.647051096248,4895.038901444332
1.49761465764871,38263.76307004299,5739.564460506448,3832.4708102935497
4.237361162922565,169502.6795920516,25425.40193880774,6000.291445837365
3.298440035975147,108960.60592957093,16344.090889435638,4955.097170533733
4.043652528758685,192770.61027403787,28915.59154110568,7150.859609092612
3.5406034982335095,100063.53510120639,15009.530265180958,4239.257593421451
3.692143239047885,124048.12782929979,18607.219174394966,5039.6796574970695
4.664268633721881,117068.48023059478,17560.272034589216,3764.8500576556394
4.9849325989981335,83581.7206048271,12537.258090724064,2515.0306131007246
3.331808808094269,161064.502445108,24159.675366766198,7251.219009948254
2.220645712650883,49681.87091750817,7452.280637626225,3355.907065756162
2.8743181708367835,146055.7895062733,21908.368425940993,7622.109705260269
3.6268586970906767,131209.1798087123,19681.376971306843,5426.562933674386
2.233196325995091,81086.71158194101,12163.00673729115,5446.456541106582
0.948788886766419,25072.67322667014,3760.900984000521,3963.896538478756
5.381071500785232,122593.02476368773,18388.953714553158,3417.3405263003383
3.513990158395251,113394.81940988236,17009.222911482353,4840.429865987453
4.624940369095346,128626.85504179595,19294.02825626939,4171.7355720293035
6.63224090631843,296206.3402325418,44430.95103488127,6699.236602300229
5.813738870451039,154718.2881750032,23207.743226250477,3991.879192270977
2.2846445164916944,96725.74950892241,14508.86242633836,6350.599544745895
2.6540234376976106,56892.725255771,8533.90878836565,3215.46097413853
4.4460750972101755,152962.9678925907,22944.445183888605,5160.606755897082
6.03298188919276,311551.7507650225,46732.76261475337,7746.212979433694
2.2886359593105046,73427.60438511142,11014.140657766713,4812.535000579531
3.7520281909512123,44934.49350956982,6740.174026435472,1796.408151380842
4.801708335664391,280180.9883292482,42027.14824938723,8752.540827445348
3.6239580489301395,76043.52788598159,11406.529182897239,3147.5334506878908
3.697131939057987,109571.6183287321,16435.742749309815,4445.538601334733
4.693729815106685,162855.77055554918,24428.365583332376,5204.467778420079
2.008268843531367,87663.46789242061,13149.520183863091,6547.689183257356
4.381697992802944,120030.53370175553,18004.58005526333,4109.041765278286
3.214892701735036,100262.96102759574,15039.44415413936,4678.054774898947
0.2680942292365066,9750.092354543245,1462.5138531814866,5455.22317785994
3.2218764048256996,58701.480628682744,8805.222094302411,2732.948439956922
5.804961543056664,207318.4514216398,31097.76771324597,5357.10141791415
1.1056736496045612,30223.908132282733,4533.58621984241,4100.293265977556
4.095939979752983,71946.40531124719,10791.960796687077,2634.7946625277245
2.3804748180210518,65328.15057119212,9799.222585678817,4116.49915869522
2.6706451007369774,54863.478678971216,8229.521801845682,3081.4733861772593
1.9875478457781617,86122.2264023584,12918.333960353759,6499.634203923273
5.083623091847467,192343.52644450418,28851.528966675625,5675.387109824173
2.969364002248928,112941.91839170783,16941.287758756174,5705.359041843719
3.6668501846778994,141395.31238688636,21209.296858032954,5784.064194020516
2.710633194367974,109451.30543843163,16417.695815764746,6056.775165993194
3.1976074409562987,93772.03285618438,14065.804928427657,4398.852951199363
1.5244441672443263,74848.80072529486,11227.320108794229,7364.861468878446
2.30559351538777,84037.93277279091,12605.689915918636,5467.438137636559
3.8262445801759877,184732.3547599204,27709.85321398806,7242.0496477288825
3.959949273802491,73961.74700465245,11094.262050697867,2801.617213658079
4.0729640665794244,181644.15790309585,27246.623685464376,6689.630264365863
1.8020943964302512,63679.494706508485,9551.924205976273,5300.457192973672
4.743057150838198,129992.9670679502,19498.94506019253,4111.049991617043
2.4918998240815227,106747.58868920815,16012.138303381222,6425.674960382109
2.6598164102425907,126612.88717977777,18991.933076966663,7140.317280482711
1.1809116002993825,55616.60027451762,8342.490041177643,7064.449226396515
0.26413025316293665,8282.470563928948,1242.3705845893421,4703.628492806345
1.6369447507614885,43439.85711472107,6515.97856720816,3980.5732992374965
1.429029007338823,34202.465889062296,5130.369883359344,3590.1089879996625
5.399418227929623,237937.83752752375,35690.675629128564,6610.096518271369
4.271478855189756,161202.99589105003,24180.449383657502,5660.908131215205
3.0243638136825237,122792.44562033752,18418.866843050626,6090.162420182994
1.8249281634047307,26980.100195006868,4047.01502925103,2217.629773273156
3.9035571252754813,90650.86070972038,13597.629106458056,3483.3944195189524
4.594771841507477,212046.84920697377,31807.027381046064,6922.4389106142535
1.9481195022474471,82022.70270754483,12303.405406131724,6315.529099697378
4.571948168264218,197895.93953175654,29684.39092976348,6492.722541304188
4.4394125050783035,84269.84513640888,12640.476770461331,2847.3309826473032
1.7609827396611266,57201.05114787679,8580.157672181518,4872.368978376605
3.124795194962248,86194.25563942226,12929.13834591334,4137.595438817085
1.6778272638214744,66023.02444792891,9903.453667189337,5902.54663321712
4.071063822577875,189870.23490587377,28480.535235881067,6995.845920648488
0.2349391133328083,6384.417412343557,957.6626118515335,4076.2161662495714
2.518901576715488,93592.65003146423,14038.897504719635,5573.420428370052
2.2151107133596524,76582.14666475201,11487.321999712802,5185.890678254186
3.9321978315246526,150663.15331466895,22599.47299720034,5747.287894830491
4.760916864461662,191710.2966942811,28756.544504142166,6040.1274214213345
3.4519981447975563,111712.27099898386,16756.840649847578,4854.243816759145
2.0211439264293394,103005.77854745691,15450.866782118535,7644.614804555191
4.166255649697545,104622.8994693363,15693.434920400445,3766.795952989522
2.8211945312568525,66953.19237452801,10042.978856179201,3559.832101228772
2.028962924368877,102689.86588721198,15403.479883081796,7591.799582968307
2.054046742106268,66153.63843171738,9923.045764757606,4830.973687863734
3.0191064829777696,77009.46152132496,11551.419228198743,3826.1052709891446
4.242778547013445,103932.4091705254,15589.861375578808,3674.4461684319454
5.956883083248072,239057.4165160409,35858.61247740613,6019.693852687425
2.641676495216534,79134.45969995433,11870.168954993149,4493.422633879388
4.704686996292782,160147.23973250078,24022.085959875116,5105.990255845742
1.2301055949234656,37525.12565923109,5628.768848884663,4575.842002600494
2.4688873935794975,110602.55801513222,16590.38370226983,6719.781447065672
3.302285979837455,101757.07203117896,15263.560804676843,4622.11961588746
2.5872427095790567,80958.15030048172,12143.722545072258,4693.692826000092
5.912740681373149,154464.67134690503,23169.700702035752,3918.6059309225316
3.181594617285097,84046.10464434746,12606.915696652119,3962.451918971937
4.147061968653527,197676.88979897372,29651.533469846057,7150.009740383348
3.8189958128922616,71878.41725075623,10781.762587613435,2823.1930894545867
1.6206545992394454,43882.23736793392,6582.335605190088,4061.528970009466
5.19085998620282,101373.56356224335,15206.0345343365,2929.386378124968
4.282894818626995,176551.48157753414,26482.72223663012,6183.369743625858
2.6297106810530235,139127.51320561767,20869.126980842648,7935.902276704431
3.1943933042058834,101797.89591823446,15269.684387735168,4780.151638694711
4.512572453611261,97922.89103927361,14688.433655891042,3255.0022868079113
4.51023285076536,146713.49352703214,22007.02402905482,4879.354294384238
4.711774743171228,127751.66334597417,19162.749501896124,4066.9918547504176
1.3775070882301401,29528.86378426872,4429.329567640308,3215.4677137315025
5.578133631595331,148315.24427543077,22247.286641314615,3988.3029182561822
0.3554582335225763,7347.367597790619,1102.1051396685928,3100.5193739550687
3.1012691717514467,136500.98741150965,20475.148111726445,6602.183486112259
2.926708908908774,86305.98009483017,12945.897014224525,4423.363380901251
2.228803686990009,42917.6608799658,6437.64913199487,2888.3876895810827
2.5944895742118335,76603.37114287486,11490.505671431229,4428.811657461321
4.669969425567098,160446.60300913724,24066.990451370584,5153.564886230065
3.7524128479550862,159327.35518517304,23899.103277775957,6368.996228866449
1.8696275876746542,60672.24832716964,9100.837249075446,4867.727299849375
2.044595555647701,35485.03063942523,5322.754595913785,2603.32884966465
2.476746044357978,121083.3885732966,18162.50828599449,7333.2138058193905
2.0692767952631943,52318.57097467341,7847.78564620101,3792.525806197348
4.568598087288876,185501.36485082738,27825.204727624106,6090.534600765527
2.910815118769684,74433.83787912778,11165.075681869166,3835.7213448129664
1.4879191125206004,28619.954836926834,4292.993225539025,2885.232933305431
2.77055740605243,60559.12524470422,9083.868786705632,3278.7152386236207
3.173655468268336,167447.48699218596,25117.123048827892,7914.256383517498
3.491662193272537,137165.32134538854,20574.79820180828,5892.551187067925
4.620454537445874,103661.09399732231,15549.164099598347,3365.2888419488095
4.170215344574448,198643.02292566095,29796.45343884914,7145.063498367071
2.3860858209358184,45678.32359715945,6851.748539573917,2871.543210833328
3.6725707741844777,82264.60831955636,12339.691247933453,3359.960095166192
2.6975127644176387,102508.3286027668,15376.249290415019,5700.158120932773
0.4889123476371257,19859.546853651114,2978.9320280476672,6092.977693127628
3.0748207240674277,141230.19049073747,21184.52857361062,6889.67926090577
1.9138073651309626,54846.418787093135,8226.96281806397,4298.741329956683
3.2053418299045333,69520.9573242538,10428.14359863807,3253.363963040615
5.185782967945907,201171.2144608723,30175.682169130843,5818.925002386564
3.193692904827508,97563.76057606915,14634.564086410372,4582.332905048298
3.1048722058832556,104116.05877983992,15617.408816975987,5029.9683147613605
4.947248102764779,129814.59164187369,19472.188746281052,3935.9636593521523
2.707309156196745,110909.4167485873,16636.412512288094,6144.999167977954
3.8847298933374965,98637.40813891609,14795.611220837412,3808.658935647654
2.712266162835416,77634.1970359895,11645.129555398426,4293.5054512587185
3.644731158875126,139842.5047451319,20976.375711769786,5755.260071978458
4.388931721653477,115319.73898197048,17297.960847295573,3941.2690705470295
2.1131119688340148,118483.44852953432,17772.517279430147,8410.589472566742
3.714024120108403,133285.68280771625,19992.852421157437,5383.070161799029
0.9806387664126605,32347.24282526796,4852.086423790194,4947.883553023233
2.850781942745402,160127.2470778022,24019.08706167033,8425.43819347302
2.6060431636501846,115918.66875280478,17387.800312920717,6672.107567307631
5.087634973119005,271565.4492613642,40734.817389204625,8006.631294192849
1.9858413914111952,62385.88732680825,9357.883099021237,4712.301364798958
3.7582393582580753,90640.55017574747,13596.082526362121,3617.6733917937136
3.570431401644033,148870.62615769487,22330.59392365423,6254.312549842558
4.112575706502289,98563.74848122842,14784.562272184263,3594.9641604916274
3.9882856211284023,225969.3209191391,33895.39813787086,8498.73889630825
2.36179797262949,52016.4071247425,7802.4610687113745,3303.6107063910144
3.8933129829857753,170959.73941434643,25643.960912151964,6586.668224265302
3.3950194251890915,123394.95699952694,18509.24354992904,5451.88148633292
2.6716330637885246,80563.71311606542,12084.556967409813,4523.284702231241
1.654319829689697,32570.45001547889,4885.567502321834,2953.218243922172
4.90932861405778,142966.09376484444,21444.914064726665,4368.1969064607965
4.486806889066871,208894.00818068275,31334.101227102412,6983.608165409369
0.6934117299750823,20929.945850386965,3139.4918775580445,4527.601339641114
5.380760814858982,136011.74895906966,20401.76234386045,3791.612942080782
2.3650726150297063,130629.49680124137,19594.424520186207,8284.914550050757
2.36743042906081,79697.25599126844,11954.588398690265,5049.604943800947
4.3074816186149505,129076.78303223486,19361.51745483523,4494.85782392284
3.4951116528669735,177756.07744021364,26663.411616032045,7628.772486899111
1.8213860348236472,49251.58879790505,7387.738319685757,4056.107919154581
4.403155989608437,124597.48114492508,18689.622171738763,4244.596879112791
3.2408436707864765,89824.9749701634,13473.74624552451,4157.481080306088
2.34315892438218,48397.70529539671,7259.655794309506,3098.2344896745135
2.4467801478981688,91577.086265,13736.56293975,5614.138626860273
4.229578511553154,138205.73062553335,20730.859593830002,4901.400822139456
3.6277506099061534,141504.5598368844,21225.683975532662,5850.921482191344
3.0315216745535882,60393.981430220505,9059.097214533076,2988.3003280413914
4.676200533503127,138766.87602453472,20815.03140368021,4451.270054513006
3.045958608568483,134977.54846978298,20246.632270467446,6647.0477351571135
4.67849339395218,157247.30480725522,23587.09572108828,5041.600732316727
2.8177852720639534,60734.60524234466,9110.190786351699,3233.10327322377
4.593146595833083,170177.1455483555,25526.571832253325,5557.534753062554
2.6515779006925273,151977.19466973052,22796.57920045958,8597.363552662613
2.58117660914572,81559.93842722494,12233.990764083741,4739.695346973088
2.722471513306543,159701.94974021727,23955.29246103259,8799.097564087271
2.6854453975468484,76321.02455430635,11448.153683145953,4263.037220419313
3.7710296936510317,97065.11969726584,14559.767954589875,3860.9528795551364
4.211603863736743,132254.3084662668,19838.14626994002,4710.354276372669
2.2715863407895327,67258.05506699663,10088.708260049494,4441.261192186502
2.3002260568799473,34534.9323777173,5180.239856657595,2252.0568537877234
3.607799270575604,108669.85297891288,16300.47794683693,4518.122191492178
3.015723867265028,135590.76948374242,20338.61542256136,6744.190223558675
2.9989221460223625,99652.01723608279,14947.802585412417,4984.391677269288
2.1343467880317126,44439.33023002084,6665.899534503125,3123.1567296757785
3.6532588928418215,64904.30753872734,9735.6461308091,2664.920942199054
3.0774140752601844,130505.40199948745,19575.810299923116,6361.123274666264
4.1508529001946,105042.94984788387,15756.44247718258,3795.952989912961
5.707277875961908,174382.88060335696,26157.432090503542,4583.171287431831
3.408489825979844,198324.3542142512,29748.653132137675,8727.810453001948
1.7784333690413123,40609.892276545215,6091.483841481782,3425.196550807791
4.817294377747977,124282.82365287555,18642.423547931332,3869.895025316353
4.355543590255031,119626.4483143241,17943.967247148612,4119.79971622737
2.0100733130289132,55865.823200236824,8379.873480035523,4168.939225111231
4.419328952379103,216724.43985257827,32508.66597788674,7356.0186010561665
5.033365190638731,197800.43795974305,29670.065693961456,5894.677729552212
0.9861953283274213,60061.50637641861,9009.225956462791,9135.336274348774
6.9625712364145755,269865.5581263341,40479.83371895011,5813.920223500001
3.677670022500349,88345.44576421921,13251.816864632881,3603.3186184614046
4.417404607061568,127107.38581568924,19066.107872353386,4316.133469384878
1.664790297850271,67782.63282115442,10167.394923173162,6107.31269656138
3.5568985863292393,99646.55227523729,14946.982841285593,4202.251618512141
4.337328602032277,76511.31395232734,11476.697092849101,2646.0289606537162
1.8396073564198454,49720.22492908266,7458.033739362399,4054.14433321079
5.538826112492467,189506.2053034116,28425.93079551174,5132.121900595304
0.5494960921153875,20658.36006995811,3098.7540104937166,5639.264873685427
3.2906547810145663,70405.66132821974,10560.84919923296,3209.345829943567
2.3191168327024436,137483.1310103785,20622.469651556774,8892.380651442048
4.628397725861524,140619.63531270344,21092.945296905516,4557.28883865081
3.787234657184239,50146.48659866883,7521.972989800324,1986.1386131782012
1.1035924795111622,35839.659780396316,5375.948967059448,4871.317145474506
1.3574853553557904,46027.65019150143,6904.147528725214,5085.9830652947785
3.6400561653465977,148380.79621666696,22257.119432500043,6114.498903722485
1.0276876611379215,28474.327795201083,4271.149169280162,4156.077114471602
3.569055784402522,99363.23223831155,14904.484835746733,4176.0302265048
2.363417623151133,59186.291948092345,8877.943792213851,3756.400775406309
3.5045479265564317,114983.00712341206,17247.451068511808,4921.448195305222
1.8012628414218685,36864.304918408685,5529.645737761302,3069.8716537095434
5.03059608452511,269846.3828213315,40476.957423199725,8046.155315015868
3.3242608972574277,94619.39571304622,14192.909356956932,4269.493218377152
2.044608843508321,108378.2119756892,16256.73179635338,7951.022929382736
2.384108597131874,60430.75919215502,9064.613878823253,3802.0977273133226
1.677355570574092,56923.52498249825,8538.528747374738,5090.4703195711445
2.9119676141592286,74708.89105547099,11206.333658320647,3848.3716658903327
4.0854189977723845,118032.49598946352,17704.874398419528,4333.674075553398
3.168784574322656,77601.19628094103,11640.179442141154,3673.389329291753
1.5708314031128603,34672.714269963246,5200.907140494487,3310.9263859813573
1.5269654406788873,50353.8615065076,7553.07922597614,4946.4637671289065
4.331414017605637,131276.57835965708,19691.48675394856,4546.202850595617
2.840568854301785,178423.38565299188,26763.507847948782,9421.88315816315
1.8539883512583248,64094.832433082745,9614.22486496241,5185.698636367978
2.1068341348219635,115613.32403882599,17341.998605823897,8231.307020896247
4.706653326599963,150710.69123116272,22606.603684674406,4803.116379298999
2.7712048631307646,52317.036082276056,7847.555412341408,2831.820742215227
4.288097220516685,222412.37743633543,33361.85661545031,7780.107329616572
1.6085175450361993,31411.993712028707,4711.799056804306,2929.2804864607606
2.7918153425890195,79290.81687394061,11893.62253109109,4260.175216338418
5.372028467370058,151573.5116272553,22736.026744088293,4232.298261669301
3.4932969391500466,96679.1753379882,14501.87630069823,4151.343717212508
4.226276798110326,85448.70839390536,12817.306259085803,3032.765450861321
5.533484890832732,132338.58134140517,19850.787201210773,3587.39340448862
3.4866741228494633,76023.7555076317,11403.563326144753,3270.613462672921
2.391182612989829,76132.24256453727,11419.83638468059,4775.811066308203
3.1742953074391473,85871.08330877748,12880.662496316621,4057.8022045176554
3.4811444071202287,92549.90501858083,13882.485752787125,3987.908609706711
2.688113960750721,52190.30082097275,7828.545123145912,2912.2817103184125
3.5061596473879786,187346.58788937368,28101.98818340605,8015.033828919197
3.7267465967505853,152110.75352869506,22816.61302930426,6122.39454359426
3.742882181548807,55810.28739973191,8371.543109959786,2236.6568606483993
4.823294291656216,149490.03070933282,22423.50460639992,4649.001958099507
5.675223684984243,222926.19570695108,33438.92935604266,5892.090111710813
1.065515056093286,33770.70470670685,5065.6057060060275,4754.138082833935
3.5508441696533124,80010.64631776039,12001.596947664058,3379.927807092655
1.4850701359949434,54824.87810836947,8223.73171625542,5537.6049365815425
1.9017250049714773,66733.23657744634,10009.98548661695,5263.634574109774
3.8966229924406504,167272.55554376755,25090.88333156513,6439.135471981972
4.784817931592926,365996.9099456448,54899.53649184672,11473.693937100334
3.559948987375103,140556.38086781415,21083.457130172123,5922.404283022556
3.6522737150264786,67442.94011679407,10116.44101751911,2769.902205274822
4.736082659063107,190757.6522274269,28613.647834114036,6041.627626443157
3.95387456329222,158397.51660511165,23759.627490766747,6009.201129279917
2.4946544758027476,42795.312208660835,6419.296831299125,2573.22081817903
2.441241673075412,88895.82156992622,13334.373235488933,5462.127483138791
3.6006727774375467,142465.56360164256,21369.834540246382,5934.9560099305745
4.057679220865637,144656.7999712826,21698.51999569239,5347.519804944901
5.270866053929866,94302.94588598477,14145.441882897714,2683.703539070419
5.562745507195883,204147.2501317713,30622.087519765693,5504.851422764788
2.8526597232244533,98548.88264956098,14782.332397434147,5181.947316424126
3.181986858520204,74562.35182344202,11184.352773516302,3514.8959662007
1.0400175572371884,49257.738751022,7388.660812653299,7104.361615087838
0.8264185218520689,40347.33494851484,6052.100242277226,7323.287271822023
1.9638921756103245,65531.59283167258,9829.738924750885,5005.233508655367
3.400299480271076,106671.33404959689,16000.700107439532,4705.673779700115
2.382623989149504,71658.42173126093,10748.763259689138,4511.313286796039
3.0301562970294933,108402.37133147412,16260.355699721116,5366.1772218355145
1.0966182781048615,48810.87010445589,7321.630515668384,6676.55342050415
2.0357278905097314,54423.41479675799,8163.512219513698,4010.11955358612
5.525326351218321,144294.386800418,21644.1580200627,3917.2632789898857
2.0617878259649163,69667.0584098662,10450.058761479928,5068.44527350398
1.6375536009921658,62370.02715004006,9355.50407250601,5713.097920481912
1.627148865120331,44752.020878841184,6712.803131826177,4125.500300385701
4.636609661607191,163123.69423009074,24468.55413451361,5277.251250438895
3.8009488170440275,112000.63804919635,16800.095707379453,4419.974200137947
2.3557759062128443,51624.0365182768,7743.605477741519,3287.072194481424
4.690223909249113,272724.5556375964,40908.68334563946,8722.117352429084
4.275469549384343,111734.02475878193,16760.10371381729,3920.061532476756
4.429036902266817,112403.19742151278,16860.47961322692,3806.804952245394
3.3558239938234693,120573.61446228938,18086.042169343407,5389.448970694382
3.025167727528478,70335.21066272605,10550.281599408907,3487.5030245110897
5.156525760759446,159619.65885173815,23942.94882776072,4643.232660634364
0.768244756366361,27404.978910537284,4110.746836580593,5350.8296705122675
4.116922481096745,70237.56450355679,10535.634675533518,2559.1044582230834
2.5643413369213213,116447.38814142288,17467.10822121343,6811.5379063319115
1.0762078897198268,45441.38613834343,6816.2079207515135,6333.542046905084
3.7059030638515384,224590.21485821603,33688.5322287324,9090.505511960146
1.1453774581952298,38512.622178085,5776.89332671275,5043.659001125617
3.9864061451121895,129299.04287562775,19394.856431344164,4865.248478287787
3.4581909489492992,172632.67593217624,25894.901389826435,7487.990620556702
3.5636477369547905,197719.15845345796,29657.873768018693,8322.335976271872
4.075485217326681,112608.00402781836,16891.200604172755,4144.586399764335
5.267552651473257,315728.3570309613,47359.253554644194,8990.750864426293
2.9575842892146986,138710.58467349707,20806.58770102456,7034.993990500657
3.3537191083889804,108168.85181797098,16225.327772695646,4838.0103545671645
2.6410577980219694,53201.37411486666,7980.206117229998,3021.5946516607114
3.56488390779821,91099.79686043317,13664.969529064974,3833.2158584947892
3.043593363050356,45075.66083735109,6761.349125602664,2221.5021256408218
3.872017539403687,151127.55231615817,22669.132847423723,5854.604896989929
4.377104200919946,73344.66080768699,11001.699121153048,2513.4652080799897
3.6574172812838905,120027.32821058523,18004.099231587785,4922.626500323111
5.1113014281855484,151537.72921364268,22730.6593820464,4447.137329193969
1.2398516420824301,47895.455878769026,7184.318381815354,5794.498420592254
3.0927394704237074,97897.00222666393,14684.550333999588,4748.072210553123
4.412142279509376,108318.7275999322,16247.80913998983,3682.5215758446852
4.46342842724809,130282.71924106199,19542.407886159297,4378.340149213079
4.5964165928046965,171811.1420583399,25771.671308750985,5606.905028820575
5.083686009954022,102137.63739492916,15320.645609239373,3013.688410189192
3.603619402666206,136924.3464879147,20538.651973187207,5699.450934799413
0.5545806792707323,20014.97625016264,3002.246437524396,5413.5431502451875
3.8469033979400766,114193.09727878278,17128.964591817417,4452.663043472722
1.6206073053684962,28006.026544363816,4200.903981654572,2592.178850322635
2.9565820187055656,99035.70460761354,14855.355691142031,5024.503158429517
2.8921417631146147,88314.31459790794,13247.147189686191,4580.393450499477
2.316567616069194,70023.9003229942,10503.58504844913,4534.115462717146
3.8929543914008065,93789.87571225369,14068.481356838054,3613.831538307793
5.525328126066813,147865.89126066695,22179.883689100043,4014.22018440174
2.769700448989404,76396.34101767636,11459.451152651453,4137.433402530128
3.540272147774413,126199.84265205284,18929.976397807925,5347.0398906220325
6.059250561860453,326521.10249246017,48978.16537386902,8083.205154472206
4.614015391938631,162298.1862302951,24344.727934544266,5276.256333491673
4.350141767067624,151465.8252710255,22719.873790653826,5222.789280720156
1.405477882424801,55689.569001678865,8353.43535025183,5943.4840310969985
5.40375476801885,240333.31374466547,36049.99706169982,6671.2866533202505
3.415693690511112,163625.3380127604,24543.800701914057,7185.597692819291
6.807464528456307,249124.94701153008,37368.74205172951,5489.377417322133
5.330589779500278,152247.53251006868,22837.129876510302,4284.165696699173
3.839478703175845,106679.2956492702,16001.894347390531,4167.7257733333645
2.8141643624025185,95663.69862541225,14349.554793811836,5099.046447152533
2.5242348131716392,79209.8673827194,11881.48010740791,4706.963094482926
1.1499291534900296,47586.21276638988,7137.931914958482,6207.279720924452
3.8350710084596478,60280.910351243474,9042.136552686521,2357.7494478565823
3.175637752710179,78855.34656574382,11828.301984861573,3724.7012744973717
1.3003785456083135,42946.29051022764,6441.943576534146,4953.898692261662
4.533479120941807,196803.68890889463,29520.553336334193,6511.67735613205
2.3716870456078625,109349.05772727368,16402.358659091053,6915.903466043993
2.393694959812459,79271.15306037247,11890.67295905587,4967.497178499085
4.508763086696981,185198.85095030817,27779.827642546225,6161.2968143103535
2.6798648297027845,79565.72594007339,11934.858891011008,4453.530177615215
5.922115629727682,238999.5972830269,35849.93959245404,6053.5696757583455
3.1122642666965894,93202.30766580874,13980.34614987131,4492.017692543278
2.2198535372695014,56010.68661514593,8401.60299227189,3784.755548605319
2.739304832167885,57802.03995642145,8670.305993463218,3165.148285669814
2.089428881509061,90108.47015334264,13516.270523001396,6468.882785443005
6.457953848183993,272185.2308246889,40827.78462370334,6322.092969924878
3.478473693393943,126976.2643310958,19046.439649664368,5475.516369675568
4.579534107078354,233184.81222008902,34977.721833013355,7637.834114817501
2.2117394571411513,67651.51071166151,10147.726606749226,4588.120257105676
4.787853932595856,191927.62062428537,28789.143093642804,6012.953506715282
1.9972564121009735,82057.05218831236,12308.557828246854,6162.732913847109
0.9933640364982312,15896.321390223573,2384.4482085335358,2400.377022847637
2.6295768811139704,123879.39937037678,18581.909905556517,7066.501853973041
1.894047312737176,79665.21311063429,11949.781966595143,6309.125377299027
4.611202980641493,151004.05347692122,22650.608021538184,4912.082186932295
0.955526768158558,31673.0441826845,4750.956627402675,4972.0811448940085
3.0341113588757502,122938.61815084441,18440.792722626662,6077.823303578301
2.7542566084525597,61523.80697886927,9228.57104683039,3350.6576760163725
2.8464230055331146,49655.25949936865,7448.288924905297,2616.7189171906957
0.2856725225635683,10736.91940938777,1610.5379114081654,5637.706759318395
3.9917210517718424,108300.78045698478,16245.117068547715,4069.7024811733386
3.9470219160394784,113677.07984980138,17051.561977470206,4320.108258881949
2.71901022699635,61390.840444136025,9208.626066620403,3386.756686381807
2.882281741030845,69497.50589518032,10424.625884277048,3616.7962818751685
2.6264261291106474,94243.47677329752,14136.521515994627,5382.417331029787
3.00154648588605,128416.7044603858,19262.505669057868,6417.527018033712
4.27087817346798,120151.07515176691,18022.661272765035,4219.8958951176355
3.4571114239556957,73585.38029183302,11037.807043774952,3192.783133135256
3.917031886658767,98002.5220993378,14700.37831490067,3752.9381277108037
5.065798406950444,159719.22898287256,23957.884347430885,4729.34025849901
6.457244253192351,313494.5778636302,47024.18667954453,7282.392431770964
4.0323297393552,82031.79895833984,12304.769843750977,3051.5286792291454
3.618756008333435,135135.31747599502,20270.29762139925,5601.454636543578
1.2704509882343857,43114.27579213288,6467.141368819932,5090.429641687844
6.193515657473211,298878.9395317604,44831.84092976406,7238.512568490746
3.3589509267082494,123081.2728267774,18462.19092401661,5496.415793757797
3.5746895306626376,98042.98438029856,14706.447657044782,4114.048935130503
2.0891476454254447,95371.53640637385,14305.730460956078,6847.639750249813
3.9032642834813025,72832.4472190704,10924.86708286056,2798.90529808469
2.528789819862893,132074.33929328743,19811.150893993112,7834.241793597241
3.421640839037691,121031.2647000063,18154.689705000943,5305.84317847539
3.2137611358442735,116327.28663600227,17449.09299540034,5429.492814753441
3.383371427286611,87764.95352002769,13164.743028004154,3891.013242540145
4.328348343521847,130867.02322221508,19630.05348333226,4535.229589991797
2.0255249255419123,50672.466210633895,7600.8699315950835,3752.543271992338
1.824526524273577,71411.18623218892,10711.677934828338,5870.935715277212
4.835536538546118,75473.02259805144,11320.953389707714,2341.1990167923623
2.166225503452457,65625.3822685685,9843.807340285275,4544.220961574199
3.1919475966706754,101743.17912467505,15261.476868701257,4781.24292661307
2.3622328147001364,61210.68513276928,9181.602769915391,3886.8322854455437
3.112616564215266,139180.05790100285,20877.008685150427,6707.221482133895
2.79932614738069,92396.45117709698,13859.467676564547,4951.001400652352
3.230544032560566,78129.55521742687,11719.433282614029,3627.696500804254
2.803121575552935,97227.03674398294,14584.05551159744,5202.7909309358565
4.94624615347166,203735.8705025206,30560.38057537809,6178.499740440221
3.724890006116823,83424.12863753494,12513.619295630242,3359.460084749085
2.7772197918856194,73128.69441791422,10969.304162687133,3949.7429028616493
2.6767761368477205,110596.93715692197,16589.540573538296,6197.58236229452
5.954140432847984,254911.77857709574,38236.76678656436,6421.8785596017515
3.12258508900456,164032.03615560234,24604.80542334035,7879.626886703684
5.402334856975754,269615.1323721419,40442.26985582128,7486.072397678252
1.2997293107474674,38449.43754166414,5767.415631249621,4437.397528515234
6.4773737985340905,221621.69728508333,33243.254592762496,5132.211854175508
1.997133819580977,53487.15660958838,8023.073491438257,4017.2938902619935
4.6607968233843176,126491.10206228413,18973.665309342618,4070.9059047901983
4.28242158779566,238045.51190291313,35706.82678543697,8337.99896936741
1.758053009301597,62000.68361580618,9300.102542370927,5290.001207680012
3.2249060800769627,94356.85722454438,14153.528583681657,4388.818846886816
1.5373091387661557,64861.46955421155,9729.220433131732,6328.733881683943
3.8997752323386985,152552.19249140564,22882.828873710845,5867.730192231616
0.6523387200627089,19529.240073393525,2929.3860110090286,4490.59042628564
2.8237864087095006,145901.0538620355,21885.158079305325,7750.288057129316
3.361140267583844,122898.70833252114,18434.80624987817,5484.688165998508
2.0749887029807907,62556.30663914264,9383.445995871396,4522.167268858747
4.698265584542972,188401.7122339719,28260.256835095784,6015.040300844301
2.7323368925716496,110304.95330364203,16545.742995546305,6055.528159989674
2.6303613819336977,89303.77605255389,13395.566407883083,5092.67148608888
5.6299605681232086,159269.54518511315,23890.43177776697,4243.4456669260535
2.736742549225059,125975.78840060902,18896.368260091353,6904.693415696731
1.9907708393612562,39490.01982847169,5923.502974270753,2975.4820882203217
3.7486577588020924,124489.5166779963,18673.427501699443,4981.363651523808
3.795688551591456,106395.15388206097,15959.273082309144,4204.5791864608445
3.345387472440069,90641.09172727216,13596.163759090823,4064.1521710410457
2.9905009437290593,77440.63941460408,11616.095912190613,3884.3311307254467
3.397607775524947,110725.55551547032,16608.833327320546,4888.390427807518
2.505024259859634,139409.39468361367,20911.40920254205,8347.787100358779
2.198993145001152,49656.75520544349,7448.513280816524,3387.238062905658
1.8275010093130315,75152.72614674593,11272.90892201189,6168.483007431795
3.646637432097035,149492.60460032785,22423.890690049175,6149.196652422364
2.8039310858052047,85841.15766344244,12876.173649516366,4592.1862041123295
2.054146512294564,99335.60639208274,14900.34095881241,7253.78684997894
2.770419318648423,84047.85505658863,12607.178258488293,4550.639021907641
2.825309883481318,59916.19664516408,8987.429496774612,3181.042033414187
3.7817331070123648,141292.40025839437,21193.860038759154,5604.271755576817
1.9802032274107966,72952.23626093619,10942.835439140428,5526.117363947877
1.7394630295368267,76742.47567512677,11511.371351269016,6617.772930956855
2.782111163299376,86515.82416707154,12977.37362506073,4664.5776762099385
5.187654103690595,167941.6373551896,25191.24560327844,4855.999474860306
3.070471972461839,66613.45557922134,9992.0183368832,3254.2288047240545
2.3859185646699057,71445.63101789088,10716.84465268363,4491.705966572383
1.9681189018244607,76662.34401993043,11499.351602989564,5842.813456204084
3.502941695176963,131005.90758356513,19650.88613753477,5609.82392729835
2.786817534772827,70080.46894962217,10512.070342443325,3772.0698292147918
3.4690514285408676,80768.99337002957,12115.349005504435,3492.409742279411
5.520371540962231,109201.18675644026,16380.178013466038,2967.2238348310307
3.220560638040951,115035.3859418037,17255.307891270553,5357.858407462516
1.8740093729834366,58757.396810581085,8813.609521587163,4703.07654201101
1.8728857765796685,56687.161770807434,8503.074265621115,4540.092285366028
5.086537164944687,256670.85988661196,38500.628982991795,7569.123695454306
4.1577686303863,135077.84693200816,20261.677039801223,4873.2093680543985
3.497950814293732,107376.66709350851,16106.500064026277,4604.553042372703
4.885916701313223,280594.1926813832,42089.128902207485,8614.377091384895
3.2018594402136222,129479.40486874254,19421.91073031138,6065.822405063349
2.0171398683210313,79028.70264204353,11854.305396306529,5876.789003319573
1.648302843876396,48790.932119463076,7318.639817919461,4440.106285752593
5.815185974208733,262215.7065776524,39332.35598664786,6763.731402760473
2.697766748928999,86815.28744613913,13022.29311692087,4827.064134469987
5.743573850638079,210941.65191209022,31641.247786813532,5508.982492372475
2.2409401639051874,110298.20581597007,16544.73087239551,7382.941829006152
3.8047608945997813,162279.73201915744,24341.959802873615,6397.763348919753
5.765420734195855,197023.15501178178,29553.473251767267,5125.987263423769
3.2054420934037386,106602.92626143276,15990.438939214913,4988.528406774389
4.386664560235825,82762.12944184836,12414.319416277254,2830.013383929649
1.9068148479167137,42398.68171247665,6359.802256871498,3335.3014131497275
2.2893104400649973,103477.05555771841,15521.558333657762,6780.014655075386
3.024121247108611,145417.72016055367,21812.658024083048,7212.891363049125
3.4834788785877966,106539.03493733026,15980.855240599538,4587.613646470043
3.5878065175428557,210674.95562168796,31601.24334325319,8807.956390272575
4.868245003219849,278939.8807761109,41840.982116416635,8594.674690518468
2.1125062075276957,25684.817829241092,3852.722674386164,1823.76868794865
5.12011080058074,244874.04852271694,36731.10727840754,7173.889142055553
3.3992750306699087,55551.24463404792,8332.686695107188,2451.3128887558805
4.117970185986519,103546.99002102841,15532.048503154261,3771.772937067376
2.581406119218424,81505.50954967446,12225.82643245117,4736.1111997955595
4.7987193432365975,118205.73929868838,17730.860894803256,3694.9151693552267
4.732730661890884,115127.67292991788,17269.15093948768,3648.876763375348
2.8539272511080633,70993.49095208719,10649.023642813077,3731.3577767893335
3.9109325847506207,101456.80353434956,15218.520530152433,3891.276620183121
2.3994972311450464,89643.14605821611,13446.471908732416,5603.870566800248
2.9202648455589757,78894.76766930922,11834.215150396383,4052.4458486679364
4.386280000962595,101374.62930051336,15206.194395077004,3466.7632690434525
2.638938432324362,85326.82988748902,12799.024483123352,4850.065589385518
5.861266058883684,148486.80250503324,22273.020375754986,3800.0357178798718
2.5774399742344882,63987.69274965362,9598.153912448042,3723.9097741931855
4.47111802735241,199988.78378033786,29998.31756705068,6709.354882500004
3.087008532896749,96425.41338452628,14463.812007678942,4685.381285326921
3.9311501812070344,69838.01620865021,10475.702431297532,2664.7932407611643
2.8480881408498124,89141.59032361805,13371.238548542706,4694.812058924903
3.370016653989114,103594.53603112002,15539.180404668003,4611.009974171539
3.4274218338191815,70282.34593562614,10542.351890343922,3075.8839738721517
0.45273358427036076,16494.17279049177,2474.125918573766,5464.860581441385
1.5880557015832863,39621.12461534084,5943.168692301127,3742.418283172188
2.2767681938181696,108098.50579576204,16214.775869364306,7121.838715680545
6.312889198285962,229915.84712699096,34487.37706904864,5463.010039588918
3.4736905246674796,175796.87597512174,26369.53139626826,7591.214936682505
3.337261596092006,157023.6933404108,23553.55400106162,7057.7487927956445
2.2940157798570224,97276.34999566247,14591.45249934937,6360.659166982191
2.147104138568783,44730.70955008696,6709.606432513044,3124.9562198625053
1.6457289652453233,72511.11900971689,10876.667851457532,6609.0274165139845
1.5610331634914056,36469.58516956024,5470.437775434036,3504.3699924983393
3.3906891164085047,87084.8830908032,13062.73246362048,3852.5302719161773
1.1318570557109917,30240.089984471786,4536.013497670768,4007.585122859359
2.9701893732578584,74786.15676358654,11217.92351453798,3776.8378055415296
4.796749075942253,176030.23997892495,26404.535996838742,5504.673181523874
0.6420664621592432,18196.11200760004,2729.416801140006,4250.987961528296
2.7379748659355716,100041.11787622841,15006.16768143426,5480.7543590458135
0.9188900157960361,18523.081462119884,2778.4622193179825,3023.7157565707093
0.9259037794079014,29814.025172419184,4472.103775862877,4829.98760273201
3.8508594969851613,194611.0354442997,29191.655316644952,7580.555805658219
1.341501118871574,56829.50698272568,8524.426047408851,6354.393542794295
2.4915850872140086,91649.32362316552,13747.398543474827,5517.531235044685
5.4726210060731635,242419.4649732228,36362.91974598342,6644.516348862854
2.287828098327088,102152.82374716463,15322.923562074693,6697.585178396561
0.26137046098143857,7743.2343138775905,1161.4851470816386,4443.8271360898825
3.5837366725180506,117489.68158542414,17623.45223781362,4917.619191432055
1.3621903002223064,37704.72244139392,5655.708366209087,4151.9223601034955
3.987432210483436,71410.45432824579,10711.568149236868,2686.3323522027217
5.161759271627391,256033.985431811,38405.097814771645,7440.311683241933
2.876310875406181,96363.93821116415,14454.590731674622,5025.392371620263
1.1735215380154698,33202.81146019607,4980.42171902941,4243.9968570596075
3.81355391667746,115947.5447693145,17392.131715397172,4560.6098918223715
3.9928917299101836,114445.35075495676,17166.80261324351,4299.340872343078
5.609984086924021,134893.5763803134,20234.03645704701,3606.7903479814363
4.779744073762181,129764.55219274486,19464.68282891173,4072.327415135199
3.6119007239797183,222899.60889684717,33434.94133452707,9256.882702381501
3.3396257496819746,128574.07087039338,19286.110630559007,5774.931706762526
3.201778196269574,144483.4091855581,21672.511377833715,6768.898421222491
3.737754673659258,122328.76601612741,18349.31490241911,4909.181180811728
2.8561430930045892,128495.32553426677,19274.298830140015,6748.365961547097
3.945309081926248,142488.7038345306,21373.30557517959,5417.396997637595
3.078724868739682,141637.0304191431,21245.554562871464,6900.7642672430875
2.9511611167917065,110806.14294966182,16620.92144244927,5631.993911778819
2.9884165849330775,114319.36646001924,17147.904969002884,5738.124013719758
3.728717167798617,121556.717879374,18233.5076819061,4890.021651245517
1.8434768647762385,60509.43564555606,9076.41534683341,4923.530921520464
4.294355908079765,181672.82877783754,27250.92431667563,6345.753565838229
3.696685777724907,79025.41765791824,11853.812648687735,3206.6054194043672
3.2857206253910207,141990.8742164097,21298.631132461454,6482.179576642122
6.025321470849504,239100.8466463278,35865.12699694917,5952.400576544272
3.4610735467757783,84091.0798663311,12613.661979949664,3644.43627373944
1.6030372388719996,61677.926132664434,9251.688919899665,5771.349969642471
0.7366449830756495,37977.23423715215,5696.585135572823,7733.148621725988
3.7542809874734817,144741.00489543952,21711.15073431593,5783.038298613573
4.3056382824084425,98567.20779164042,14785.081168746063,3433.888357308952
4.780575957594252,157201.92768525484,23580.289152788224,4932.520550233999
4.524804675027536,78863.96811305369,11829.595216958054,2614.38803806179
3.167851759553403,80789.80947746913,12118.471421620368,3825.454074697234
2.522300600347941,47630.83860397945,7144.625790596917,2832.5829957029487
2.6836446403572687,85980.73986483185,12897.110979724777,4805.819215321969
3.154894982165636,112528.57591778928,16879.28638766839,5350.189620600882
3.5595744779540532,59865.87061741792,8979.880592612688,2522.739908443798
5.930129854865759,248310.60754766501,37246.59113214975,6280.906496775678
3.837593820516362,101522.20441551843,15228.330662327764,3968.19761927768
0.28537975954256883,6051.576033038645,907.7364049557967,3180.80163222085
4.361373884002289,154120.7774906558,23118.11662359837,5300.6500333293225
3.1114035883116795,88107.90587478604,13216.185881217905,4247.660422732018
3.388514822491082,60354.18773643587,9053.128160465381,2671.7097710111043
4.676540950043674,100469.18905212387,15070.37835781858,3222.5481437680637
1.891362153496388,66713.67465788062,10007.051198682093,5290.922830502331
4.72853650354616,130245.6631526392,19536.84947289588,4131.690525862335
4.355093189590806,197555.14832206344,29633.272248309513,6804.2797153311385
4.0914236842663305,213568.19739428244,32035.229609142363,7829.848991766514
3.6967257493980763,142958.13162637138,21443.719743955706,5800.733188673059
3.678248946835407,120138.92300116947,18020.83845017542,4899.298201574884
4.479430190625517,189951.34213414066,28492.701320121098,6360.786999147836
3.0383497064403957,104287.19230438312,15643.078845657466,5148.544557757391
2.3964521667270513,69415.76976892566,10412.36546533885,4344.908531831667
4.68739858794627,122447.0650702814,18367.059760542208,3918.3908549559733
2.977157913752592,116646.91966526775,17497.037949790163,5877.094348594975
0.8269079231265062,33385.18750248788,5007.778125373182,6056.028712893414
1.6127929274032828,49587.63554083693,7438.145331125539,4611.965494604139
6.537566922405204,277622.9408030095,41643.441120451425,6369.868425779815
4.658485696534919,76637.26789899585,11495.590184849378,2467.6667341492625
4.149611793584981,129499.65711395712,19424.94856709357,4681.148390103196
2.375800197846886,80538.21990415709,12080.732985623563,5084.9111792195135
3.41960548029029,102345.45669781607,15351.81850467241,4489.353696839085
2.635652616039904,91250.21744599646,13687.532616899469,5193.223315394702
2.826550185772142,128096.72986993344,19214.509480490015,6797.866026652946
2.012952455870831,52856.6711852395,7928.500677785925,3938.7421469703545
3.3265026565446156,77719.21481489249,11657.882222233873,3504.546193371578
5.136476479203339,244269.42667815628,36640.41400172344,7133.3752135483965
5.001860135272567,117585.74096342808,17637.861144514212,3526.2603646459356
3.1344769582424146,188705.47435962936,28305.821153944402,9030.476705056475
2.811966706280159,83342.00365500084,12501.300548250125,4445.749844879069
3.128543056877353,86373.26860841467,12955.9902912622,4141.221666354106
2.721544734044027,108078.42059694562,16211.763089541842,5956.8240370064705
4.038925523907014,92552.96362833724,13882.944544250586,3437.2865907220444
3.4553967476889706,94263.50932124561,14139.526398186841,4092.0124172842384
4.0171699824815175,102992.85148903241,15448.927723354862,3845.7241766532443
4.283445583524028,162601.89509725838,24390.284264588758,5694.080568784221
3.569646388715409,121107.75434255936,18166.163151383902,5089.06518270603
3.4548463666268345,88947.64521151078,13342.146781726617,3861.8639921616323
4.430072663077972,164395.5101201895,24659.32651802842,5566.348092560485
3.7485859529206733,113955.65802346231,17093.348703519347,4559.945781742375
3.15221014679919,152932.01043667804,22939.801565501704,7277.370637485951
3.9720771999671682,113632.00639142946,17044.80095871442,4291.15550897533
4.775124245058782,128147.12232097998,19222.068348146997,4025.4593098886735
4.284143534496079,150929.9338802754,22639.49008204131,5284.484494916503
3.104457798596615,126556.0811227683,18983.412168415245,6114.888138275478
2.76627896813672,123582.85487747748,18537.428231621623,6701.214318998298
3.67531814886507,177306.90041401965,26596.035062102947,7236.389881054445
1.187965101027824,30992.769464703655,4648.915419705548,3913.343427078219
2.9226794955455278,127612.46526208868,19141.8697893133,6549.424874840888
2.8808535739921495,90630.559784232,13594.583967634799,4718.943055754157
2.5665595822620833,36623.76166843553,5493.564250265329,2140.439009572292
4.484413176170902,154670.3790621488,23200.556859322318,5173.5992978088025
3.460466865001424,70010.22359546248,10501.53353931937,3034.715819859483
2.5016012911649614,54900.403392048946,8235.06050880734,3291.9156773269756
2.8714216244252113,95634.16259578866,14345.124389368299,4995.826550634076
5.261389208966449,128775.39425248635,19316.30913787295,3671.3324885667334
2.880504827209149,71730.75133582547,10759.61270037382,3735.3218778663
4.675070572943065,161089.79557571645,24163.469336357466,5168.5785186224475
4.731962581845417,157444.31100581578,23616.646650872364,4990.877726184832
2.046560939838316,45622.404950648015,6843.360742597202,3343.834336610493
3.762136498607203,184286.07214669941,27642.910822004913,7347.6629123474695
2.1898242925546048,45911.281766909706,6886.692265036456,3144.860657748289
1.5335665334517707,43403.86757391913,6510.5801360878695,4245.3848555457025
3.2607391865199387,61711.160535964096,9256.674080394614,2838.8268889036494
3.480540524153992,203343.636493602,30501.5454740403,8763.450752079449
3.5067922203375663,91627.3002117863,13744.095031767945,3919.278408358317
2.6061519810628715,90100.852265815,13515.12783987225,5185.855597861316
4.511228725237033,132512.73743289453,19876.91061493418,4406.096836486558
3.5675292865824932,88712.939821029,13306.94097315435,3730.015902939287
1.0108618406404943,29186.272562017515,4377.940884302627,4330.8993457787565
3.319010408174479,189624.48359985428,28443.672539978143,8569.925683246869
4.707968972751563,80204.36503583915,12030.654755375872,2555.381062408442
4.6101985333369475,169465.8294524587,25419.874417868807,5513.835084119344
3.5946735375330414,133467.4478204093,20020.117173061393,5569.38396881538
2.6033494419908734,86436.23138442547,12965.43470766382,4980.289813782622
3.348715350451981,71063.74600195319,10659.561900292978,3183.1794538327185
3.137036616517356,118469.56949176735,17770.435423765102,5664.720433991398
3.224394105465513,139215.54194028876,20882.331291043312,6476.358226696511
2.964882352601832,77629.4626189578,11644.419392843669,3927.447368232035
4.4720155620452005,109718.96278741254,16457.84441811188,3680.184961294089
2.278422838919299,98202.77551085097,14730.416326627646,6465.181122225133
2.374185598729973,96607.0206370573,14491.053095558595,6103.588996290062
3.195666167720819,113361.83612944931,17004.275419417394,5321.042476581655
3.7547284839317165,91178.64581765744,13676.796872648616,3642.552832029849
4.067616856817662,158758.38489299786,23813.75773394968,5854.474148428177
3.7656296126870745,125752.68827886025,18862.903241829037,5009.22957963698
2.4805512372561007,59762.45588244504,8964.368382366756,3613.861406177938
5.150319186006302,195489.97637206924,29323.496455810386,5693.529934122127
3.549863853225805,192688.4740251438,28903.27110377157,8142.0787666284195
2.5428331454770206,75200.2106001785,11280.031590026774,4436.009342606987
2.2798593405538417,84429.25220033115,12664.38783004967,5554.898762733817
2.9198257170312036,50985.55988339756,7647.833982509634,2619.277560951732
5.457474203875348,259366.76186079968,38905.014279119954,7128.758254412552
1.7024863471681078,50283.14342021473,7542.471513032209,4430.268428042464
3.748957333147832,133012.87271767948,19951.93090765192,5321.994660019023
4.388662495917424,100933.3951022979,15140.009265344685,3449.8003160253857
3.5087645728124643,117452.49830307791,17617.874745461686,5021.104830450339
6.782548001073432,191066.1354977902,28659.920324668532,4225.53888599575
3.033787086723247,163892.33619872603,24583.850429808903,8103.353902913996
2.75413915364426,73898.5686371872,11084.78529557808,4024.7731422396582
4.527269248310007,135607.14879172435,20341.07231875865,4493.011394529232
1.8073138254459309,103091.82361368951,15463.773542053426,8556.21935954479
4.845005849599458,246386.5364969634,36957.98047454451,7628.05693570006
2.7755056258305824,72057.62353394013,10808.64353009102,3894.297107344715
3.439353670467053,112982.10438917555,16947.315658376334,4927.471054779587
3.4063108322885354,78901.31274907083,11835.196912360623,3474.4911709684247
2.6083356513322022,129497.45956636057,19424.618934954084,7447.131631633758
1.7530995500935547,83786.80621162002,12568.020931743002,7169.028667580404
3.311861876967443,103362.90824921182,15504.436237381771,4681.486370312836
2.415360879767962,101204.11811795953,15180.617717693929,6285.030880831478
1.8461017112574316,28483.149283151593,4272.472392472739,2314.3212350757412
2.631184080021848,101349.15736152345,15202.373604228516,5777.768921474428
2.2358157079694636,57886.69507773322,8683.004261659982,3883.595696510141
3.107598922594745,88538.72179002692,13280.808268504037,4273.655835037744
3.273883200642706,85113.56212882885,12767.034319324328,3899.6609032411393
2.546104386017913,72616.2058348228,10892.43087522342,4278.077102824168
2.4576304844412467,81997.23861208373,12299.58579181256,5004.652192296079
2.568519483703774,73896.36176300104,11084.454264450156,4315.50328303
4.487518403827462,157806.46576361317,23670.969864541974,5274.84630355002
4.77469784303765,101182.14334110076,15177.321501165114,3178.6977941015302
2.8989170567896854,93475.05329614997,14021.257994422494,4836.722720845934
2.042291435034404,61230.680693976334,9184.60210409645,4497.2044373979015
3.9046875684495395,179806.71539197542,26971.007308796314,6907.340686288474
3.0729474462984077,93217.05046277413,13982.55756941612,4550.210445759215
2.957072936782088,112627.49475353747,16894.12421303062,5713.123948648677
3.8766813199020196,163615.34072355233,24542.30110853285,6330.750217341347
2.8802249131131843,106621.09032266271,15993.163548399407,5552.748146710765
1.699712918993205,66050.02321161979,9907.503481742968,5828.927562433016
1.972559793477424,54216.00655252703,8132.400982879055,4122.76525648049
4.073182951765168,116258.386256885,17438.757938532748,4281.358864809996
5.926297533778937,160548.55247531418,24082.282871297128,4063.6304090424096
3.168615019491626,92307.39784425769,13846.109676638653,4369.7671037550435
4.58118557338293,193643.6997983695,29046.554969755423,6340.401301034022
5.876424694427483,263663.3103188719,39549.496547830786,6730.197118893555
4.161341595573315,171828.98231163074,25774.34734674461,6193.759093020008
1.5781718682116679,36280.5391698913,5442.080875483695,3448.344876182897
2.863056651232973,74669.91870668012,11200.487806002018,3912.073413279663
4.997894254116191,73076.77524903178,10961.516287354767,2193.2269331883176
2.2094913900890725,67116.21018451246,10067.431527676868,4556.447503183534
3.7324433753143778,82231.53017319622,12334.729525979434,3304.7331963718
5.229220076477329,91886.81921884262,13783.022882826392,2635.7702833787293
4.739391671927977,142538.71540400802,21380.8073106012,4511.297818503261
5.213477336202214,129345.36803889487,19401.80520583423,3721.471093987258
3.9438364373042223,106749.74953632777,16012.462430449164,4060.1233557734345
2.4601352610717817,48759.931194822544,7313.989679223381,2973.0030681471435
1.4692797416158703,79426.11021039948,11913.916531559922,8108.678146244193
3.7588056354727195,143544.25226985445,21531.637840478168,5728.31902700132
1.401425414995147,36402.55852451027,5460.383778676541,3896.307088661903
1.7344749977937308,63428.16920310079,9514.225380465119,5485.36323242901
2.6189855282347536,112299.56606607516,16844.934909911273,6431.8549027130675
3.5428782392791724,185071.4523794888,27760.71785692332,7835.639833496356
2.8133799152337167,95263.18365718797,14289.477548578196,5079.114083101401
3.4306311229176605,147919.17265786813,22187.875898680217,6467.578443645092
2.850412332816224,90609.74763130468,13591.4621446957,4768.244224956485
2.3339644066021275,66242.5750275472,9936.38625413208,4257.299822578632
3.408116135535951,126082.35601273557,18912.353401910335,5549.210370126143
2.636698935587319,62645.080005320764,9396.762000798115,3563.8357773694806
2.1595809670881083,59910.57152435478,8986.585728653217,4161.263627346358
2.215492980149212,78639.04355957052,11795.856533935577,5324.258140118835
5.2900856826519345,129106.39262036554,19365.95889305483,3660.8025001490378
4.400922408216986,135179.8561683167,20276.978425247504,4607.438292342589
2.891141321165235,67136.75870216695,10070.513805325041,3483.231252516656
3.7722471861355675,156639.08175150023,23495.862262725033,6228.611515459856
7.2165836536894945,145001.99776750163,21750.299665125243,3013.9330060984403
3.2940794809756437,213083.67727604927,31962.55159140739,9703.029867980202
1.4852265420484823,64188.54963132028,9628.282444698041,6482.702922490423
3.2022677460737796,122769.20101014152,18415.38015152123,5750.730923140286
2.5163486232687964,87876.35652944642,13181.453479416963,5238.32562687357
3.3574311221779007,70383.34497123482,10557.501745685224,3144.517746305031
2.6615512784467,90888.42145828134,13633.2632187422,5122.299663788055
3.2200364488668183,107785.94721949537,16167.892082924305,5021.027662160172
5.910141695974653,155392.73478122742,23308.91021718411,3943.88348304062
4.841129525226082,137392.3175654745,20608.847634821177,4257.032894375769
3.03741790354388,90130.5210416199,13519.578156242984,4451.010228282758
4.731584623098251,234833.92998896042,35225.08949834406,7444.6707190621055
4.014685300910468,66156.60035745655,9923.490053618483,2471.797740004177
4.107084450977436,167383.60453505162,25107.54068025774,6113.2272734938415
2.999245108574027,102358.71278819852,15353.806918229777,5119.22379212603
5.648024971437495,126611.41866045106,18991.71279906766,3362.5405155094463
4.642885195278934,119292.50537529794,17893.87580629469,3854.042271923906
3.4775687978065317,108724.09974423268,16308.614961634901,4689.659906058946
3.17980470915602,145987.7935131699,21898.169026975484,6886.639598941807
3.3314964142752963,87015.42492444107,13052.31373866616,3917.8531553381376
2.7327140052578254,106389.95090490664,15958.492635735995,5839.796116619364
2.1854089961938894,63674.23651766294,9551.13547764944,4370.410982238889
2.3747124989683,75025.18069680198,11253.777104520297,4739.006136283668
4.58662860681191,68045.8005870301,10206.870088054515,2225.3535141030616
2.799042220701748,101527.94562758508,15229.191844137762,5440.858209105417
3.6000322465693526,125081.1198323316,18762.16797484974,5211.666643466633
3.8002744899413274,161546.29638921213,24231.94445838182,6376.366897317445
1.781341611294278,94413.85738438526,14162.07860765779,7950.231734253364
0.9830998585007025,24511.66333938381,3676.7495009075715,3739.955274243328
3.143540651107758,124247.95902185026,18637.19385327754,5928.726847133325
2.8662468358412596,75141.26462658835,11271.189693988252,3932.3862666140876
2.776450951804557,87818.81622750047,13172.82243412507,4744.482313135545
4.787498628523495,163210.72253926852,24481.608380890277,5113.653346035655
6.6651841292997185,208708.25682800726,31306.238524201086,4696.980295950248
3.8221826542585973,133309.82675047088,19996.47401257063,5231.689801713419
3.5413703205499703,81710.07740709618,12256.511611064427,3460.951694303748
4.084672456055789,122565.72049844728,18384.85807476709,4500.938146829952
4.3238070439855525,78253.17158996241,11737.97573849436,2714.7316286516466
3.4792532033587005,118943.78406772776,17841.567610159163,5127.98769371996
4.523741050607101,183280.98536051335,27492.147804077,6077.303607019563
6.054103939571387,295467.7822971149,44320.167344567235,7320.681604899069
2.4583504557023055,112721.4113930138,16908.21170895207,6877.8687227983955
2.30103798434083,69207.19854463974,10381.079781695962,4511.476930125424
3.598929970762239,95684.96677914934,14352.7450168724,3988.0589879420595
1.7186415301642382,104034.26089072823,15605.139133609233,9079.926709392366
3.2785569775987766,135110.35715269556,20266.553572904333,6181.546854722534
2.7676855960089584,78800.7304932222,11820.10957398333,4270.755894754843
0.8148024338148655,14187.224514414822,2128.083677162223,2611.7787439571557
2.3812124901400598,101937.69469735087,15290.65420460263,6421.373257496753
4.478970703998784,200870.20860638891,30130.531290958337,6727.1105979903095
3.3996198350621847,126500.79299201058,18975.118948801588,5581.541427985727
2.952984072540305,109884.01264056942,16482.601896085413,5581.676531667254
4.400532270144471,151261.2557500825,22689.188362512374,5156.009993710938
3.9465703142570536,138115.46741771264,20717.320112656897,5249.449132532928
1.1202102397115874,26842.033381616304,4026.3050072424453,3594.240495676124
5.276313249039908,244316.17433032478,36647.426149548715,6945.650195468811
3.1631391367193347,75503.5926818427,11325.538902276405,3580.4744631065278
3.5077565018821346,73220.82046244979,10983.123069367468,3131.096204504025
4.197194919800392,134085.01250098782,20112.751875148173,4791.950876587996
2.7860319171907366,142869.5737636152,21430.43606454228,7692.099983603711
5.326725645755281,190614.02228168014,28592.10334225202,5367.669604879363
2.683378750820776,48925.31178440763,7338.796767661145,2734.9090266949447
4.253656975392173,188562.59579937244,28284.389369905864,6649.428840532714
2.879299920549953,52378.45170748183,7856.767756122274,2728.7076625979316
3.6961388892677167,65179.99350446454,9776.99902566968,2645.1925424281635
4.431111542160732,121541.78147692424,18231.267221538634,4114.377859386624
2.592511707185492,108810.17735607544,16321.526603411316,6295.64239118922
4.233417371987238,202874.70074937874,30431.20511240681,7188.330948366163
5.304930649689925,149591.32453552165,22438.698680328245,4229.781718567762
4.422357874347313,178815.3005612874,26822.295084193112,6065.1570601693475
3.487447130163271,105539.61897256394,15830.94284588459,4539.407266983697
2.9130695946454175,135158.9816927199,20273.847253907985,6959.616512826822
2.921135564692099,82364.94764935643,12354.742147403464,4229.431285810835
3.8372521972103715,80335.65663049083,12050.348494573625,3140.3587450765053
2.7230729845989066,77953.35050626437,11693.002575939654,4294.046704613746
1.3703627416827686,24281.645416658244,3642.2468124987367,2657.870578140614
2.4335994585276546,56408.03052006901,8461.20457801035,3476.827112350461
1.1594424763216358,41350.305029160736,6202.54575437411,5349.593344252717
3.2649894890899187,163779.36920236546,24566.90538035482,7524.344400631619
2.224242980620011,85213.03426884275,12781.955140326412,5746.654143318202
3.7114840007088183,118414.05831046555,17762.108746569833,4785.716102555643
5.269234321415415,216270.72371422968,32440.608557134452,6156.607692561354
5.123482600154629,285868.0107875068,42880.20161812602,8369.34658796965
2.916168010408942,60349.93926573438,9052.490889860157,3104.241887829605
0.2678727748109523,6202.038629305892,930.3057943958837,3472.9389541450596
3.73490651022573,137923.96353154726,20688.594529732087,5539.253652826162
0.2520186027389259,8880.301995320042,1332.0452992980063,5285.503866863012
5.27499561522622,132531.8496002622,19879.777440039332,3768.6813203515394
1.7113133182625135,48259.15027779624,7238.872541669435,4230.010053926899
1.0251245080650717,53580.003411837824,8037.000511775674,7840.023771303213
2.8789841939955996,85072.37569230548,12760.85635384582,4432.4162600335985
2.5500534042763308,57430.82428171332,8614.623642256998,3378.213031856761
3.929578444345441,151609.4852673675,22741.422790105124,5787.24234983257
3.5387407718262702,155581.38714911,23337.2080723665,6594.777514692791
2.6674509026423663,95237.38648861177,14285.607973291764,5355.527990839681
2.97607840281991,97568.8784432595,14635.331766488924,4917.656656028139
3.372776325337006,124785.38262411887,18717.80739361783,5549.673499842168
3.17764698205253,154911.1047421152,23236.665711317277,7312.538441985167
1.989711935693387,44216.80192733665,6632.520289100497,3333.407298875732
3.273921616869121,109983.80598703805,16497.570898055706,5039.085484835911
5.323248885008137,171534.03701293684,25730.105551940524,4833.534202093049
2.534037141417953,108934.90698207711,16340.236047311566,6448.301715959923
6.050477753306825,83451.4218168316,12517.71327252474,2068.8801418505036
5.005646263498541,119136.96571457812,17870.544857186716,3570.0774518366893
4.1926628449018235,155478.30864631486,23321.74629694723,5562.514125195139
2.8672681544231144,116436.11648224943,17465.417472337413,6091.309403829166
2.076299776091996,73691.58604090377,11053.737906135566,5323.767807238737
5.5729021523124445,333726.3208279919,50058.94812419878,8982.56361874703
3.894359843812743,117817.34295259947,17672.60144288992,4537.999093989141
2.109179045121265,60461.071564193386,9069.160734629007,4299.853421930609
3.533564740748947,99310.58069839502,14896.587104759252,4215.739118339144
4.064984597942749,157996.76871313126,23699.515306969686,5830.161157059191
4.395718181519079,143999.0653881687,21599.859808225305,4913.840905233099
1.9754489051992519,65076.11395077459,9761.417092616188,4941.366525312185
2.1967495534013177,82174.56799070475,12326.185198605712,5611.101720503629
1.6556618529374612,34544.6663659264,5181.69995488896,3129.684932763071
1.9339992072150283,33798.03130073585,5069.7046951103775,2621.358207489023
3.8204684153022224,162994.97390064277,24449.246085096416,6399.541476948012
3.5966324932210822,114401.92518068408,17160.28877710261,4771.209960830374
2.008453790902475,96876.31459041114,14531.447188561671,7235.141407974409
4.698639378832045,194840.66030582073,29226.099045873107,6220.119632406845
1.6737909954727668,29951.791756821345,4492.768763523201,2684.187437783537
3.066757895112243,132823.3710245968,19923.505653689517,6496.602058298547
4.020221345194467,162409.51394878566,24361.42709231785,6059.7228362657315
4.693839327402121,174215.78094161025,26132.36714124154,5567.375727729673
4.057955645996576,201103.82468936784,30165.573703405174,7433.687387186052
2.613304626952937,67395.53799681473,10109.33069952221,3868.408831965945
4.546799082993239,171749.12754112476,25762.369131168714,5666.045202553548
0.2432056104381981,6318.979802361314,947.8469703541971,3897.3071741494964
2.56938093350205,102408.56998707024,15361.285498060535,5978.594025418878
2.4408909242124723,72392.8595301842,10858.92892952763,4448.756321641513
3.973384592332056,156030.46777794373,23404.57016669156,5890.335964924796
3.605240761375602,122694.0211164496,18404.103167467438,5104.819451904022
0.22891044369274222,10917.275269397487,1637.591290409623,7153.8513664658285
5.528415934142984,121744.0332402931,18261.604986043963,3303.225590039632
2.277818552964311,80606.11081699414,12090.91662254912,5308.1122755867555
2.5765375233910275,87769.24361483361,13165.386542225042,5109.720476687582
2.3295940423648354,115619.88101386136,17342.982152079203,7444.637064092876
3.0742597576030635,82415.52344710163,12362.328517065243,4021.2374658619915
4.12106571380674,189025.9382339134,28353.890735087007,6880.232615581312
4.605770357949469,142077.45293986468,21311.6179409797,4627.155998821407
3.0571470975118182,192217.5956021283,28832.639340319245,9431.224085941381
3.3525475385880172,139157.19717253983,20873.579575880973,6226.184516587717
5.785436414665754,175337.0126872876,26300.551903093143,4545.992733827777
2.9098341387485607,63315.50772170446,9497.326158255668,3263.871995927646
4.352413730649747,159102.0605052691,23865.309075790363,5483.235407454623
1.166235838741932,35172.274164715156,5275.841124707274,4523.820096626894
1.9436101839710782,59393.25518889844,8908.988278334766,4583.732042467696
3.789084863283419,162455.19672112167,24368.27950816825,6431.178077930933
2.6193512386974227,103342.63212081323,15501.394818121984,5918.028322857027
2.8071485212596445,86463.68700149073,12969.553050223609,4620.1876929560585
3.516597265750232,76781.36185770812,11517.204278656218,3275.0990256483447
4.6087517558445885,242235.42298336248,36335.31344750437,7883.9814709971615
3.370194021183242,102670.35590661321,15400.553385991981,4569.634059402016
4.734279134570998,198664.12855739237,29799.619283608852,6294.436478407853
2.5491022244534123,100588.7223360338,15088.308350405068,5919.067586095084
3.341194001829639,97351.526513996,14602.7289770994,4370.5121489811545
1.2428025871124164,47308.0825111441,7096.212376671615,5709.846801300338
3.13388900812619,82802.1395812391,12420.320937185865,3963.2293629352894
2.795398025711279,83052.11524761829,12457.817287142743,4456.54506891658
3.2198447613211427,97048.32661834548,14557.248992751822,4521.10274620159
2.777184744422095,44633.68907564922,6695.053361347383,2410.733882502497
2.8166286894658175,132973.075688801,19945.961353320152,7081.50187772992
5.157095085921255,225075.0876222718,33761.263143340766,6546.565960264762
3.4097870792963034,138883.11136210882,20832.46670431632,6109.609257072917
4.217299689056741,110079.04205061382,16511.856307592072,3915.267475640362
4.356613724211561,87733.1537928732,13159.97306893098,3020.68852140721
2.9872095297844576,146044.01354164313,21906.602031246468,7333.466840147346
3.3015847345848455,104826.68976121633,15724.00346418245,4762.5624444740015
3.722432776985978,132807.30922846665,19921.096384269997,5351.63361644369
3.592424883072514,174218.84968369608,26132.82745255441,7274.425576911058
4.411347182425016,266324.97439443914,39948.74615916587,9055.906168148198
4.704058906639061,122124.05443774737,18318.608165662106,3894.2131740332143
4.085590546043137,102982.70096726845,15447.405145090266,3780.947936657764
3.625490068577263,155646.95412434643,23347.043118651964,6439.693028262508
3.903985567066809,109172.16697858831,16375.825046788246,4194.642824740752
3.107120937172146,114251.2361470811,17137.685422062164,5515.615828478025
3.312606820303122,68640.17061493154,10296.025592239732,3108.1339110741756
6.931476049762705,278719.0232862922,41807.85349294383,6031.594597282797
3.4890884063219603,104046.61124319935,15606.991686479902,4473.085765955724
3.2473290812388083,154967.63579713894,23245.14536957084,7158.2352105513
1.2984688721316677,47795.45987074366,7169.318980611549,5521.363765033378
1.7320858829508945,77322.63499571096,11598.395249356645,6696.201016081755
0.6098533038844492,28709.824247706983,4306.4736371560475,7061.491033542073
3.5164917350636427,229274.61570505972,34391.192355758954,9779.972468820983
3.417338440203594,141591.2509982142,21238.687649732132,6214.979294958798
5.3417661193766905,216586.68963606082,32488.003445409122,6081.884290583657
3.45263576250882,82346.56191042342,12351.984286563513,3577.552089534078
5.169489118075418,175163.43042766,26274.514564148998,5082.613380939063
2.9961467368047923,88522.12958449357,13278.319437674034,4431.7987749273425
5.990385848031309,154613.63538068635,23192.04530710295,3871.5444873596625
3.618187020044414,57017.686532912245,8552.652979936836,2363.7951638640975
0.9775481062109903,41689.941131335894,6253.491169700384,6397.118596995832
3.895370631778549,105364.38793046068,15804.658189569102,4057.292536077115
2.340855212167606,76671.36452380137,11500.704678570206,4913.035466179337
5.993848373412953,279695.5374677113,41954.330620156696,6999.56488827019
2.8818492236516007,62786.400110313385,9417.960016547007,3268.0266334730304
1.5804602870606161,64670.02488349776,9700.503732524663,6137.771263184302
3.0065056642939534,104405.81954452083,15660.872931678123,5208.994986329392
2.8452102825136185,89104.64369279605,13365.696553919406,4697.612909690246
3.7136714307931555,66764.96946062849,10014.745419094274,2696.723607816686
3.4769561803598017,80731.75196694615,12109.762795041921,3482.863219112753
3.767288020686438,47653.4001399648,7148.0100209947195,1897.3887798714895
2.2480873290931327,100146.34600445951,15021.951900668926,6682.103362385263
2.0819228696188734,41626.25771220938,6243.938656831407,2999.1210279439656
2.4619228214124513,81673.34454823505,12251.001682235257,4976.19241987717
2.214825971033402,55368.35112949266,8305.252669423899,3749.8443570935747
0.6045744925533426,20708.638079490273,3106.2957119235407,5137.98671658227
1.7317210065888575,56914.55798183128,8537.183697274691,4929.88400833182
4.167934499925329,128575.24124327904,19286.286186491856,4627.300689787083
2.4535878555123736,105404.5300171437,15810.679502571555,6443.9019238909095
1.6341931532497471,59516.27716659487,8927.44157498923,5462.904771835674
2.1604524679546273,62040.30366015233,9306.045549022849,4307.452113414554
1.294409929955838,61097.65906084927,9164.64885912739,7080.175025727796
4.001975083926597,53482.67628697545,8022.401443046318,2004.61054224631
3.6178343341479553,156949.8687773476,23542.48031660214,6507.340619328465
3.100673622840943,85210.08126506337,12781.512189759505,4122.172709699335
2.1761265467076534,76753.40757673373,11513.01113651006,5290.598174967601
4.279107132225964,138081.43545301276,20712.215317951912,4840.312401147468
2.0975130758214595,70056.9662226237,10508.544933393554,5010.002108939436
1.4475556429884788,52825.05785888923,7923.758678833385,5473.888839585319
2.0899080902914853,71571.04518976994,10735.65677846549,5136.90378459091
4.304347177740804,152615.09636135996,22892.264454203992,5318.4056742884095
3.003390581255957,90301.46610451845,13545.219915677766,4509.97615835015
4.7868215648775605,125339.28655684872,18800.89298352731,3927.6360584391673
1.3143478553026815,24784.015009009425,3717.6022513514135,2828.476674841369
4.211860170580308,78060.4376791338,11709.065651870069,2780.0224075949795
1.9578500798775569,96992.00317090661,14548.800475635991,7431.008443989678
1.3212682893356718,39558.76719959645,5933.815079939467,4490.999388869739
3.572349183794576,112086.51761319277,16812.977641978916,4706.420558843592
3.4045938938876925,98960.40888876731,14844.061333315096,4360.009386131137
3.2374410543478795,71217.65110544146,10682.64766581622,3299.7195891704146
5.512725586740851,157281.98665474026,23592.297998211037,4279.606816445749
4.019083910974758,135384.6509635342,20307.69764453013,5052.817531148498
1.6468164301168327,37518.14089868025,5627.721134802037,3417.3336091884757
4.765012011651207,162624.20671880213,24393.63100782032,5119.322039099596
2.532322222381145,58106.68916120408,8716.003374180611,3441.9013888307413
3.566295413070044,107685.49714233095,16152.824571349642,4529.300773051913
6.733967930951006,256137.20435899933,38420.580653849895,5705.489103572838
3.2425812747569505,89893.82653552703,13484.073980329054,4158.438243414504
4.861881384968806,210031.36737204282,31504.70510580642,6479.941119749995
2.6994448227238252,65662.6283957239,9849.394259358585,3648.6740445467726
3.602211738289465,80620.48971505289,12093.073457257933,3357.1245489862326
0.26376029056805667,10720.69199845264,1608.103799767896,6096.838141573724
1.0123949042617182,20850.186389439907,3127.5279584159857,3089.237159581234
2.921470683609394,117074.7199905292,17561.20799857938,6011.084792705503
5.951210533206028,113256.49764744533,16988.4746471168,2854.6250468414855
1.8475565216800482,66821.73656694686,10023.260485042028,5425.14416605102
6.540254327716303,131488.18701460693,19723.22805219104,3015.666832497309
3.755155904163505,111772.93224485368,16765.939836728052,4464.778630932186
3.246395133945033,137221.4965264442,20583.224478966633,6340.332470235628
2.06048807716125,84604.61091270899,12690.691636906347,6159.070648149737
3.6401779042511158,104961.35910291818,15744.203865437727,4325.119342945064
4.576846725801727,148557.30819552732,22283.596229329098,4868.766110017738
2.5853044393152578,112602.0898726379,16890.313480895682,6533.20097395154
3.00664969694584,89206.39203535292,13380.958805302938,4450.454876367985
4.539009205206759,168245.7223185004,25236.858347775058,5559.992766444605
5.1802187136110005,133637.72631082957,20045.658946624437,3869.654942165774
5.346096925994328,181109.60253012634,27166.44037951895,5081.546547992342
2.4396485630181246,73729.9221550392,11059.488323255879,4533.230109821238
3.965720797084994,211987.17194687092,31798.075792030635,8018.233612261315
0.8809282395441893,35325.275302955975,5298.791295443396,6015.009007073154
2.8045462016250355,103361.22404232803,15504.183606349205,5528.23255233436
3.3937425045740426,48547.06557185309,7282.059835777964,2145.7313941653783
3.046542225694636,90873.65520846835,13631.048281270252,4474.268620439772
2.1543485178457487,67547.20024506254,10132.080036759382,4703.083067957364
3.49625725790209,144314.5153002971,21647.177295044563,6191.528740088718
4.063145092080787,82194.2019961238,12329.13029941857,3034.3810078179285
4.9171461436945645,194494.12686121918,29174.119029182875,5933.140520257652
3.5562815221327715,147486.25847499413,22122.93877124912,6220.8063769882765
4.118459126378635,174068.51137819327,26110.27670672899,6339.81688430347
1.8382033894032204,79255.0053910767,11888.250808661505,6467.320687794549
2.6352446787814237,48745.17333894326,7311.776000841489,2774.6099099316134
3.6119753702641346,153784.94188776903,23067.741283165353,6386.46140089224
1.3295429389907027,50096.01856819028,7514.402785228542,5651.869198698432
4.3234591157261,127137.95610785687,19070.69341617853,4410.98039919263
1.3552907529859943,44123.58869314926,6618.538303972388,4883.482226518803
1.8888545639272942,84427.74439316522,12664.161658974783,6704.678010065285
2.8886104609020915,63190.50607705262,9478.575911557893,3281.3617619448087
3.10778364569559,87541.16532058042,13131.174798087062,4225.253844898209
2.169708905247157,71296.44342212586,10694.466513318877,4928.986781339981
3.5210012282838625,92378.29197097466,13856.7437956462,3935.455541547761
3.9985362897036563,131547.89116103417,19732.183674155127,4934.851716856005
1.010124961228309,49226.32872491336,7383.949308737003,7309.9364852425215
2.722108195539356,80153.49017086199,12023.023525629298,4416.805895273045
1.8434305174371484,40249.18161637795,6037.377242456692,3275.0771918706378
4.951737010051669,233400.78156663012,35010.11723499452,7070.269920217189
3.113184379434841,131781.25863835268,19767.1887957529,6349.507894980953
1.1122435353898212,30119.446961355858,4517.917044203378,4061.9854379463127
3.5864303594980984,76072.46798441511,11410.870197662267,3181.6790105633495
2.074954393812066,107853.9553502975,16178.093302544625,7796.84283702378
2.223394073601772,35433.30272475689,5314.995408713533,2390.4873507661837
4.247218989308562,132778.40157099866,19916.7602356498,4689.365037636593
2.5702538008135805,58399.294030154706,8759.894104523206,3408.1825311377324
5.453312271851752,222027.1320746444,33304.06981119666,6107.126852628921
2.5774830335626877,80509.29262225777,12076.393893338665,4685.343700069385
2.952804401348079,88232.09684762091,13234.814527143137,4482.1169059152335
2.691645287762153,101405.82973324817,15210.874459987226,5651.143755510824
2.501914705064709,97813.75396227764,14672.063094341645,5864.333849847279
2.7558415432078442,155246.1710634656,23286.92565951984,8450.023448160042
4.224526169694835,190325.9505533879,28548.892583008183,6757.892231277254
2.5031029459385237,69672.56220383626,10450.88433057544,4175.171599527219
0.44736131799066653,17323.65717582133,2598.548576373199,5808.61257304194
4.937286298035551,165055.02494633303,24758.253741949953,5014.546908450655
2.5659822005234627,88860.91937451469,13329.137906177204,5194.555871610508
6.121362738382255,253726.54501654583,38058.98175248187,6217.403440878272
1.8916862430621662,51287.7659455822,7693.164891837329,4066.829221839676
5.8840270915402995,235910.7899262833,35386.61848894249,6014.01352142298
2.4783774783039467,52291.91882101361,7843.787823152042,3164.888275421168
2.7229338945941652,47118.02907707,7067.7043615605,2595.620986463167
3.9629341998429775,88963.26824539673,13344.490236809508,3367.3257147035783
2.3971481513478787,33652.81674091108,5047.922511136662,2105.8033097780353
4.128840640571241,141702.47789615658,21255.371684423484,5148.0242360438315
4.014810069718146,104913.22788714564,15736.984183071845,3919.7331654039212
3.8985552857942656,108113.9479323794,16217.092189856909,4159.7697098075005
3.8903744479662055,135821.82216837312,20373.273325255966,5236.841234114784
0.9431726225440369,29880.403207502484,4482.0604811253725,4752.110455704098
3.542590609060526,123730.85806040028,18559.62870906004,5238.999014334864
4.742950747849385,117140.29439040046,17571.044158560067,3704.665110960171
2.2568142684354195,76196.2751408939,11429.441271134083,5064.413776087017
4.408466410682151,136655.2393920609,20498.285908809135,4649.754358826406
1.2924848051617017,43087.20676327677,6463.081014491516,5000.508314434633
3.7052430138728076,92435.66085524949,13865.349128287422,3742.0890010113076
3.3252707664087717,151748.86977829196,22762.330466743795,6845.256240990767
6.9872201279295005,208285.1452233753,31242.771783506294,4471.416559301154
1.0145587717468054,41247.99059941972,6187.198589912958,6098.413184344379
3.4257038713996333,124199.38924899645,18629.908387349467,5438.271691516022
2.8860552189663125,115153.24745079529,17272.987117619294,5984.981508360015
1.9951821196596808,68865.27661856684,10329.791492785027,5177.367715457967
4.456687881210568,163516.85213105683,24527.527819658524,5503.532774432506
2.6419211950852475,122955.89875652367,18443.38481347855,6981.050323449725
5.394824864176907,214169.15036769526,32125.37255515429,5954.849946747194
3.040550638842844,111617.05401889479,16742.558102834217,5506.423043559638
2.5095868951291407,96520.05189045293,14478.007783567939,5769.080087112471
3.1341174136317442,128443.07128615811,19266.460692923716,6147.33213539635
0.2411110818925395,7109.667568594792,1066.4501352892187,4423.065613236821
2.8241052446680297,128465.81431353829,19269.872147030743,6823.354824829092
1.6444129679109671,26228.43036490237,3934.2645547353554,2392.503970418924
5.621959033361922,223729.71367589984,33559.457051384976,5969.352827410497
2.9216169218746253,94239.21690421007,14135.88253563151,4838.376458526728
6.586646775495178,216656.89184037707,32498.53377605656,4934.002821733727
1.9704453137806375,99274.16988781896,14891.125483172844,7557.238650080404
4.11722913432887,132113.55065054167,19817.03259758125,4813.196436494062
3.887101855456573,159931.4343943124,23989.71515914686,6171.619898632439
3.194421330780563,131700.4820316592,19755.07230474888,6184.2412941569255
3.301446657280389,136219.02007562335,20432.8530113435,6189.060473318486
4.79512818141241,153176.31360598232,22976.447040897347,4791.623116554439
2.88770713462455,70124.30109380625,10518.645164070937,3642.5595372705743
2.445074484041161,81073.7403959317,12161.061059389755,4973.697586214324
2.186273877566733,62478.54496535231,9371.781744802845,4286.64580451988
3.237410902943342,114740.94401946457,17211.141602919684,5316.3290416029395
3.9664336320331364,127888.55698459812,19183.283547689716,4836.406033058126
3.5728409302431006,130734.9022904339,19610.235343565084,5488.695334172288
2.992949050197331,70971.99459406149,10645.799189109222,3556.9597111609114
1.7217566618083102,23395.458019869482,3509.318702980422,2038.2199069261553
3.120684496243543,90850.25298145752,13627.537947218629,4366.84258329302
2.0384658089985184,108243.86927533719,16236.580391300577,7965.098222215203
3.6678316951219223,49279.167337145554,7391.875100571833,2015.3255969740237
3.800351099797949,115789.85415746363,17368.478123619545,4570.229872851212
3.438308804250359,95690.07129764675,14353.510694647011,4174.584515766452
4.152465335359056,161683.09841174705,24252.464761762058,5840.497825532117
2.911719366622108,122480.39775841818,18372.059663762728,6309.694496786686
4.9921526104647524,170317.22400221904,25547.583600332855,5117.548599531789
2.7954899622874194,161210.2873831573,24181.543107473593,8650.198510348777
5.252770104114018,199526.08204463238,29928.912306694856,5697.738852734913
3.5663691314616686,229569.94820676715,34435.49223101507,9655.616387892456
2.5794490940758887,100275.55349039138,15041.333023558705,5831.219177034157
5.207263951300144,171433.47003748218,25715.020505622328,4938.297875067737
2.9855062272238806,84295.27796508778,12644.291694763166,4235.225362943107
2.6803539417448197,79866.66630869317,11979.999946303975,4469.558948810097
3.0421289784607373,139369.8019567327,20905.470293509905,6871.986836037339
0.9637217430406049,29656.471203383146,4448.470680507472,4615.928521517277
3.0483836302707874,78794.26021420851,11819.139032131276,3877.182292532316
2.590631629811776,87091.08074751277,13063.662112126915,5042.655220370355
2.0447509366796828,75281.71878012619,11292.257817018928,5522.559063039519
2.7272855627593127,99309.55384375542,14896.433076563313,5461.999755350866
2.938265408249558,113711.63167909201,17056.7447518638,5805.038817791883
1.3249035273822818,43691.243469359455,6553.686520403918,4946.538661084677
4.048931757387068,106432.441296451,15964.86619446765,3942.98228547334
3.152114836096518,93000.27653619202,13950.041480428803,4425.613343993554
3.2974061134890515,73412.15709871566,11011.823564807348,3339.5411986895106
2.1310084415674204,38014.19130984966,5702.128696477449,2675.7888825083032
3.946892357848038,170605.7168514156,25590.857527712342,6483.799203904621
4.953772702983693,227225.92742725025,34083.889114087535,6880.390191007061
3.6584551452639453,115377.21212507009,17306.58181876051,4730.571001031612
3.704267154996405,118114.9844101448,17717.24766152172,4782.929232742911
3.195161761195704,129808.88653519671,19471.332980279505,6094.0053855028855
1.023714497966582,19015.555807565503,2852.3333711348255,2786.2586461366463
2.788195968389146,143163.9321788742,21474.589826831132,7701.9657406785045
3.4682427817585944,103754.97863356698,15563.246795035046,4487.357943016781
5.122521373247848,103644.6887324161,15546.703309862416,3034.970901449903
3.7627519754556955,81015.47973223467,12152.3219598352,3229.63672309639
3.3788766088843047,127215.57251015666,19082.3358765235,5647.538541759425
2.8246280198052833,111904.7220215584,16785.708303233758,5942.626138924617
4.71213804653018,161178.28946904102,24176.743420356153,5130.737508456249
5.856179471633327,220430.98801719508,33064.64820257926,5646.112514607977
1.8694594173988794,63315.18131403709,9497.277197105563,5080.226459432773
4.778162895398311,230223.7179627443,34533.55769441164,7227.37136644499
2.2078352488013877,68803.00540791695,10320.450811187542,4674.466003199475
1.6177035259052055,38771.53943713005,5815.7309155695075,3595.053619182319
1.6448250707488035,47226.17336933248,7083.926005399871,4306.795981760497
1.744744616717566,91637.27581091083,13745.591371636623,7878.282723976284
4.406254227214497,233111.54806382788,34966.732209574184,7935.704661253537
3.5485913104306372,189280.75460996997,28392.113191495493,8000.95325377156
3.2002696478260235,135146.2752409502,20271.94128614253,6334.44788001332
2.147323747683862,49617.19637370319,7442.579456055479,3465.9792050840792
1.8169750007326808,82962.94018812393,12444.441028218589,6848.988578929521
4.303884332175506,199709.96163335483,29956.494245003225,6960.339064191571
5.478418460081268,176366.37556748005,26454.956335122006,4828.940419189806
1.6813346607283262,35428.376258374774,5314.256438756216,3160.736861544369
2.7137959653482664,77408.31466451191,11611.247199676787,4278.599919794153
3.098306730508302,124953.83079430556,18743.07461914583,6049.457413169315
5.0826500652643904,89120.59235657622,13368.088853486433,2630.141497414115
3.036316927940156,72915.37708914981,10937.306563372471,3602.1623641219703
6.226622413093718,159671.50873932143,23950.726310898215,3846.5037257652207
4.794324377457441,187814.81217414414,28172.221826121622,5876.1609787158595
2.4953864112998527,97195.5158118719,14579.327371780784,5842.512929364867
1.7271945371094295,24022.399421427468,3603.3599132141203,2086.250179579987
4.126708031143933,213796.79117682195,32069.51867652329,7771.210959073727
1.5633667212365177,27886.201657182406,4182.9302485773605,2675.5912043905764
1.7963654401411335,35613.96651091754,5342.094976637631,2973.835310602459
4.344357650010478,145577.92219332818,21836.688328999226,5026.448116891702
2.645995894978849,73964.29295335509,11094.643943003264,4192.993633911874
3.727424685185891,170871.19460126583,25630.679190189872,6876.243346258689
1.8230109862177908,64077.01769237649,9611.552653856474,5272.350373377401
0.9393575842327112,30809.871911279537,4621.48078669193,4919.831238140118
3.79672907841985,215576.31177514832,32336.446766272245,8516.922355632038
3.414236071552835,114579.04276549758,17186.856414824637,5033.880509325136
3.8276929372755286,125116.12978943619,18767.419468415428,4903.062961412386
4.1554854152218255,97356.83983640096,14603.525975460145,3514.2767971141075
2.988731993705316,121953.42142104366,18293.013213156548,6120.660283921132
2.290964839234021,71135.86417973228,10670.37962695984,4657.59205214492
3.2249425885451353,135175.021677735,20276.253251660248,6287.322237512281
3.339962183359567,112234.25153035014,16835.13772955252,5040.5174685596485
1.0385507837597836,29845.10877461639,4476.766316192458,4310.589704612781
2.5514605154712244,54166.905305179986,8125.0357957769975,3184.4646415295983
4.708510361448404,116183.82257794135,17427.5733866912,3701.2923512671714
1.9830262782213897,69942.99300811562,10491.448951217342,5290.625276346465
3.744144593657201,166482.02530544525,24972.303795816788,6669.6953526104
5.075922592009983,222105.8929647544,33315.88394471316,6563.513004937417
2.5945216547180983,35672.122160010615,5350.818324001592,2062.3525397335616
4.197431171225366,163535.68681422248,24530.35302213337,5844.134667483342
3.232560431609766,65444.292024267255,9816.643803640089,3036.8013255521873
1.9688687867172163,68145.77037607417,10221.865556411125,5191.745445593915
2.185811241858,59277.556315160815,8891.633447274122,4067.8871427690106
6.009733189477409,223391.5268594054,33508.729028910806,5575.743210627399
3.4081803354295244,120640.12488683089,18096.018733024634,5309.583693359359
4.519707977142975,162275.10115854582,24341.26517378187,5385.583603383291
2.20499171335824,107539.10865787831,16130.866298681747,7315.613115894283
1.951525580441478,91130.5802915761,13669.587043736416,7004.564624074287
3.895391903491456,117669.06165133699,17650.359247700548,4531.086906013348
2.281410391489882,114799.61641699333,17219.942462549,7547.937243900894
3.3208922780398087,62131.006543796604,9319.65098156949,2806.3695541098705
2.8130443016348488,104327.12856386857,15649.069284580284,5563.036911820252
3.4849101340743243,156384.23999723504,23457.635999585254,6731.202555332511
2.640326419779409,83103.29286888239,12465.493930332357,4721.194257251651
6.193496224419238,150770.7265876206,22615.60898814309,3651.509287916575
3.06016847779616,73005.19707226785,10950.779560840178,3578.4891061705844
4.8108982238222175,152624.94497967602,22893.7417469514,4758.725020119531
2.861008250869092,75628.55849046783,11344.283773570174,3965.134938049936
2.5265631791883205,96165.0062306721,14424.750934600814,5709.238167254098
5.52066897961685,208365.5034723545,31254.825520853174,5661.419954040125
4.876911826139858,200597.00681531194,30089.55102229679,6169.795988727785
4.3028132832958,117318.6718426331,17597.800776394964,4089.8360253540177
2.6573233124252966,50048.952556257456,7507.342883438618,2825.152230567979
1.312027575959296,60048.99467014125,9007.349200521187,6865.213327498406
3.1925398264978964,43782.83806754447,6567.425710131671,2057.1162983222375
4.641295286674992,139466.96451495276,20920.044677242913,4507.372055663789
4.216905422561816,187567.86719259416,28135.180078889123,6671.996940779547
2.2239239568698053,99738.3735408701,14960.756031130515,6727.188663495457
1.8564361362855477,37827.41749067016,5674.112623600524,3056.454522024969
4.641464890622708,132926.1142713609,19938.917140704132,4295.8241870982
5.585535040574881,168207.91796758134,25231.1876951372,4517.237384037667
5.6679107097635235,102088.95915303015,15313.343872954523,2701.761664412922
2.4042430690631478,70145.98090413143,10521.897135619714,4376.3865937730425
4.260956787628557,185018.02742832166,27752.70411424825,6513.2564110545845
3.307925256525056,119374.07353973427,17906.11103096014,5413.094203274211
2.6794800218442676,70704.55657540784,10605.683486311176,3958.1125441686845
3.4167022161033795,102342.22234515438,15351.333351773157,4493.026427477422
4.229378425926808,108967.00324234052,16345.050486351078,3864.646016576134
4.763151593245995,184198.24830323813,27629.737245485718,5800.725990888858
0.5714159673435217,16687.3577066702,2503.1036560005296,4380.528019959447
3.97581188384081,126979.67844038802,19046.951766058202,4790.707488820624
2.614972058198912,77107.31819046476,11566.097728569714,4423.029183927869
2.643744321836217,118285.92831359104,17742.889247038656,6711.272758295819
3.158025755040413,81773.4034333283,12266.010514999245,3884.0755163006193
2.6976326784641724,47246.131622676774,7086.919743401516,2627.0884839059227
1.4184791495990052,55865.77558482032,8379.866337723048,5907.641532899501
2.55916891321431,95004.23447447571,14250.635171171356,5568.46212752428
2.382738573425136,91262.79449007087,13689.41917351063,5745.245964534154
3.2867360380092,69312.92947103246,10396.93942065487,3163.3022245839893
3.8047873594578223,82795.75183065784,12419.362774598676,3264.1410941736362
4.6941395919388995,125395.6895198912,18809.35342798368,4006.98638367815
1.8833424813879138,48603.47389595685,7290.521084393527,3871.054338996717
2.5773758329144116,73360.29195452982,11004.043793179473,4269.4758182536625
2.8576224964863206,107975.40851150037,16196.311276725055,5667.7574790371145
3.0423201271449365,111688.63033536385,16753.294550304578,5506.749405108363
2.39519091416316,64826.53232883739,9723.979849325608,4059.79322642972
3.23344571039959,122220.78573650576,18333.117860475864,5669.839391925419
4.996237354536948,254755.89287379195,38213.38393106879,7648.43245414837
4.049072050905954,74757.08876981413,11213.56331547212,2769.4156030054237
2.3197604380765307,67812.84696764819,10171.927045147228,4384.904095347645
3.231472702202923,78576.12971901082,11786.419457851622,3647.3832657836524
4.387496514764142,146362.2122754946,21954.331841324187,5003.84029194024
2.85495119764217,66214.77231457115,9932.215847185673,3478.9441778859236
1.823338348315319,65271.47862332467,9790.7217934987,5369.668115928609
2.094471396447734,84294.20132687816,12644.130199031724,6036.907555995476
1.3525999373827162,58308.58816683283,8746.288225024924,6466.278744585047
1.591780932314557,43928.16351688119,6589.224527532178,4139.529751717154
4.264856831900949,155074.14129135635,23261.121193703453,5454.13881650405
5.336083243431532,151594.22857162313,22739.13428574347,4261.39047094782
3.5843191759162423,99636.82229265092,14945.523343897637,4169.696561712361
5.632221658680035,234482.72760104193,35172.40914015629,6244.855275884025
3.4955967127238172,158955.0743268465,23843.261149026974,6820.941632722836
2.570439863035522,91851.43457263056,13777.715185894584,5360.061281349722
5.234803496379362,220793.19789719908,33118.97968457986,6326.6901436675735
5.9570955407058666,126997.66979487699,19049.650469231547,3197.808451964885
4.728141779998957,122046.58605012669,18306.987907519004,3871.9202509877023
4.932226384178014,208053.55191643123,31208.032787464683,6327.372337891115
2.625800638832207,68509.6121935051,10276.441829025765,3913.6413012665303
0.6358797009154125,24318.467312802357,3647.7700969203534,5736.5726436447385
2.7803592608389476,92997.96202170243,13949.694303255365,5017.227269775984
3.802530781741631,97405.94342522317,14610.891513783476,3842.412422784231
2.878954300253944,48833.203319331624,7324.980497899744,2544.319823782416
3.913864202272397,43056.42982841697,6458.464474262545,1650.1503732584151
1.8342012401058896,57168.81295187494,8575.32194278124,4675.235058878371
2.1253910479026823,88209.91716510353,13231.48757476553,6225.436767423223
3.261314224989838,93167.33384926115,13975.100077389172,4285.113029068126
2.945091569974147,133587.0705528669,20038.060582930037,6803.883718666832
2.856754464039771,123302.72349414171,18495.408524121256,6474.273080496626
1.6518812839968198,28178.644583272846,4226.796687490927,2558.7775153332777
1.4366172034674998,63032.549146546946,9454.882371982041,6581.351211137669
3.4072078798901178,127629.51754841516,19144.42763226227,5618.802347005513
1.2112220459929501,49585.928704867554,7437.889305730133,6140.814007090344
1.7814237547703948,94673.07638557884,14200.961457836826,7971.6919794118085
1.9113475633640529,96194.14255159447,14429.121382739171,7549.187630397951
4.732082463107727,153762.40298074915,23064.360447112373,4874.040261750888
4.336610009213547,156986.87901465123,23548.031852197684,5430.055227970147
5.087758921312734,156856.60060455333,23528.490090682997,4624.529277934463
1.9762989027418263,54166.7157861559,8125.007367923385,4111.223943225958
1.7075424497279035,58260.61310155966,8739.091965233949,5117.93540864915
3.0559567344367866,125658.6992527456,18848.80488791184,6167.889968961121
2.200868152702823,83074.1225208759,12461.118378131385,5661.9104433076745
3.3416838442512766,179060.39629271784,26859.059443907674,8037.582457153603
3.8002758343434526,89195.48071271049,13379.322106906573,3520.6186840429773
1.8292597186566264,48195.20588485151,7229.280882727726,3952.025406231966
2.7334797595120914,72942.3724237096,10941.35586355644,4002.7206440736195
4.610558218857697,224183.09931563618,33627.464897345424,7293.577762407456
0.6991130151149411,22384.80310112896,3357.720465169344,4802.829288791458
3.9712177200482635,143526.46288071244,21528.969432106864,5421.251351548969
4.535014589375771,155972.33669939218,23395.850504908827,5158.936105678369
2.814710321994649,126826.3278013245,19023.949170198674,6758.759159527763
3.0767959057231526,195551.31908355086,29332.697862532626,9533.520831840302
4.734780145518139,114171.7394108443,17125.760911626643,3617.012909847059
5.039473014224255,117217.33955668875,17582.600933503312,3488.9761060085502
1.822462350118221,42002.890070087604,6300.43351051314,3457.09940735096
2.9056092934925624,73165.28799455827,10974.79319918374,3777.105622480978
3.1286477099949606,63340.15798926742,9501.023698390112,3036.782846479515
5.395205796487014,246847.87784635293,37027.18167695294,6862.978554230959
3.295596553683123,93405.20430349832,14010.780645524748,4251.364029940634
4.1548831966743185,141793.89134528686,21269.083701793028,5119.056949378837
4.831750071186106,108933.53884820238,16340.030827230357,3381.8038156967787
4.729984496129883,177302.56359550083,26595.384539325125,5622.72129244519
8.094037562146902,230748.41427813907,34612.26214172086,4276.266557446039
3.664943550417138,169163.8514477845,25374.57771716767,6923.593056236726
6.644098850612907,323370.7539584497,48505.61309376745,7300.555603457479
4.368053434381166,182877.78018132458,27431.667027198684,6280.066725210517
4.796713853319393,201625.90300786853,30243.88545118028,6305.1260458764045
1.5826014637903527,84167.23280877243,12625.084921315864,7977.4252774154575
2.3745537824795435,56701.024865190004,8505.1537297785,3581.7903104714246
3.751713550727748,85826.70245790578,12874.005368685866,3431.500085124729
5.559664301882008,142231.90438500769,21334.785657751152,3837.4233585522584
0.43739008765150755,15257.087322336629,2288.5630983504943,5232.315873088365
4.79364286777957,270799.34190555,40619.90128583249,8473.702027086501
6.4929945892885,92274.5343102909,13841.180146543635,2131.7097921777795
4.804279555488648,98070.41176314882,14710.561764472322,3061.970394222011
2.3551147928451446,61899.565205347426,9284.934780802114,3942.4552930539994
4.799487149671879,136465.31385321452,20469.797077982177,4264.996746450631
3.375043720717242,141296.48947255022,21194.473420882532,6279.762626713002
5.736652474097203,263667.75475119957,39550.16321267993,6894.293037840693
3.6057155219377663,136460.43001689226,20469.064502533838,5676.838446626386
6.087161043713538,139246.96892872686,20887.04533930903,3431.3278701374165
1.7323274516283118,59906.901173962855,8986.035176094429,5187.261315779502
3.0371304614499093,142633.7597549796,21395.06396324694,7044.4994822622975
2.811948287529184,125951.17850073612,18892.676775110416,6718.714159466681
2.4823574065860923,60961.95798722453,9144.293698083678,3683.7135836372317
2.500888347156413,46363.98594456565,6954.597891684847,2780.851012238287
3.9367979859622118,120217.07270576434,18032.56090586465,4580.514664497631
4.854382851250311,169061.8835449309,25359.282531739635,5223.997222470414
4.909032605906728,147305.76681630567,22095.86502244585,4501.062998819624
4.099998290373954,159343.99965675236,23901.599948512852,5829.660954890991
5.946955272830226,222492.11168880755,33373.81675332113,5611.91655598885
4.734242438544448,290426.90615200915,43564.03592280137,9201.90220258243
4.304169155783817,192761.64545731357,28914.246818597036,6717.730129110497
2.844436448510573,122096.9595136879,18314.543927053186,6438.724949064408
1.8524897801521525,68053.42397547499,10208.013596321247,5510.429102331038
2.906280467081743,87652.0579180469,13147.808687707036,4523.92975716794
1.9764726068522291,48818.222692391224,7322.733403858683,3704.950616806685
2.117985387139649,55118.85475148527,8267.82821272279,3903.628543862873
5.0283793073863725,151660.79970934885,22749.119956402326,4524.145567734976
2.9832928301302077,86617.04587686894,12992.556881530341,4355.106126462038
2.688222545002152,157649.25566307324,23647.388349460987,8796.663205367939
3.9632117287172726,183354.23626888814,27503.13544033322,6939.607904631137
2.602946748278113,31753.809881325848,4763.071482198877,1829.8766524323703
5.007706004606604,151191.91471609037,22678.787207413556,4528.777685141914
3.722687989610546,129759.59557373119,19463.939336059677,5228.463784872802
3.7189846011227177,195818.91859140532,29372.837788710796,7898.079970496108
2.162478973054643,100310.66818617783,15046.600227926674,6958.033079356312
2.7584346514626823,58727.1327874768,8809.06991812152,3193.5032114864275
4.003997155195989,141127.45730200864,21169.118595301294,5286.996412529943
0.832920035152518,22141.885422170948,3321.282813325642,3987.517016225302
3.161282988048404,145439.45173825836,21815.917760738754,6900.969588365342
5.343506980732531,150060.6164762151,22509.092471432265,4212.419400329208
2.588669103836496,65756.41024555163,9863.461536832743,3810.2442379424842
4.123743239634171,82909.77550109415,12436.466325164121,3015.819754642967
1.8817298723011096,34908.139384727896,5236.220907709184,2782.6634336765724
1.2546508352120906,33789.2116644996,5068.38174967494,4039.6751091455358
3.388994595176347,52704.96016867199,7905.744025300798,2332.7697354705933
4.576139051469154,161734.33836897826,24260.150755346738,5301.445275697665
3.7628318897371713,145376.67507167047,21806.50126075057,5795.236646161656
2.440859654975176,115931.53928260968,17389.73089239145,7124.428828567084
2.443757619389737,66279.05351689065,9941.858027533597,4068.2668152729116
4.130038083753848,96963.66015259638,14544.549022889456,3521.6500981196077
4.453619823386516,125269.20214241085,18790.380321361627,4219.125355669333
2.7969933611487003,106533.43324968907,15980.01498745336,5713.283130886843
4.452095816879276,117541.27110936453,17631.19066640468,3960.200182475716
3.776943799048934,124355.42932130797,18653.314398196195,4938.732316560616
2.876564946743771,78763.86657029508,11814.579985544262,4107.183465097213
7.016366812979432,173071.70536834717,25960.755805252076,3700.0283048525644
1.764848766590407,60197.721971392435,9029.658295708865,5116.392104890483
3.4464768764552005,205561.47896739765,30834.221845109645,8946.591824177134
4.509175425805389,148105.1363009903,22215.770445148544,4926.792228577037
6.2056765489993895,106859.0893688091,16028.863405321365,2582.9356845718744
3.8555436402965215,148025.4493439335,22203.817401590022,5758.932973686267
4.276336272136101,113422.80891515629,17013.42133727344,3978.504087279122
3.3677429589561987,155330.48383959258,23299.572575938884,6918.45335582273
4.997008828651339,189635.53816797555,28445.33072519633,5692.471576615874
3.256904641907416,71417.46328016481,10712.619492024722,3289.202684715646
2.7079875841441647,166797.85390442604,25019.678085663905,9239.214475043891
3.1059042905037817,124602.48971834786,18690.37345775218,6017.69137410238
2.8168319245180236,158630.8945058288,23794.63417587432,8447.303500348435
2.205045666155166,49760.669634827806,7464.1004452241705,3385.0094625200986
3.5624342827564823,105815.58481875589,15872.337722813383,4455.4752349093005
3.3999857979841814,63060.65063569958,9459.097595354937,2782.099149050312
1.1614842707646782,40473.910847871884,6071.086627180783,5227.007183819893
4.978707715597805,177659.66706094478,26648.950059141716,5352.583758964833
3.8367074904583958,77487.82412438256,11623.173618657383,3029.4656675191804
4.829630440460688,163823.7596093084,24573.56394139626,5088.083704195851
2.2377396843602297,141322.7385475348,21198.41078213022,9473.135293746578
4.6162903001933095,135689.52955603998,20353.429433405996,4409.044516232804
4.14312464098049,55875.57953820993,8381.33693073149,2022.950709189383
2.1764318272261725,57650.26813640696,8647.540220461044,3973.2649156680436
2.7833647409867477,120896.80632463704,18134.520948695557,6515.323227909605
2.4147718226306782,89009.32435017297,13351.398652525946,5529.051866267344
4.541297939856247,203054.7486938308,30458.21230407462,6706.93988975292
0.9976664698949361,37813.1569839238,5671.97354758857,5685.240226812357
4.459323376417685,138566.15407824257,20784.923111736385,4661.003779554011
4.194544595517855,138871.71394921685,20830.757092382526,4966.154636820776
4.311202094148023,189752.48587886983,28462.872881830473,6602.073449645437
2.576867886087478,73783.78787335496,11067.568181003244,4294.969191380395
2.7931387599421673,88116.45922734353,13217.468884101529,4732.120392176721
3.4702017574470707,96276.39877547194,14441.45981632079,4161.56201446482
2.1053178243467565,84717.50921702494,12707.62638255374,6035.965798416539
3.488283655823958,139740.34249907234,20961.05137486085,6008.987067283007
4.32596472150072,108206.8888634828,16231.033329522419,3752.0031656410993
3.7196995743674486,124036.28203782398,18605.442305673598,5001.866934062151
2.6857615704320024,102904.13756484257,15435.620634726385,5747.204370134606
3.734135902153997,114084.8385004763,17112.725775071445,4582.78065487658
1.9908555394507377,53052.46586781222,7957.869880171833,3997.211109735943
2.962063879502514,94852.60028927884,14227.890043391826,4803.3704275754635
3.033112938033334,149023.060266295,22353.45903994425,7369.807684918649
4.218669150531537,149531.79823436725,22429.769735155085,5316.788052063532
4.138800545535615,109242.5072545766,16386.37608818649,3959.2089321293643
2.9615182366713637,61982.69310857041,9297.403966285561,3139.4045969932968
2.7373403282244233,130366.2638668985,19554.939580034774,7143.773603306057
1.9752962547141462,68344.58138373107,10251.68720755966,5189.94919526298
2.5253894286683045,74984.87138198795,11247.730707298191,4453.859899631154
3.627230365161076,80285.26642935535,12042.789964403302,3320.1061835146256
2.7157606041787306,100963.74973098606,15144.562459647908,5576.5454570425045
5.444610420534384,140048.96497295957,21007.344745943934,3858.374268012748
2.694372022500419,63568.62486197646,9535.293729296469,3538.967020763365
2.821226516049465,100960.30613441092,15144.045920161636,5367.894365805015
5.54150206809782,147712.83374547595,22156.925061821392,3998.3608757231764
5.137173467736656,203761.93429671432,30564.290144507147,5949.63170631908
3.87293502390097,129754.76505525407,19463.21475828811,5025.44314277806
3.4091909259591398,102735.12356603767,15410.26853490565,4520.212821630145
3.2817107585236047,136438.30387914626,20465.74558187194,6236.303893850532
2.483207725602015,58333.57227224898,8750.035840837347,3523.682594341171
2.195565224616942,65020.629142249425,9753.094371337413,4442.179290318749
3.2658619528316213,92998.90648263929,13949.835972395893,4271.410174058606
4.017252197286024,142976.5988646778,21446.48982970167,5338.596826007213
3.9053131298552555,160346.37929755205,24051.956894632807,6158.778078705371
0.3950554783926058,14541.816770119585,2181.272515517938,5521.4334057410315
3.116651124168509,186810.4978456309,28021.574676844633,8990.924412279384
5.284749640355161,183385.12050611142,27507.768075916712,5205.122275966143
3.1554011401549684,105996.10832038884,15899.416248058325,5038.793973205407
1.6220327119686146,55096.387763719795,8264.45816455797,5095.124225039601
7.114176788569041,371024.56955287856,55653.68543293178,7822.92696498003
1.9148273029499423,87756.31866065822,13163.447799098733,6874.483029785195
6.014408324673008,194303.36458961212,29145.504688441815,4845.947118169168
2.555458734960681,102928.24689122805,15439.237033684207,6041.669475019623
2.6145705270824173,108067.69687120694,16210.15453068104,6199.93010812749
4.036697035831686,129708.20204963983,19456.230307445974,4819.83912459692
4.979690948070713,237858.40509554924,35678.760764332386,7164.8544330156565
4.105710433892145,179296.56865794247,26894.48529869137,6550.507088050009
2.942089215860587,88682.89091443927,13302.43363716589,4521.42428769782
1.5295735763200693,30303.412302909088,4545.511845436363,2971.7510264345706
3.0973894799238977,48030.652160951366,7204.597824142705,2326.022565402308
6.533520722708671,171127.26647655145,25669.089971482717,3928.829655696081
3.351188026241493,107364.04924108932,16104.607386163398,4805.641241272109
3.5817508454189855,120598.48134527532,18089.772201791297,5050.5389633474615
3.787094627103721,61439.748338426114,9215.962250763916,2433.5178172751553
2.0048691646610686,69306.50384489498,10395.975576734247,5185.3635937843
2.3865433472642645,78205.01557697482,11730.752336546224,4915.373672132704
3.2725693399357025,39576.739609569006,5936.510941435351,1814.0214384432227
2.296803309574654,117922.81553890818,17688.422330836227,7701.3222059976715
3.6875227404742397,59822.8618613363,8973.429279200445,2433.457339993625
4.311162997315562,164631.59053357452,24694.738580036177,5728.092070611314
2.8508583464237205,86789.32036613945,13018.398054920917,4566.483659650063
1.0129577895341457,36874.374398926535,5531.15615983898,5460.4014273711555
3.787146439735278,120772.21383144501,18115.832074716753,4783.504510056139
6.469169039097968,193623.95829587115,29043.593744380672,4489.540089128724
0.7175632120994281,20995.937647574774,3149.390647136216,4389.0079564165635
2.643691398445946,38460.11051429962,5769.016577144942,2182.182300300319
3.9192145173728137,178760.41130478433,26814.06169571765,6841.692787383338
1.9058189283642908,62421.94142983091,9363.291214474637,4913.001479375
2.2063756691472927,107545.38920097431,16131.808380146147,7311.451356958027
4.6882005201466495,107435.2983009904,16115.29474514856,3437.415843434202
2.418858609885643,99267.91548004543,14890.187322006814,6155.8733781098435
5.516016789361398,234994.33546806825,35249.15032021024,6390.326872861298
4.2023718104938315,173186.32825906033,25977.949238859048,6181.73507969689
2.623562361644326,98816.53686585437,14822.480529878156,5649.75345986749
3.342818966685805,57999.55736922174,8699.93360538326,2602.5739628995516
2.1899673513745705,65690.82025476384,9853.623038214575,4499.438328169495
4.4147995843582155,157357.87177975703,23603.680766963553,5346.489759261597
3.7690575615298263,197854.4593946789,29678.168909201835,7874.161756541531
5.280227314764107,214809.63592827859,32221.445389241788,6102.28375947888
4.019329697727712,94959.2969932033,14243.894548980496,3543.848258338484
1.6001922831353417,67866.9557670666,10180.04336505999,6361.762565879702
2.0045304040148406,48795.668371658736,7319.35025574881,3651.403960293645
4.020593653746512,122822.98104902785,18423.447157354178,4582.270367010764
1.3461626857420956,17988.469287557786,2698.2703931336678,2004.4162727970722
3.805191764721209,108203.50497086353,16230.52574562953,4265.363416400297
2.208540468202039,84255.49668381563,12638.324502572343,5722.4781182575
3.6710131240333923,163589.96041374718,24538.494062062076,6684.39289999086
2.3117271887326134,97311.16381427865,14596.674572141797,6314.185619863004
2.303062873593604,100702.25304372901,15105.337956559351,6558.803986531904
6.415651446932021,173712.32366194177,26056.848549291266,4061.4501527746975
3.841194997373116,98686.79743478137,14803.019615217205,3853.7537472949352
1.751229738655623,66407.31647846033,9961.09747176905,5688.058654951774
3.5717541394067087,121445.58840963454,18216.83826144518,5100.249779362225
3.7734355716089536,98415.54994904246,14762.332492356367,3912.1729289422747
2.927640430776293,176723.3785185214,26508.50677777821,9054.563702260804
4.117412602952553,111944.46852861202,16791.670279291804,4078.209278140033
3.8620566051388674,106558.75292137884,15983.812938206825,4138.67909572809
6.916876202802584,263682.1229576006,39552.318443640084,5718.234255459748
4.630852890721827,139201.61546504698,20880.242319757046,4508.940968863809
4.4204828596323456,196245.55035309197,29436.832552963795,6659.189388964643
3.0426727525125075,93137.79559392492,13970.669339088738,4591.578022168951
3.514074160179501,104564.53138404556,15684.679707606834,4463.388930530041
2.8691864389570556,106763.54729148047,16014.53209372207,5581.558547845125
3.730109842864259,157862.96047243272,23679.44407086491,6348.189481916717
1.9190530716964675,45979.71470540698,6896.957205811047,3593.9377120581917
3.9584171288985677,263324.5464444526,39498.681966667886,9978.403154712101
2.1173160217708134,45644.84296246145,6846.7264443692175,3233.6818755298373
2.733755709107101,93351.11970236854,14002.66795535528,5122.135788763961
2.1628295961413446,103621.81266406289,15543.271899609434,7186.544851864352
2.7125576756762326,121511.03849158157,18226.655773737235,6719.361559452697
3.702709055249567,90833.043322387,13624.956498358051,3679.7264638011675
2.492587249024898,75728.61743623512,11359.292615435266,4557.229689704555
2.928706129783471,67215.10717694495,10082.266076541742,3442.566659047884
0.609764891016381,10811.105443997929,1621.6658165996894,2659.493585956762
3.73809323955977,102663.06385207508,15399.459577811262,4119.6028538937235
1.2274405052298112,37169.83448571017,5575.475172856525,4542.358793848538
4.254071491423281,256750.79527186227,38512.61929077934,9053.119903702935
3.2496390248576352,107568.91270159799,16135.336905239697,4965.270536762641
4.3049616668024315,120628.49691962195,18094.274537943293,4203.120942394607
3.8273602585871287,132579.67048830527,19886.95057324579,5195.996517084353
3.0217464461707273,89563.96547899733,13434.5948218496,4445.970256331213
3.2462000016930532,128640.05914306414,19296.00887145962,5944.183618198448
2.0239403967050817,57381.00784881,8607.151177321499,4252.670281858942
0.20561754691260706,11690.977434799132,1753.6466152198698,8528.681727562951
3.423353652171279,90519.25464891549,13577.888197337323,3966.253439438102
0.22444158600945785,10568.86405937595,1585.3296089063924,7063.439699804952
2.653490523658211,96125.09043701844,14418.763565552767,5433.885456532351
3.4202417834601864,110277.03634767947,16541.55545215192,4836.370204043638
3.196101406346129,68593.39682326057,10289.009523489085,3219.2375070013077
3.4738696190254577,159879.62734848174,23981.94410227226,6903.524522316424
3.9684339343498274,186310.1189760932,27946.51784641398,7042.203123130139
3.7728255784380065,71015.39477141234,10652.30921571185,2823.4300776030123
2.903008380701969,110078.74543379451,16511.811815069177,5687.8278150463
4.360483641497647,167220.92446593556,25083.138669890333,5752.375362948342
2.3020282657515736,119189.58229250697,17878.437343876045,7766.38480502716
4.392494560950324,152942.65354044398,22941.398031066597,5222.863161861989
5.200050272622121,129652.62442689187,19447.893664033778,3739.943393706306
3.19992473090728,78460.32410588619,11769.048615882928,3677.914202858775
3.53081671493902,204815.30514951353,30722.295772427027,8701.186794103422
4.3749746009750154,131315.94086897277,19697.391130345914,4502.286967781736
2.373099356735538,74405.3069820533,11160.796047307995,4703.046257052175
3.1377371901949767,157590.4900018224,23638.57350027336,7533.637161882406
4.893224064976789,109566.00357158003,16434.900535737004,3358.705899729724
3.821203666132954,117359.43157903182,17603.91473685477,4606.903027147432
0.7322605306870378,20683.237122394916,3102.4855683592373,4236.860295403815
1.3574358187540347,67887.13989407133,10183.070984110698,7501.696097468203
3.0869907775060224,91252.05833679337,13687.808750519005,4434.029686858144
4.154819020239148,165132.42904166813,24769.86435625022,5961.719207404727
0.9429495101413548,26416.114751014033,3962.417212652105,4202.152045296795
2.5406552994882357,62112.233303356974,9316.834995503546,3667.0991918424497
6.526970438566131,144580.2035202804,21687.030528042058,3322.67944709833
4.5762561933516785,122508.73747802583,18376.310621703873,4015.577328996729
1.68426862430044,33233.62819542854,4985.0442293142805,2959.767911953365
3.7732411634526484,130661.97146833294,19599.29572024994,5194.286522178162
2.2511247067756037,59505.61673188607,8925.84250978291,3965.0591026419997
3.5633744928200013,129542.7228684052,19431.408430260777,5453.09185700632
5.4280473796488,195960.09688090638,29394.014532135956,5415.209646537348
4.033051281799855,177004.6919468101,26550.703792021515,6583.279491594405
3.640182216992908,121009.83474447197,18151.475211670793,4986.41939596788
2.5822350814541384,93787.80499855638,14068.170749783458,5448.059648334273
0.9782138558015976,60802.40406819848,9120.36061022977,9323.483363212115
4.0510894204964725,93117.9792405062,13967.69688607593,3447.8865895693184
2.3841419191699824,77736.25566615499,11660.438349923248,4890.832318397692
1.9601194133080433,54230.524784658155,8134.578717698723,4150.042422145191
4.434448581283659,184343.89150483446,27651.58372572517,6235.630703315257
1.1813145293564549,47869.64898779173,7180.447348168759,6078.353537292438
3.731384534250449,46319.36264711275,6947.904397066913,1862.0177934737005
2.9957248496224427,124491.28906428438,18673.693359642657,6233.447428256351
5.357647428790032,249657.42691230483,37448.61403684572,6989.749612042518
2.079823375184164,93196.81474597189,13979.522211895783,6721.494901295609
4.045459724796506,185590.98645660985,27838.647968491478,6881.454732537676
2.440021181758972,87098.33282842362,13064.749924263542,5354.359225211879
4.00339827964747,114592.80257745594,17188.92038661839,4293.582398234933
2.815901370525713,71250.58591153104,10687.587886729656,3795.4411324904972
2.5090787347501355,61874.545997964706,9281.181899694706,3699.039719699734
3.508385861340923,137274.6094383468,20591.19141575202,5869.135331619983
3.396278262590721,160887.69561657123,24133.154342485683,7105.764744987836
2.4943078471024474,62671.95940056488,9400.793910084732,3768.8988233771206
2.8688390974098175,73113.82734729382,10967.074102094071,3822.8264917317565
3.0081395072608106,86567.24753638636,12985.087130457954,4316.6505739230415
3.282397108998142,129135.98156348278,19370.397234522417,5901.296092852908
7.203659885919997,410975.9910838808,61646.39866258212,8557.649811184709
1.8304360341878076,40417.36723592227,6062.60508538834,3312.109777208582
4.295728374684616,188087.43006806585,28213.114510209878,6567.713795982556
3.8293869547560946,143450.81670402456,21517.622505603682,5619.077612117213
3.3918866427167695,109871.8007368067,16480.770110521004,4858.879982298155
3.7869106478902417,90440.20327458413,13566.03049118762,3582.3476581750106
1.3544139699425297,45830.09945740514,6874.51491861077,5075.6379298882075
5.3742650751838505,132313.70301818405,19847.055452727607,3692.980375004791
5.171358823661228,184363.6977839855,27654.554667597822,5347.637944028587
2.2388710865433628,46386.28351842257,6957.942527763385,3107.7906046416856
4.025959893223008,135440.08868309844,20316.013302464766,5046.253276557271
4.196441183838535,184286.90515187604,27643.035772781404,6587.256811614834
3.219634052243551,110362.80017133338,16554.420025700005,5141.708578390864
2.4748405899613997,88515.37248986484,13277.305873479725,5364.913573559424
3.5326504306512496,119388.4718510257,17908.270777653852,5069.35829887715
3.5808697165023333,115838.33301837205,17375.749952755807,4852.382613274136
4.520099575719654,152038.86182463888,22805.829273695832,5045.4262990577745
3.9908285739476135,179227.62472364426,26884.14370854664,6736.481713107915
4.474891932253599,225610.30058078762,33841.54508711814,7562.539073446453
5.348596031536835,121040.70379231565,18156.105568847346,3394.5554051556355
3.2474798141243832,96881.52401748548,14532.228602622823,4474.924998584215
3.876127817143392,158483.81400119435,23772.57210017915,6133.072288028658
0.7813571245651696,32629.779157100184,4894.4668735650275,6264.0586739243345
3.6223949519761276,119212.04551574797,17881.806827362194,4936.459735735641
4.655362287752376,147918.0741337001,22187.711120055017,4766.054658823839
3.708622628102635,138292.73622080448,20743.910433120673,5593.427132739425
3.1438505149583755,88246.23465751478,13236.935198627218,4210.421308407049
3.8242040799221915,197343.80212666432,29601.570318999646,7740.583321484749
2.142826874075978,60797.36611201207,9119.604916801809,4255.875743920904
4.868931338043482,201577.18273436182,30236.57741015427,6210.105526422242
3.496650855363037,111667.39158746079,16750.108738119117,4790.329212431491
1.7423148230611563,43307.83065279204,6496.174597918806,3728.4734721508976
2.4544646832892867,123487.41207219727,18523.11181082959,7546.701297818767
4.73028182365793,144190.66060891276,21628.599091336913,4572.370082299135
3.577128086165742,122234.13485796977,18335.120228695465,5125.65381698382
5.085225182136123,124449.53030668333,18667.4295460025,3670.915028813133
5.095873439696204,125790.5869208563,18868.588038128444,3702.71912389828
2.939802482984704,73818.1288612309,11072.719329184634,3766.4841067631164
5.712526553635999,154047.99182364545,23107.198773546817,4045.0050527711214
3.4812648237836394,105036.65920906846,15755.498881360269,4525.797283136962
4.148675198437597,182390.71836910606,27358.60775536591,6594.540774286027
3.1683014239904113,102058.61877574111,15308.792816361165,4831.861230261372
4.997396376145095,249034.80843101064,37355.22126465159,7474.93663759903
2.809575710167344,126129.92558950219,18919.488838425328,6733.930952620047
1.5141118711814505,72593.74900728413,10889.06235109262,7191.71585557675
2.70591812743159,104087.10796734678,15613.066195102016,5769.969917723143
2.605048618293347,108199.03515463008,16229.855273194511,6230.1544620795685
3.198888266228883,40444.620752788294,6066.693112918244,1896.5004739193873
2.4135411684174635,94108.3506635886,14116.25259953829,5848.772245635315
4.621493157002148,209642.53691770983,31446.380537656474,6804.376739152198
2.860158789105194,119190.24148565136,17878.536222847702,6250.889388012278
5.102853944694133,126678.20437600376,19001.730656400563,3723.7457435281412
4.280131849690574,153703.10093218263,23055.465139827393,5386.624980137973
3.0043428136244317,96753.44406632747,14513.01660994912,4830.679290037695
1.4308424580404642,26143.8063964219,3921.570959463285,2740.742656486353
3.848417338543664,57298.362407743756,8594.754361161564,2233.321806104852
2.5924037607699058,74490.50014937448,11173.575022406172,4310.121436904483
3.180050294824928,105147.46004889731,15772.119007334595,4959.7074087165975
3.4448382835973548,48897.55770706302,7334.633656059453,2129.166321386816
2.8489092648087095,126456.76211856099,18968.51431778415,6658.167233366695
2.2255793467269482,74312.99804297977,11146.949706446965,5008.56090475509
5.06891701648195,168452.49740309507,25267.87461046426,4984.866496788947
3.3893156983629598,71474.4645885104,10721.16968827656,3163.225453874033
2.566957095654691,71821.07472817425,10773.161209226137,4196.860643858361
2.5336513887480425,107409.32866779993,16111.39930016999,6358.964525159534
6.4741631476707315,238862.79653704102,35829.41948055615,5534.2163401376165
4.382016577084978,190082.97065243102,28512.44559786465,6506.695056099447
2.846650543988961,85499.13645798288,12824.870468697432,4505.249334442776
2.722217618608831,128499.35537767723,19274.903306651584,7080.588699040851
1.954583476403863,50424.39805127718,7563.659707691577,3869.704107806929
1.9515421201213947,62864.69843245826,9429.704764868738,4831.92479816022
1.3236245698499558,46919.35859583876,7037.903789375814,5317.145019583326
1.5945377809026866,62906.25504761005,9435.938257141508,5917.663645322792
1.4389091355966364,14850.983634907687,2227.647545236153,1548.1502550280704
2.1880523505290337,67650.82188906807,10147.62328336021,4637.742456622067
2.9619687405998794,165986.1031373592,24897.91547060388,8405.867060420554
4.494903142325995,152116.01069524037,22817.401604286057,5076.283266134773
4.764274868556641,212694.28067057324,31904.142100585985,6696.5368247637425
5.455952995592653,251895.30268061638,37784.29540209246,6925.333746939317
4.931498586676516,94665.69416573943,14199.854124860914,2879.4196886165228
5.076675720903545,143951.39751224447,21592.70962683667,4253.316700518663
2.587237210549695,69165.39364341045,10374.809046511567,4009.995296993774
3.995372161873687,104273.62027174103,15641.043040761155,3914.7900138108944
2.842014244962999,71881.4923252571,10782.223848788564,3793.866926563889
3.5288648183083144,148223.55695281338,22233.533542922007,6300.477543818308
4.13386016058838,68939.8868414153,10340.983026212294,2501.531891378842
2.6040753874047953,137694.7951123494,20654.21926685241,7931.498207291254
2.6521220319856273,91133.88842199012,13670.083263298518,5154.394518212954
2.5303320308330406,80984.87100297635,12147.730650446452,4800.844514641485
2.545052032795843,83782.73221989395,12567.409832984093,4937.977562359809
4.183471699589685,103574.71482987292,15536.207224480937,3713.711563055328
3.392725270818655,79747.60288262206,11962.140432393307,3525.820535862863
3.306233151415375,225748.24408195465,33862.23661229319,10241.938502672447
3.2365485825888474,163078.1664222625,24461.724963339373,7557.966252980807
5.129020446853132,214014.80765263538,32102.221147895307,6258.938033205026
3.6104895279430194,125684.52226774114,18852.67834016117,5221.640498955271
3.710585438082364,111494.88827672513,16724.23324150877,4507.168348656021
3.4449909407126027,94921.49631121462,14238.224446682192,4133.022318989608
4.858737881476128,166239.70796701752,24935.956195052626,5132.187988596919
3.4547353055483625,88074.38055275126,13211.157082912689,3824.0721544412822
1.2914487725265171,30321.41132319179,4548.211698478768,3521.790252338778
3.717817910989478,99973.9337919372,14996.09006879058,4033.5730333816828
3.231143392843745,122836.70642405667,18425.5059636085,5702.472383125071
2.112066426616804,89944.58349987921,13491.687524981882,6387.90871108795
4.008104146527383,170353.7056267054,25553.05584400581,6375.347273883826
4.046493364738362,93949.17835463735,14092.376753195602,3482.6145709265943
3.4091890577176893,93995.88588573282,14099.382882859922,4135.699911080576
4.126645790480568,164215.49842943563,24632.32476441534,5969.0911251064235
2.316649934133411,71155.64680035293,10673.34702005294,4607.233429096191
0.8428286492402091,21843.647282304537,3276.5470923456805,3887.5601764361163
2.97581932166311,128140.48908900567,19221.07336335085,6459.086149292383
2.2152440419124817,102617.38055394946,15392.607083092418,6948.492713156584
5.547704866096467,181331.53896034745,27199.730844052116,4902.879929730413
4.279091677973334,149647.18929923658,22447.078394885484,5245.757764534946
2.750414923305323,48448.38663774805,7267.257995662208,2642.2406067113498
5.01114937380808,161494.32479387536,24224.148719081302,4834.050416795469
3.7037765090629633,94641.2453704408,14196.18680556612,3832.895092570713
2.4656460918356027,81160.69744198803,12174.104616298204,4937.490687171139
6.664883989354164,255554.6450477374,38333.19675716061,5751.517478532308
4.570781910358181,169357.7280440314,25403.65920660471,5557.836646949973
2.56680335262383,108729.57104015593,16309.43565602339,6353.9872033249485
3.4495667560089767,146967.9826994012,22045.19740491018,6390.714824262648
2.9159098390794806,50697.86094077785,7604.679141116677,2607.995295052534
3.4840279546950472,161005.82527161707,24150.87379074256,6931.8828966906085
2.598465161202119,84498.58070745706,12674.78710611856,4877.797591965738
6.027128828349537,212031.45374792535,31804.7180621888,5276.926869820729
4.17718547221272,166847.6010347932,25027.140155218978,5991.38829762369
5.42673121389492,189358.2512529871,28403.737687948065,5234.041740490385
2.9093646836554705,87544.29625665747,13131.64443849862,4513.578002878405
3.131380751260561,103532.04593448639,15529.806890172958,4959.4118773072605
3.33765880994698,100260.0268959028,15039.00403438542,4505.854220199434
2.237794003725927,54706.64495913878,8205.996743870817,3667.0027402914798
2.853177982919536,80482.2160494454,12072.33240741681,4231.187987460812
2.1062240951665947,55389.10710269658,8308.366065404487,3944.6733538329054
4.362259390084342,160855.096069974,24128.2644104961,5531.139314030933
4.20390598063796,96048.03969283163,14407.205953924744,3427.099944737202
5.379568361254453,212669.27107227396,31900.39066084109,5929.916401955024
2.4565775628099553,83011.91713807761,12451.787570711642,5068.754090739422
4.272677960718645,89421.41323399109,13413.211985098662,3139.2986104767465
1.9429565632018588,84136.11122763292,12620.416684144939,6495.470317332962
2.7551727539362445,60875.01941853793,9131.252912780688,3314.221549169685
2.6643575250532305,83684.796149191,12552.719422378648,4711.349473313594
1.9694995232414494,78796.03260099818,11819.404890149726,6001.222519057566
5.142487566158442,187186.49548440395,28077.97432266059,5459.998485448064
1.5705809972554454,78619.66883159142,11792.950324738713,7508.654660502467
4.386630877404254,149744.1171247668,22461.61756871502,5120.471313056198
3.975154514770163,125529.17700223712,18829.376550335568,4736.765949693971
3.6568139644403796,92059.69834220743,13808.954751331114,3776.225666826988
4.749188936285761,202775.2269041685,30416.28403562527,6404.521791759498
4.2285846291962015,126846.00660428703,19026.900990643055,4499.590917318313
2.3787520730629077,40303.77002747022,6045.565504120533,2541.486173603706
1.589596295030774,50198.71664845857,7529.807497268785,4736.930704234568
3.5434464753065975,98769.36661552645,14815.404992328968,4181.072042592957
3.1766503986297554,108521.55833668394,16278.23375050259,5124.339070337796
1.6639242210272043,45352.30908017918,6802.846362026877,4088.4352039945775
1.0135824820189294,33206.35218397077,4980.952827595615,4914.205716809727
4.264106622198565,136506.05686869807,20475.90853030471,4801.9222651959335
3.3601473982043935,125104.06106818466,18765.609160227697,5584.757731239923
2.643615536004513,76426.66488154329,11463.999732231492,4336.4852324774365
1.3723264656758878,32575.74731796608,4886.362097694912,3560.641159309216
5.219674501931432,160701.74955517327,24105.26243327599,4618.154335937296
2.199778070837422,67580.93868285102,10137.140802427652,4608.256140388106
3.308988469380071,110667.5696944036,16600.13545416054,5016.679752066505
3.4732531627877927,71581.14559741582,10737.171839612372,3091.387623179827
1.5349363496156698,25649.74094651079,3847.461141976618,2506.593281825645
3.9016698491973534,96682.04013346587,14502.30602001988,3716.9485324349716
1.854158390086723,57976.45204284467,8696.467806426701,4690.250764402036
2.0128644983957704,64743.14654291509,9711.471981437264,4824.7023031988465
2.8718592101945513,138714.99854041534,20807.2497810623,7245.219301559261
2.936087913396929,61242.77241239983,9186.415861859974,3128.7945500350097
4.26523308494663,106564.39265550177,15984.658898325264,3747.663628217701
3.5747922788543143,61054.19289741732,9158.128934612598,2561.863241337113
3.9729418318171037,107410.20260042377,16111.530390063564,4055.314945976603
3.2676598588849894,117995.50409393344,17699.325614090016,5416.514073814735
1.8815552829078117,59899.185206131864,8984.87778091978,4775.239857440852
3.412703948648215,135408.9695613671,20311.345434205065,5951.686914492089
1.890099295150679,83437.57124634123,12515.635686951186,6621.681579937014
4.561205992668793,144790.7060227193,21718.605903407893,4761.592863447982
4.3055415043031875,130561.07959582907,19584.16193937436,4548.594391623192
2.1943761363554186,96773.28085492717,14515.992128239075,6615.088401548289
2.7088730560163414,108571.66785132996,16285.750177699492,6012.001980502274
1.7999112481471098,50406.57304014273,7560.985956021409,4200.7548782224385
4.102172345422599,150116.03624127014,22517.40543619052,5489.141737625071
4.773873212637915,177945.8173230812,26691.872598462178,5591.2403638623155
2.5022403513599225,48641.74494892133,7296.2617423382,2915.8916482075006
4.161840156167783,134854.10315536743,20228.11547330511,4860.377793060446
2.7760653234862818,129669.8602543557,19450.479038153357,7006.491840662723
4.6555497011071285,158492.68736562607,23773.90310484391,5106.572720980785
2.9787017422976914,85041.60216433724,12756.240324650586,4282.483252187163
1.826386826881869,61703.49913264857,9255.524869897285,5067.669528529694
2.30197102789392,45194.20286981913,6779.130430472869,2944.9243054440676
2.463533858276574,76569.5330445314,11485.42995667971,4662.176620017972
2.398432829299273,59706.674308163725,8956.001146224558,3734.105469545773
3.645871656821919,101705.80150554083,15255.870225831124,4184.423277019455
4.2607595572201244,83262.70065144652,12489.405097716977,2931.26259062258
2.9922891868528434,103681.363801395,15552.20457020925,5197.426986181896
5.363367459534003,171463.54873351537,25719.532310027305,4795.407456990081
2.8956665695856447,102770.99759948853,15415.649639923278,5323.696381979911
5.074420342706341,139095.17655065618,20864.276482598427,4111.657110272202
2.618265116206692,52528.2377741329,7879.235666119934,3009.3345465088987
2.0524390731587263,76592.42858922899,11488.864288384348,5597.663988487054
2.710367505511641,95569.68203509279,14335.452305263918,5289.117537054366
5.922690247510914,223356.68009629435,33503.50201444415,5656.804697582222
3.491068767414719,78705.67515285348,11805.851272928021,3381.7297966521414
3.486841278905934,153128.68106335992,22969.302159503986,6587.42406729539
2.609726841732039,82744.16161594761,12411.624242392141,4755.909332700399
2.2877474595148732,58630.95123407298,8794.642685110946,3844.2366741720207
3.4098953696470975,127504.82290868288,19125.723436302433,5608.88864994172
4.097875946914088,196071.47193220892,29410.72078983134,7177.064696645864
1.8242817692311806,63650.263412709326,9547.539511906398,5233.5881840939965
2.3533523364356426,135645.1489664408,20346.77234496612,8645.867441924605
2.5312579003137192,69411.15424683572,10411.673137025358,4113.240747114292
3.55677995196839,155987.8012771581,23398.170191573718,6578.469994643532
3.1078254073608695,143996.9161480234,21599.537422203506,6950.048535881426
2.3158204730048264,109244.91278780602,16386.736918170904,7075.996222154805
2.667620454446579,131491.03011546476,19723.654517319712,7393.72592695596
3.866209275913914,107251.61020810963,16087.741531216445,4161.115031056756
4.721437492405385,92541.80210656064,13881.270315984097,2940.051697880711
2.2660498291198072,53787.55629119005,8068.133443678507,3560.4395543289447
4.597376505471302,92193.7509101522,13829.062636522829,3008.0335208710817
4.402566726047055,151323.73617493003,22698.560426239503,5155.756139241966
3.4847987500174895,84373.60891160018,12656.041336740027,3631.7854328536214
4.3394164597852605,82650.99136524537,12397.648704786805,2856.985223630809
3.5312505159760352,77025.22330586809,11553.783495880212,3271.867414562842
5.74561660021381,209797.15439869536,31469.573159804302,5477.144639033734
2.4597165506140817,70521.20979768957,10578.181469653437,4300.569294056478
3.5351173339463724,121677.77685145951,18251.666527718924,5162.959190195807
3.149629044622857,67635.31905459706,10145.297858189559,3221.1088081975627
1.7156874823246493,75378.89751523684,11306.834627285525,6590.264686180184
4.634587885310919,103009.10008798506,15451.36501319776,3333.924265881341
3.668622855277888,62925.768883983714,9438.865332597557,2572.86336179754
2.9932528130978415,122519.55701826773,18377.93355274016,6139.786613520318
4.731714812047751,202859.88938410164,30428.983407615244,6430.857440972113
4.25911470937582,191096.23259782387,28664.43488967358,6730.139206293976
7.307490353063806,368864.98687622306,55329.74803143346,7571.648453594659
2.559539825286632,96573.47266999954,14486.02090049993,5659.619263348522
3.187990570961944,113528.03263669739,17029.20489550461,5341.673545278466
2.596614364462416,118908.9864403007,17836.347966045105,6869.07852400247
1.7828106210939125,62248.637798014584,9337.295669702187,5237.401863790181
7.192651861221006,175109.6176511929,26266.442647678934,3651.8440144856404
4.804786966674822,128915.01871770356,19337.25280765553,4024.580682093795
3.966439168086773,115119.98489819388,17267.99773472908,4353.526425834072
2.391467532528959,128465.13050306318,19269.769575459475,8057.71741131766
2.8994016166495835,78840.15368334233,11826.023052501349,4078.780595482651
3.9930228853697605,119742.00500079984,17961.300750119975,4498.171251642283
1.678176767096873,74649.08012613305,11197.362018919957,6672.337645509538
2.4756311807732976,102952.42335520481,15442.863503280721,6237.949991588379
2.3468728416469373,98477.04772339259,14771.557158508887,6294.14465768108
5.0555673402937895,149413.49790611968,22412.02468591795,4433.137406219485
2.0105338058685325,81430.87641794821,12214.63146269223,6075.317623130251
5.278048532190198,146740.3376692888,22011.050650393317,4170.300920150792
2.4549715860108874,99859.09384888777,14978.864077333164,6101.440913893631
2.5373949781700844,82333.45924821057,12350.018887231585,4867.2039605509735
1.7110376338484186,52077.783986101946,7811.6675979152915,4565.456330931485
3.047599121149919,141264.60101933114,21189.69015289967,6952.912542153636
2.900031614060934,150526.99167919206,22579.048751878807,7785.794003900948
2.526467667704285,52844.29605478394,7926.64440821759,3137.441460084174
3.1937498101981525,108000.9394885979,16200.140923289684,5072.451471170362
4.885407158862461,186505.28876177088,27975.79331426563,5726.399541441626
3.7627469008797303,74232.85133212256,11134.927699818383,2959.2550318000494
3.0874060955406186,99328.69718977468,14899.304578466203,4825.832468228404
5.537918164421821,197052.36347808526,29557.854521712787,5337.3584881781535
4.877058531014848,185208.24822132083,27781.237233198124,5696.30999023857
2.8235635044398752,96074.77323415794,14411.21598512369,5103.9107009504
4.147611256223533,116953.84300592434,17543.07645088865,4229.68194634082
4.660177347303072,161163.60240378592,24174.540360567888,5187.4721837696
3.3809843045098167,67568.79521357369,10135.319282036053,2997.7421866516165
4.9875119870014455,163641.92972863393,24546.289459295087,4921.549967853335
2.3279046783732493,67924.84569174731,10188.726853762097,4376.780092594696
2.193621338038101,49678.06822675824,7451.710234013735,3396.990221055329
5.539739070026467,321601.6587204307,48240.2488080646,8708.036280819653
1.7665832201237783,70667.87841105968,10600.18176165895,6000.386305557818
2.9719761886392644,132876.15878926992,19931.423818390485,6706.454747040284
3.8320987708450214,120065.51143658881,18009.82671548832,4699.729258679037
4.055893792393333,82852.32675962221,12427.849013943332,3064.145574337096
6.354501857199365,206223.9460320925,30933.591904813875,4867.980622236739
2.57476295198092,74435.0815129143,11165.262226937144,4336.423366021729
4.074912761139075,115963.60477964372,17394.540716946558,4268.690334387478
1.8182168414640523,54403.07381500439,8160.461072250659,4488.167135048506
3.862719227586217,271237.5132511757,40685.626987676354,10532.897834539344
3.0335098697869975,138936.01239372024,20840.401859058034,6870.062321742627
3.5449265900054323,80688.87070011314,12103.33060501697,3414.268334678948
3.2981857882096106,58869.97547916968,8830.496321875453,2677.379895772641
2.3263446902349343,59054.022889837055,8858.103433475559,3807.734713887559
4.579327443044576,74919.14427452549,11237.871641178823,2454.0441322333786
2.8789388901700272,101666.83692904253,15250.025539356378,5297.0994248702955
5.286020091273206,126759.70573562094,19013.95586034314,3597.0267861322836
4.201190962303765,167603.12557508668,25140.468836263,5984.129039084901
2.894823216186895,94414.58727642063,14162.188091463095,4892.246273372694
2.042493013586845,95408.53666909732,14311.280500364597,7006.770845806907
4.763826091135692,98783.15975765488,14817.473963648232,3110.414544985155
2.382978467414906,38698.71569637433,5804.807354456149,2435.946205067182
4.30804470028506,110756.5990596713,16613.489858950692,3856.387529556365
4.569708003594097,105564.36454915318,15834.654682372977,3465.134899192453
4.030845280461603,103501.6172718775,15525.242590781625,3851.60965270384
5.786487672027211,119644.53520940358,17946.680281410536,3101.4807770467746
2.525851032036203,73899.03437395545,11084.855156093317,4388.562514376516
4.344939440221561,153374.7738432288,23006.216076484317,5294.945163910309
4.3297193500183075,164014.23646370214,24602.13546955532,5682.15477279175
3.3716243833994675,135485.08835504396,20322.763253256595,6027.588171837221
5.7090562658720625,193814.8465016989,29072.226975254835,5092.299956657378
2.6550642809398632,74992.87460878075,11248.931191317113,4236.782993191832
3.7368639362850695,102575.48177468832,15386.322266203248,4117.442467412731
3.685909192953341,83558.83652993028,12533.825479489542,3400.4705008608184
3.930498798397398,85192.40124596983,12778.860186895474,3251.2057228222184
3.9820103444908743,114320.39680036707,17148.05952005506,4306.382464269452
1.2282362474694286,53924.77204442638,8088.715806663957,6585.6351523002
4.109233125636011,53682.98711529934,8052.4480672949,1959.598742903781
1.949537810891145,61179.46870164645,9176.920305246967,4707.228684655336
4.707114599473378,111376.1247845687,16706.418717685305,3549.184615040896
0.9029552742268694,31117.205379198876,4667.5808068798315,5169.227026085338
1.7603936252079084,58284.35970183441,8742.65395527516,4966.306302229777
4.890846869765015,140759.45999846974,21113.91899977046,4317.027206534662
3.9600064916366224,162523.0863161894,24378.462947428412,6156.1674201582155
2.7706287574723447,102308.52716092745,15346.279074139116,5538.915682135483
0.489855641413665,12560.198686064043,1884.0298029096064,3846.091876113789
7.45676926912598,472858.7865579577,70928.81798369365,9512.003848284196
6.096306164159518,167865.57262724705,25179.835894087057,4130.343066121013
2.8022191234767058,95706.6864278195,14356.002964172925,5123.083646064577
3.9102326546707373,182768.69567817904,27415.304351726856,7011.169608790291
3.7600748086431803,95639.64703149062,14345.947054723592,3815.335541129916
3.0521439874446092,90515.098617639,13577.26479264585,4448.435214228979
3.269238225760228,133117.59483415372,19967.639225123057,6107.7345382133435
2.9862532769701744,118502.38193618231,17775.357290427346,5952.394402547819
1.5778499109214728,35635.21163930793,5345.281745896189,3387.699748181065
2.92951250715291,66782.14220650413,10017.32133097562,3419.4499277666855
5.283026978224384,176272.25682277593,26440.83852341639,5004.865322929529
4.924186773444292,199865.29339850388,29979.79400977558,6088.2731279516
3.323424528645326,82055.04289888966,12308.256434833449,3703.486066479285
1.428280068477546,32525.801890081384,4878.870283512208,3415.905879518971
4.508475110723283,106485.80349458834,15972.87052418825,3542.8543203437507
1.2052314220708877,48711.30651759437,7306.695977639155,6062.483805047525
1.7477920362435355,62582.29794203458,9387.344691305187,5370.9734892035885
3.080962634565559,78068.98829347311,11710.348244020966,3800.8731792595145
1.9903746465995549,55840.22446266173,8376.03366939926,4208.269877085327
2.340695592413388,131042.8162119644,19656.422431794657,8397.684216394746
1.3055269764693178,40373.28627368158,6055.992941052237,4638.734434603668
3.352610899579148,94894.45941276688,14234.168911915032,4245.696663964745
3.5705374657100473,156519.148857672,23477.8723286508,6575.444888654018
2.2790580129576683,84141.16877423681,12621.175316135521,5537.891200828309
2.831450165901365,48992.72409797431,7348.908614696146,2595.45751615116
3.1720758974848966,102793.1568966231,15418.973534493463,4860.8463456750815
3.172271196405911,101737.78039709757,15260.667059564634,4810.64389351532
2.23165232968927,82898.20011637338,12434.730017456006,5571.983526299273
4.510857389505776,191710.75975483403,28756.613963225103,6374.977411195829
3.9721702162664587,77832.47878627336,11674.871817941004,2939.1670503270893
2.634886431488425,115106.44193147453,17265.96628972118,6552.831303612498
2.5699782969595164,87010.81057989388,13051.621586984082,5078.494866055936
2.283307676452697,137687.54947370206,20653.13242105531,9045.269121654957
3.363740273591251,51711.19767300343,7756.679650950514,2305.968659901676
0.882017882826518,21609.298079236814,3241.394711885522,3674.976182453507
3.5873032154583844,148959.27385049377,22343.891077574066,6228.603977854426
4.361049700393228,128561.09636017369,19284.164454026053,4421.908893238991
3.203614118665457,76315.79531659775,11447.369297489662,3573.267214298063
4.588506297380707,138061.2945149795,20709.194177246925,4513.275744890775
3.3512421309840836,106903.4512381128,16035.517685716919,4784.947508704222
4.014360976925507,81629.13162162964,12244.369743244446,3050.1416822315978
3.893756588393278,102114.37885907835,15317.156828861753,3933.7735888576008
4.804952561412552,161380.34058662233,24207.05108799335,5037.9375818180815
2.848453404419784,60553.2948990878,9082.99423486317,3188.745942190805
3.4076939301958977,127972.61843324835,19195.892764987253,5633.103546915007
3.3643881055257787,111621.1897510494,16743.178462657408,4976.589482990347
3.0275747738250107,39012.667168695894,5851.900075304384,1932.867232841667
4.02151355640403,82697.97154747097,12404.695732120645,3084.5838409190183
2.4623631497853005,89861.3048221895,13479.195723328425,5474.089280658585
4.005115813026379,94449.16313616298,14167.374470424447,3537.319551246429
3.4053814384313976,113248.54748748279,16987.28212312242,4988.363985136179
2.292794173928547,36228.78967149665,5434.318450724497,2370.172827774227
1.3505077153889968,51009.66019865802,7651.449029798703,5665.609268729575
1.7216499739449862,73098.78519284214,10964.81777892632,6368.784564147818
2.5585770902637233,85391.16233785174,12808.67435067776,5006.170968785434
4.215717773634869,124547.64415594084,18682.146623391127,4431.545854475699
1.9383117858946106,88349.01448150807,13252.35217222621,6837.059067929933
2.497983185880442,78311.03733963214,11746.65560094482,4702.455832105443
4.6153353775394095,146959.6656571821,22043.949848577315,4776.240087741941
4.395856532433213,150941.59433020226,22641.23914953034,5150.586463065905
5.2028778551709856,131228.43069964758,19684.264604947137,3783.341672221563
3.3049262845812972,114683.89427283662,17202.584140925494,5205.133990788813
3.722851066764196,62841.28089670559,9426.192134505838,2531.9820657501714
2.637802614638274,79277.93192376323,11891.689788564485,4508.180302260869
5.130612282623073,165461.62226000032,24819.243339000048,4837.481760814517
6.838956816764075,299060.3149515119,44859.04724272679,6559.340619429781
2.0918848353675448,70205.67394159995,10530.851091239992,5034.144764183311
2.150050827606382,66661.2837466241,9999.192561993616,4650.677292650594
4.216330577145952,152267.984047983,22840.197607197446,5417.0794223298435
2.590327415350522,134664.77262698897,20199.715894048346,7798.132303408035
4.676099933333786,158723.44996709033,23808.51749506355,5091.53307980941
3.877802681037258,115092.84772762394,17263.92715914359,4451.987008922726
2.6680273153036427,70709.12391111902,10606.368586667853,3975.3598195304703
4.512784019411209,178672.69340503222,26800.90401075483,5938.884709632434
4.304993802352904,95370.24069738163,14305.536104607243,3323.0096862830605
4.7705568450306535,181879.3449050441,27281.901735756615,5718.80864687219
4.8933771217476885,221808.2701631623,33271.24052447434,6799.238991126724
1.6765730682546889,63984.62764949597,9597.694147424394,5724.590433398519
3.264106195429077,154346.5624229116,23151.98436343674,7092.90169414765
4.253157248863307,111795.53189418139,16769.329784127207,3942.7956228538123
2.0089859647295367,59863.41503390031,8979.512255085046,4469.673961258325
3.3731901360463863,110913.89147321723,16637.083720982584,4932.151183295705
4.602049899020313,214512.812002267,32176.921800340046,6991.867212737064
4.189757430632514,134091.2787078143,20113.69180617214,4800.681695583423
2.9695453616402854,99164.60024391604,14874.690036587404,5009.079918001685
2.663768148004357,105670.48243734175,15850.572365601261,5950.432426889781
3.8795153288225763,128540.51096978545,19281.076645467816,4969.970476007779
0.5074568604376707,19340.25803449464,2901.038705174196,5716.818376782042
5.501220203522114,263150.29283125274,39472.54392468791,7175.23430518486
1.3421449793694191,42017.78759008566,6302.668138512849,4695.966706572963
2.350119863600255,104205.00801107724,15630.751201661586,6651.044248320224
1.5293763979353137,56219.247782696846,8432.887167404526,5513.938346890327
5.71766812037371,130904.53189526609,19635.679784289914,3434.2111803100797
4.469305750343993,256388.6397542695,38458.29596314042,8604.982095973266
3.277491502420817,125533.64971241548,18830.04745686232,5745.26202217583
3.4703061482978814,84955.29721120636,12743.294581680953,3672.095209217001
2.0601266867949457,65984.73702120919,9897.710553181378,4804.418396511236
4.674408784816806,177418.69285967445,26612.80392895117,5693.298372918009
2.714632872357057,126697.75556317333,19004.663334475998,7000.822662983028
2.9406428662552226,76326.73064647832,11449.009596971748,3893.36961939603
3.6059789472713577,132688.62491587925,19903.293737381886,5519.525773283479
5.127927592526155,190812.8641405023,28621.929621075342,5581.578348101325
4.725572717186344,162107.73099065252,24316.159648597877,5145.653469718688
1.4637793890168567,31936.901420567185,4790.535213085078,3272.7166737213233
5.011620469997861,164832.5332161707,24724.879982425606,4933.51005536861
4.214768193920226,211919.97345406667,31787.99601811,7542.050844922852
1.7506158083022882,50232.9596779754,7534.943951696309,4304.167662580144
3.127061697717135,133843.00710177163,20076.451065265745,6420.228638252408
4.351160065609388,244627.18504639188,36694.07775695878,8433.171201165569
0.2079790014843711,5233.065669865705,784.9598504798557,3774.2264597748
2.648006178489358,72612.64659966087,10891.896989949131,4113.244552987701
4.325087581758784,157401.78077101806,23610.26711565271,5458.910754831852
2.97104149796165,112124.67194013373,16818.70079102006,5660.877104058933
2.6233004258342074,91678.13023400583,13751.719535100874,5242.144361230696
3.5380304596751655,162383.02109256375,24357.453163884562,6884.466779328088
1.3306312668011155,21655.338287686478,3248.300743152972,2441.172715685542
6.807505444332735,293868.28689286055,44080.24303392908,6475.241686457407
3.4702864585778417,53131.11491407881,7969.667237111821,2296.5444876783663
3.1362267813316436,127109.03885959846,19066.355828939766,6079.393219403662
3.5836934669248746,103948.74386813867,15592.3115802208,4350.905490139585
4.154053451465569,130258.0383187175,19538.705747807624,4703.527765371983
3.1609941404893513,94265.26946973486,14139.79042046023,4473.209943461413
4.464379068456292,107168.34712389915,16075.252068584872,3600.7811662246295
4.192820341355475,132878.09657347618,19931.71448602143,4753.772607289396
5.204689329388112,155466.10460277737,23319.915690416605,4480.558629838182
3.039116516637539,85117.74397407356,12767.661596111033,4201.109607418771
4.315167294129129,127083.60289000644,19062.540433500966,4417.566952603653
4.7597040120955745,210946.05893337884,31641.908840006825,6647.873220603
3.510765374306622,148036.26821638978,22205.440232458466,6324.9570577880195
2.037374560387188,126306.50021304781,18945.975031957172,9299.210562615757
3.9274323159148974,154953.2957957697,23242.994369365453,5918.114559270511
2.737053424418402,70315.86130372096,10547.379195558144,3853.5525472248905
4.090277593521128,180684.23041620164,27102.634562430245,6626.111295076885
2.442067667377326,74784.48330817974,11217.67249622696,4593.514195400757
4.095278284901833,162177.89996926018,24326.684995389027,5940.178738298405
3.577803220614596,148213.23810035142,22231.985715052713,6213.864861811404
3.261273306055809,94069.64242779452,14110.446364169178,4326.667850243555
1.3916497318479688,48375.20991384687,7256.28148707703,5214.157931422463
3.5437112551181618,96588.10798780576,14488.216198170865,4088.430223327484
2.5329527120920936,86205.35027455683,12930.802541183524,5105.031167559114
4.344145702222647,131891.84762375476,19783.777143563213,4554.123756355824
2.5562766916706363,89628.11173688559,13444.216760532838,5259.296383814565
2.554747022946697,68015.65066604904,10202.347599907356,3993.486442403116
2.8522512679460337,98127.33582443712,14719.100373665568,5160.520231538052
2.0200403838189067,61801.04952401649,9270.157428602473,4589.0951007014755
3.5568896085361668,71791.60317147868,10768.740475721801,3027.5723063988094
3.7456676462153893,125666.19745434131,18849.929618151196,5032.461872904582
3.9016140183290227,262822.8029749338,39423.420446240074,10104.38763574165
4.076152077313901,79008.63605213758,11851.295407820637,2907.471356081099
0.26818636557036885,10143.9153678092,1521.58730517138,5673.619171262955
2.5685455427954356,99938.82657888152,14990.823986832227,5836.308423216511
1.9744550334164885,122879.28644916268,18431.892967374402,9335.179913153488
3.689314463812439,132498.32280490722,19874.748420736083,5387.111512364291
2.0958282874697343,43815.215677314314,6572.282351597147,3135.8877971495344
3.7188528455989016,96488.72955863475,14473.309433795212,3891.874735222109
3.4346157393427723,105221.06148540435,15783.159222810653,4595.320239763073
4.023720453659472,131308.83746662794,19696.32561999419,4895.05318444299
5.367586147931525,188377.73119686253,28256.659679529377,5264.314144341862
3.5922095530552536,105793.54260927485,15869.031391391227,4417.624071483877
2.9758154077990246,47247.47024421637,7087.120536632455,2381.572633187701
4.097031436297265,105770.11574531437,15865.517361797154,3872.442183684043
3.226273334185281,129985.78581838903,19497.867872758354,6043.464348218989
4.842055357889112,104826.66505183322,15723.999757774982,3247.3812452713964
4.416610911162243,109091.60021617003,16363.740032425503,3705.0445152569127
0.5054939699773419,13482.434339968735,2022.3651509953102,4000.7700805727914
1.6840185632898454,55189.107052752785,8278.366057912917,4915.840144743157
6.05393463168527,265418.26862385776,39812.74029357866,6576.341291365372
4.74994941732739,163516.41597997482,24527.462396996223,5163.731282594766
3.9300774312139297,177905.43643559972,26685.815465339958,6790.150049816498
2.366274979233141,103416.35372347746,15512.453058521618,6555.642600569132
4.040773265021319,197373.42946854915,29606.014420282372,7326.819021637476
2.8427570732173844,130279.1944153798,19541.87916230697,6874.269822918707
4.5346782331194175,201884.46880553156,30282.670320829733,6678.019644185029
2.6515043970334182,66560.26327449473,9984.03949117421,3765.4244519996455
1.1989371239944584,32034.510600071633,4805.176590010745,4007.863710151455
1.2095790628139504,65482.77660768656,9822.416491152984,8120.524563563651
3.3332881906007232,41840.61574973359,6276.092362460038,1882.8532078796836
2.746215452605663,134538.47603785954,20180.77140567893,7348.5754318842755
4.220471833289167,95635.43586784606,14345.315380176908,3398.983797742131
3.711421100024293,144253.16905228398,21637.975357842595,5830.105173918681
5.920214277862398,209864.91528523664,31479.737292785496,5317.330727453304
2.6895410317297688,146604.8826429601,21990.73239644401,8176.388512764481
4.221185701794381,149582.67380507474,22437.40107076121,5315.426199141941
5.123475018616915,256633.8235321786,38495.07352982679,7513.469547513976
2.6161843399170643,76197.42436434985,11429.613654652478,4368.810515475682
2.670457722142587,54975.26153956044,8246.289230934066,3087.9684641919084
4.770572955359098,162692.1757145666,24403.82635718499,5115.4916999582965
3.796637719334975,101495.25761402708,15224.288642104062,4009.9397855560396
2.7900083401541536,80974.584810014,12146.1877215021,4353.459287806644
1.742768060173501,45658.02513002297,6848.703769503446,3929.7849932030686
4.28807964803018,118901.66324989549,17835.24948748432,4159.262642352578
2.8480153482329236,76051.35719034032,11407.703578551047,4005.492310857474
4.089716012584544,181487.38798518703,27223.108197778052,6656.4788640603165
4.529932193583046,138757.69069081737,20813.653603622606,4594.6942943443055
2.7671407721199603,74167.48321842,11125.122482763001,4020.4396519515803
2.4207215760997443,57399.100242200766,8609.865036330115,3556.734950990229
3.0073106967509426,87089.31733503794,13063.39760025569,4343.880269627347
2.4571948085972233,81668.02880105484,12250.204320158226,4985.442862445118
3.1198550993081304,88950.62826627985,13342.594239941976,4276.671132226902
4.529615505150193,114106.83511536711,17116.025267305067,3778.6927494936535
4.189971384838152,134105.79107564414,20115.86866134662,4800.9560958191705
2.1977310160640595,64311.20582933157,9646.680874399735,4389.381959797829
1.5360425231947528,57934.363825162836,8690.154573774425,5657.496093076983
2.763570118398784,49899.415555272375,7484.912333290856,2708.4213581045747
1.878619969565379,57208.84548400765,8581.326822601148,4567.888642526486
5.6504430617389465,120193.99599431272,18029.099399146908,3190.740832560196
2.5451078568213097,54953.93027055868,8243.089540583802,3238.797726583948
4.340109160441927,201200.79715956195,30180.11957393429,6953.769699852718
1.7943958433522216,99184.92442680849,14877.738664021272,8291.224435867645
1.147444143757395,54703.02765404239,8205.454148106357,7151.07065799034
4.4658385515432215,144123.47001850943,21618.520502776413,4840.8647677838435
1.8274537784925977,60865.212828090625,9129.781924213594,4995.903060127972
3.8482094879161224,155613.16690781197,23341.975036171796,6065.6716089570045
2.3208503090823513,64177.82572281545,9626.673858422317,4147.908126926393
3.088277390934035,116350.42248943125,17452.563373414687,5651.229201317386
3.3254909945048485,94732.02407898761,14209.803611848141,4272.994163968236
4.553038775244135,238886.6267552287,35832.994013284304,7870.127135335661
3.674965783762731,155902.00449800643,23385.300674700964,6363.40636912194
3.539649778517623,62606.07585477716,9390.911378216573,2653.0622987648826
3.826611752280599,190027.33025250712,28504.099537876067,7448.9133946991315
4.130865558496725,104516.6995335811,15677.504930037163,3795.210642425847
3.5760648763472878,110667.71665430859,16600.157498146287,4642.017992442644
3.695034325300014,93555.76652120255,14033.364978180382,3797.8984070847455
2.3163757089294728,105995.42066463386,15899.313099695079,6863.874905268733
4.880828163753483,216221.14993574706,32433.172490362056,6645.014207060325
4.009360209407039,139992.665047275,20998.899757091247,5237.46898765099
3.1397360902832947,59202.30898638789,8880.346347958184,2828.3734978365396
3.1726287338115373,121699.31905060446,18254.89785759067,5753.871438861859
3.8493908020838603,73067.4899847667,10960.123497715003,2847.235851392839
2.5939798211293383,119166.57011047925,17874.985516571887,6890.950103378087
3.69785882659328,136360.47914704136,20454.071872056204,5531.328487977971
4.628377115324816,174820.06781663228,26223.01017249484,5665.703014058423
4.767417618001017,123804.9344650388,18570.74016975582,3895.3457946783674
4.480616877341787,142995.2253656374,21449.283804845607,4787.127396076499
5.106828645188605,222357.3844698478,33353.60767047717,6531.1781514152135
4.86230606741474,163086.2304629436,24462.934569441542,5031.138359097239
2.9292786859311333,78324.48743936632,11748.673115904947,4010.7734277151517
2.1759014704081316,36562.64140882618,5484.396211323927,2520.516800007136
4.746200710535537,135856.9004574104,20378.53506861156,4293.652188660211
3.169179119600674,73759.62560214994,11063.94384032249,3491.107136196385
2.9667078472558996,127276.08151505118,19091.412227257675,6435.21816444331
2.8367400176233653,89777.3983963537,13466.609759453055,4747.213236246953
3.2581760153438823,94710.96126901018,14206.644190351526,4360.305926827619
2.9755579621987875,90385.2169931838,13557.78254897757,4556.383280451728
1.831863891352072,77728.83602028586,11659.325403042878,6364.733459775388
4.443251654861087,246567.60265679154,36985.14039851873,8323.890535899665
3.697919417566432,142328.03548306652,21349.205322459977,5773.301933255674
1.7991490607694063,58000.3310998105,8700.049664971575,4835.646948147252
1.1911556438440503,63450.46960880226,9517.570441320338,7990.198838000391
3.254117534674087,116324.04780944703,17448.607171417054,5362.008896573123
6.160795613603968,186819.63433793033,28022.94515068955,4548.591920305009
0.7091579316538776,17814.60963792305,2672.1914456884574,3768.1189568823547
2.7219919662250502,37352.43433305953,5602.86514995893,2058.3694659941157
2.3384286960759955,55567.30105163505,8335.095157745256,3564.399962988813
1.2230602996839626,41209.43779576546,6181.415669364818,5054.056346168778
3.5084092926536923,102609.89859255045,15391.484788882568,4387.026571019241
2.050790073938701,55555.88848335795,8333.383272503692,4063.498930682254
5.948885052549932,289668.471179155,43450.270676873246,7303.935156428801
3.8769804281274003,85672.58740622531,12850.888110933796,3314.6641694915224
3.8041910801771706,150244.67806781965,22536.701710172947,5924.177107613468
5.1272425807695505,127450.14081605054,19117.52112240758,3728.616468062297
1.1510885435565714,41943.6778033575,6291.551670503625,5465.740846541941
3.30195137936794,151252.37281759092,22687.85592263864,6871.044820466603
3.033653433130577,82720.5640440958,12408.08460661437,4090.145720373159
2.8655738336203824,58299.274003861545,8744.89110057923,3051.706781371215
4.436070183256299,177108.61219773532,26566.2918296603,5988.699622006274
3.819818231385624,133077.87574599797,19961.681361899693,5225.819699451686
3.327799019772123,129279.89962978476,19391.984944467713,5827.270465929645
3.3761256040029224,94492.61000397877,14173.891500596816,4198.271380600136
2.077761820380367,60075.9863841081,9011.397957616215,4337.069759019124
0.2617211153724878,4132.2376956513735,619.835654347706,2368.305871941364
4.944952258843329,123977.85060633646,18596.67759095047,3760.7395617810084
2.9966378229716053,77477.50524935791,11621.625787403687,3878.221685088104
4.343066861401822,136898.12237454337,20534.718356181504,4728.160770141462
2.5259861115375926,71031.92375929368,10654.788563894052,4218.070920987122
2.1193957897513704,96717.01809053827,14507.55271358074,6845.136139145886
2.437943605336366,114862.88832607355,17229.43324891103,7067.199262196988
3.9588759551138297,152687.5970680501,22903.139560207514,5785.263246407774
5.02439740739733,194394.9605194235,29159.244077913525,5803.53059552632
2.1582193697624166,56143.53307928641,8421.529961892962,3902.073199732254
4.879319197172119,225143.93993129113,33771.590989693665,6921.373582049415
4.030861383591896,161257.41477635357,24188.612216453035,6000.854386835449
3.8745551414120163,157585.575248683,23637.83628730245,6100.787167707733
3.11702290174047,141539.97207450293,21230.99581117544,6811.305685088347
2.8220869235791963,68123.98090046401,10218.597135069602,3620.9363537638874
4.024443128406401,165849.41505442615,24877.41225816392,6181.578783550826
2.8822106742966414,133733.79594813025,20060.06939221954,6959.959440548143
3.6082185681685153,193736.71573711868,29060.5073605678,8053.976446143764
3.9221111595832188,157313.9254495457,23597.088817431853,6016.42530191301
7.979531809235756,430779.4436674252,64616.916550113776,8097.833067765225
4.384948200995982,134930.68582651112,20239.602873976666,4615.699421347671
6.84966555265148,234882.7466239871,35232.41199359806,5143.668945991053
3.3136910309920857,155867.38174938416,23380.107262407622,7055.608698499526
4.10530911475153,97910.24718763813,14686.537078145719,3577.4497528999364
3.4983020048817175,81665.59136026604,12249.838704039907,3501.6527123575456
3.176017542877986,86202.07501933214,12930.31125289982,4071.234203946766
3.5473321893225394,130081.59692704053,19512.239539056078,5500.539136928835
3.741319082433449,128297.10076312977,19244.565114469464,5143.791451744423
0.9336269762594913,25821.10553870168,3873.1658308052515,4148.515337809549
2.5935824933204294,122101.84426564747,18315.276639847118,7061.767530825294
3.2072332544315976,135659.69084480364,20348.953626720544,6344.706484507592
2.4256647745232143,72936.72953694325,10940.509430541488,4510.313851052209
2.165587201521151,102916.40107346342,15437.460161019513,7128.533152659907
4.913092415247559,183739.23629184283,27560.885443776424,5609.681869252545
2.4176533419232005,72357.8189131316,10853.67283696974,4489.342061064815
3.535372688900881,108672.14865706682,16300.822298560022,4610.7790416935695
2.5840475477816627,138103.7190982305,20715.557864734576,8016.709244579629
3.3094386197625076,73566.26248470625,11034.939372705938,3334.3840574078476
3.8040029699112043,178410.2207685882,26761.533115288228,7035.097850071583
3.2448281391952354,93808.92350018788,14071.338525028183,4336.543546037566
4.440776977711758,150135.73876058302,22520.360814087453,5071.265890432474
2.437175714886882,86357.95107379367,12953.69266106905,5315.042564204394
5.094900904533594,193304.92980795857,28995.739471193785,5691.12923185464
3.4266623837805708,63844.36831333245,9576.655246999868,2794.7472421937664
3.8628165158450485,172839.36845201734,25925.905267802602,6711.658491014535
5.63735017635293,117131.21748244138,17569.682622366206,3116.656243223278
2.8758343971162503,118555.17298694357,17783.275948041533,6183.692623564749
4.826401029496326,242436.68532298133,36365.502798447196,7534.703928704042
2.463390099221612,111667.13002783847,16750.06950417577,6799.6008871954555
2.7787633635126823,91705.5803682363,13755.837055235444,4950.3449037295695
2.567828778264656,81682.5297026921,12252.379455403816,4771.4939403724575
3.5553570488864485,184802.3641320879,27720.354619813184,7796.785031336109
1.0612310718872133,45333.52336198653,6800.028504297979,6407.679424807381
3.231294148885501,125442.36411241868,18816.3546168628,5823.163645857717
3.7031739830456507,68611.0134592438,10291.652018886569,2779.143530929181
1.5593777620391436,40199.55907358061,6029.933861037091,3866.8846047618113
3.5651343465818703,101243.40478992087,15186.510718488129,4259.730277218989
1.949763041447515,77060.57662220052,11559.086493330078,5928.457072787956
4.019523228165877,148390.9382956302,22258.64074434453,5537.632072473737
2.8359512918497662,125684.88118226573,18852.732177339858,6647.763038639162
4.877597491465235,167111.24337357117,25066.686506035676,5139.146177989693
2.6243190254463546,102122.2189333146,15318.332839997189,5837.069613665505
3.4789881904116884,139047.7116811689,20857.156752175335,5995.178945895527
4.321865464407727,166894.91008581864,25034.236512872794,5792.460852620156
2.9153417173671072,102069.52629994017,15310.428944991025,5251.675593905377
3.334138921252297,139172.11189416246,20875.816784124367,6261.231843418043
2.0653533973159908,73167.03966740328,10975.055950110493,5313.88766899312
4.0641351108176424,121453.08137148793,18217.96220572319,4482.617262706606
2.275705836762383,92312.86420435201,13846.929630652801,6084.674656524434
3.1722719635183485,75902.27527469794,11385.34129120469,3589.018035697442
2.6101616436009887,68369.14700215215,10255.372050322823,3929.0179883934215
3.028935226598608,99655.22000897893,14948.283001346837,4935.160999838631
0.5428987232663759,9716.021835978603,1457.4032753967904,2684.4846247348946
2.8527790671270044,84117.29905847249,12617.594858770874,4422.913433488519
1.6985439245721032,67621.66829737836,10143.250244606754,5971.732669299111
7.304424676306352,388061.4402331958,58209.21603497936,7969.035018431345
1.204712421903461,51333.57251473986,7700.035877210979,6391.596647642118
3.2210875686461455,93890.15244445964,14083.522866668945,4372.288106587673
5.850511069474482,167042.89834100034,25056.43475115005,4282.777086241925
2.718499589273218,51787.17703808447,7768.07655571267,2857.4867498101917
3.9827125205164657,164490.51583216226,24673.577374824337,6195.169058203765
1.8464294753059545,26096.586256665538,3914.4879384998303,2120.031114565693
3.1546395620500367,50213.10843012609,7531.966264518914,2387.583784571661
2.833907403016169,71311.3583135502,10696.703747032529,3774.542434113363
2.3915946886988384,87489.38235973174,13123.407353959761,5487.304105487719
4.626383246212299,98480.54254513214,14772.08138176982,3193.0085761623795
2.4365961120036523,33269.25845072213,4990.3887676083195,2048.0984694277636
2.9549546888841247,115797.93886681982,17369.690830022973,5878.158096759942
4.268594968863644,137299.05414965903,20594.858122448855,4824.739351630608
4.844720215470014,109700.46307176547,16455.06946076482,3396.49530394366
4.866377804868734,126560.05022752783,18984.007534129174,3901.055013676902
2.7981033502756474,94918.24355569347,14237.73653335402,5088.352627129169
2.5225683279733775,141371.5170035615,21205.727550534222,8406.403630529536
3.349304026532678,85706.59365817542,12855.989048726313,3838.4061126977786
3.6100161417529253,94752.62136773443,14212.893205160164,3937.0719262930415
2.278261158564335,47766.608883319575,7164.991332497936,3144.938544715837
3.97147819781282,185431.18199807542,27814.67729971131,7003.608206896229
5.014186179023066,246886.51629258427,37032.97744388764,7385.64068458721
1.011863324704184,13120.753200600222,1968.1129800900333,1945.0383584812769
2.35610935952896,68867.5711205173,10330.135668077595,4384.404156071442
3.0638494765981488,75519.62436697898,11327.943655046847,3697.2911827328026
3.387623103428314,144927.37628624286,21739.106442936427,6417.215191659367
3.537182550231008,113694.49883876751,17054.174825815127,4821.400813679053
4.244981502825339,117147.52219626043,17572.128329439063,4139.506454325786
6.810397867548695,194541.92612921775,29181.288919382663,4284.814116137101
2.0642356887870297,46289.66184878108,6943.449277317161,3363.6901614646617
2.251333480006768,106001.6193340372,15900.242900105579,7062.588923990852
2.284733442474419,83088.22059899359,12463.233089849038,5455.005322787708
4.757471519197613,115386.30276231747,17307.94541434762,3638.055497443472
3.141553544449747,86416.16357485106,12962.424536227658,4126.119244132784
2.368503399192341,93458.34445246917,14018.751667870376,5918.822693119531
5.313301331247806,147004.29509460926,22050.64426419139,4150.083514840459
5.285626795219526,173528.41783471315,26029.262675206974,4924.536612904375
3.795275936035424,105710.21646711841,15856.532470067761,4177.965643950417
3.324167150680163,137970.35236828454,20695.55285524268,6225.785863688633
3.9658445650715697,216249.68177456388,32437.45226618458,8179.204135197668
4.182750973871276,153965.02668640902,23094.754002961352,5521.426962118758
3.7653329949562453,158132.11613672477,23719.817420508716,6299.5271473418115
4.729352769261824,232296.76897950788,34844.51534692618,7367.713310243264
4.896241034361963,148392.28793233278,22258.843189849915,4546.108541968563
6.040394863588084,229876.80309152347,34481.52046372852,5708.4878128722185
1.850848486811817,65924.6967733988,9888.704516009819,5342.795256592628
4.2507677342648496,118530.48132936648,17779.57219940497,4182.67318067894
4.989505140098145,215166.59381842718,32274.989072764074,6468.575172593011
4.168660344254243,206803.18541911247,31020.47781286687,7441.354116466477
4.617556668836185,168897.3939879185,25334.609098187775,5486.583254986483
2.714002336448338,77011.63928910544,11551.745893365816,4256.350754834993
2.088519836934683,88423.9360602547,13263.590409038205,6350.713157939238
3.489617597015345,102657.0518776946,15398.557781654188,4412.677708533023
5.403100849881852,127552.91743392978,19132.937615089464,3541.103182537827
2.401815141395352,68740.55631624136,10311.083447436204,4293.037906924804
3.595078644199966,110902.93826898343,16635.440740347512,4627.281455215424
3.903722347696418,109706.3918328775,16455.958774931623,4215.453177565834
2.7561973770358352,48027.18252003722,7204.077378005582,2613.7741215591896
3.947215459243893,114478.54708325952,17171.78206248893,4350.353366770169
3.9346138426036594,136320.355339618,20448.053300942698,5196.965730037581
2.7934803135599853,83893.43228023019,12584.014842034529,4504.780213037398
3.770736426738237,128894.42850007843,19334.164275011764,5127.423953027713
3.5043338098681063,68513.50700638046,10277.026050957069,2932.6618434628717
3.8431372354086966,136563.6482926846,20484.54724390269,5330.162830296189
4.088202520888115,155077.11019739474,23261.56652960921,5689.925195916151
3.641050476042165,81488.48851574263,12223.273277361395,3357.0732836003244
1.910852119023656,48215.22041861887,7232.28306279283,3784.8470798923686
1.946322708215941,60713.172565387795,9106.97588480817,4679.067785812304
3.807852323694294,98794.90791504859,14819.236187257287,3891.7570660618458
3.4515660991923247,138627.34085654843,20794.101128482263,6024.540898506372
2.4134674291631573,47736.749847991334,7160.5124771987,2966.898326728829
4.31674507949632,104314.37555484149,15647.156333226223,3624.7580167629317
4.777314605287522,106139.17696246781,15920.87654437017,3332.5995584944267
1.0554043769806005,43190.584474318865,6478.5876711478295,6138.488538092271
3.7069344822420787,96273.63665609695,14441.045498414542,3895.6840396272964
4.941384729078727,88883.33895499662,13332.500843249492,2698.1304986821388
3.91806677265241,126697.13623625113,19004.57043543767,4850.4968236087925
4.023866600122478,133716.46121558154,20057.46918233723,4984.625778033179
3.985638064962495,239191.3119006664,35878.69678509996,9001.995715694164
4.408432250049733,98552.96197991559,14782.944296987338,3353.333670222689
5.061131531390194,77621.60028606188,11643.240042909281,2300.5211326154
4.980240143491571,140329.56698710442,21049.43504806566,4226.590373473079
1.388522540674531,37145.87194440785,5571.880791661178,4012.812632450613
3.466984960452885,162666.25637777237,24399.938456665855,7037.79760656318
3.4701167813976452,126383.23823418822,18957.485735128234,5463.068515951443
3.6456464030886404,172561.05010577646,25884.157515866467,7100.018667179862
6.266178541059697,359030.52549675945,53854.57882451392,8594.48521481266
2.613949915461127,73897.38841398055,11084.608262097081,4240.558779084963
2.5380616762472163,112179.08669689781,16826.86300453467,6629.808551151879
5.309897119437021,211424.3040792257,31713.645611883854,5972.553685794628
1.8098982713714136,64612.842821871775,9691.926423280765,5354.956450639022
3.8331180805989478,129260.06904434948,19389.010356652423,5058.28673914026
4.725780255167586,84156.30093089613,12623.44513963442,2671.1874987904544
4.638694196409239,241026.90207599304,36154.035311398955,7794.011370567472
4.331629220682102,134303.43004231137,20145.514506346706,4650.793842224194
3.8885715053556114,85783.7824007583,12867.567360113744,3309.0730985380196
5.33620093762357,296608.5196485915,44491.27794728873,8337.63167230028
2.4398278233611546,27883.54586315455,4182.531879473183,1714.27337594308
2.1439547950292464,89635.14012607273,13445.27101891091,6271.247439583957
3.1628779403730123,130700.03248547597,19605.004872821395,6198.470267401242
4.989898271246782,179115.14273809077,26867.271410713616,5384.332495419898
4.32340865883018,163965.1350086595,24594.770251298924,5688.745199014735
2.619957172631997,59932.24163538316,8989.836245307473,3431.291297130756
3.369486086872102,95356.78957414483,14303.518436121723,4245.014838271582
4.186739054014993,99317.36867295334,14897.605300943,3558.2836925689257
2.9378067156623446,105761.5916295091,15864.238744426364,5400.028075315256
3.2788274075994153,89173.23834032891,13375.985751049337,4079.5028491123076
4.011038599409484,146770.0961735071,22015.514426026064,5488.731629076631
2.961530622660939,66013.37431963616,9902.006147945423,3343.5433934660646
4.255456309496949,175014.3831075777,26252.157466136658,6169.058158945124
3.525004571473756,71783.23931577565,10767.485897366347,3054.601966903155
2.4696700247895125,80607.55122167303,12091.132683250953,4895.849470530569
2.1982060745618326,49324.4826088031,7398.672391320464,3365.7774295775425
4.356110414096604,77544.57247624244,11631.685871436364,2670.1999641229504
2.7802901844285928,90088.68798539398,13513.303197809097,4860.393088999219
3.3688925510175567,108176.17404101683,16226.426106152523,4816.546049012876
4.18269120277127,114820.30485348236,17223.045728022353,4117.694779048262
2.9504636791094105,130534.7690682561,19580.215360238413,6636.318046846334
2.2113835975191054,90036.25948633348,13505.438922950021,6107.234827146872
2.959468883667912,90294.42497942237,13544.163746913355,4576.552171796097
5.301039384025059,179962.86820605988,26994.43023090898,5092.290072821947
3.975362041388897,175851.76290767206,26377.76443615081,6635.311239963203
3.1830951093003663,121132.454584967,18169.868187745047,5708.239170942877
2.9293912124033175,186332.45309346856,27949.867964020283,9541.186525609115
4.088553714218267,132165.2130325877,19824.781954888153,4848.849578751018
3.0825235987313193,94901.94425511408,14235.291638267112,4618.064122566964
2.710607709803101,86845.48931188104,13026.823396782156,4805.868200577215
2.982211543416376,138823.53890908897,20823.530836363345,6982.5800528249
5.081948052626172,58189.369451989005,8728.40541779835,1717.5314126416183
2.552641811409445,49152.564800425156,7372.884720063773,2888.3350132045452
3.8911742445256263,112597.57211388764,16889.635817083145,4340.498460289887
3.4955729336129795,87355.29735159459,13103.294602739188,3748.5398964900987
1.4230087442111943,61246.61756100825,9186.992634151236,6456.033858909133
5.593390354650651,274876.26845434244,41231.44026815137,7371.457676625285
4.733273082985319,150633.32663157067,22594.9989947356,4773.652100479428
3.713236175404937,115191.57700069204,17278.736550103804,4653.28240216757
4.109931166909328,297549.5413976388,44632.431209645816,10859.654188128277
5.012321000581069,109377.11215685483,16406.566823528225,3273.2474280131382
3.1896601893083822,159073.58059050358,23861.037088575536,7480.745807517933
2.134159542518287,92756.56232847463,13913.484349271193,6519.420911172095
3.963477252127991,83512.40000113686,12526.860000170529,3160.573204613413
3.169498398892233,73921.66162840853,11088.24924426128,3498.4239929374057
3.9674529240970586,159747.21251185265,23962.081876777895,6039.663818375704
5.738970239306496,285101.9452555219,42765.291788328286,7451.736113811265
2.4370159693298805,47883.82813063197,7182.574219594795,2947.2823772959628
4.6983262243486275,161020.88290682776,24153.132436024163,5140.79510078565
6.865442240250187,216212.51755178126,32431.877632767188,4723.931321223281
6.163711844421678,321912.59585031634,48286.88937754745,7834.06015666491
4.312933952738871,170625.14344439117,25593.771516658675,5934.190459931735
3.8805218719987087,150631.0227729631,22594.653415944464,5822.581127292247
5.495495165315674,168687.41268716927,25303.11190307539,4604.337032770717
0.9105751306172335,26147.818259833537,3922.1727389750304,4307.3576326605635
3.103453705947057,95134.70432337753,14270.20564850663,4598.169330240388
4.133265286411948,152271.8513948335,22840.777709225025,5526.085582823285
3.8268008196353285,84648.66612339753,12697.299918509629,3317.9934145931343
2.1870101141661547,57504.14208110217,8625.621312165325,3944.0244269076147
0.656864003894332,13790.577503942126,2068.586625591319,3149.1855442334254
2.817679364213261,75482.43050184807,11322.36457527721,4018.329664858296
2.7348304601802025,195390.12480774274,29308.51872116141,10716.758917198189
5.6762402117268005,151870.753369308,22780.613005396197,4013.3278641613338
3.8844583517842817,63102.50077638729,9465.375116458094,2436.729721174712
5.281607744336456,84610.68838164868,12691.603257247301,2402.9810375177312
3.363586610645033,76934.13541001866,11540.120311502798,3430.8973269725784
2.919121563849846,81303.52232419577,12195.528348629365,4177.807632151314
3.301162533141771,118865.28381083257,17829.792571624883,5401.0647438967435
3.0990512665125736,90216.22408787458,13532.433613181187,4366.637544660406
1.45665535161392,55556.463637972854,8333.469545695927,5720.961747377479
5.505246842590749,202758.44289164126,30413.766433746187,5524.505495094854
4.083424761011558,175792.5256776611,26368.878851649162,6457.540029491565
4.668348959957318,192441.24215680387,28866.18632352058,6183.382298778388
2.9131383483027866,81307.84578265352,12196.176867398028,4186.610936107309
4.457313613635977,146837.67198926513,22025.650798389768,4941.463111549542
3.1668087148489876,106524.34514035436,15978.651771053153,5045.663698009342
2.04198395065806,87520.16033864075,13128.024050796112,6429.053493082259
2.3600957714383135,77104.63730924897,11565.695596387344,4900.5196044815
2.9183035010308607,94919.80494204913,14237.970741307368,4878.851955006719
3.210273041486057,58501.899993503066,8775.28499902546,2733.5011338983554
3.594374764185403,134045.34440782384,20106.801661173577,5593.9636182401255
3.6692160345179072,141211.53993507044,21181.730990260567,5772.821984586035
2.3277357450623173,112969.33654333495,16945.40048150024,7279.778435952396
3.446201620287221,99504.86667731572,14925.730001597356,4331.066967681764
4.231623957507374,130411.74538834025,19561.761808251038,4622.755236449186
4.85019212091383,168961.54958860867,25344.2324382913,5225.407943946799
1.3127300839930813,32679.33647013759,4901.900470520638,3734.126710656288
3.057379506577252,71710.6207769743,10756.593116546146,3518.2394247772636
4.24379997572482,181738.54211317064,27260.781316975594,6423.672527666572
2.5633156220965785,64985.3788438049,9747.806826570735,3802.8117733694617
3.2725272534407615,112768.33795771743,16915.250693657614,5168.864728589436
3.5638207559694046,115986.87974889706,17398.031962334557,4881.848205522915
5.379434573562743,160517.97461186585,24077.696191779876,4475.878619308771
4.069077348847088,187900.8092163287,28185.121382449302,6926.661492545756
2.058874032021383,46612.33262234418,6991.8498933516275,3395.9580744661175
3.783176376345371,87055.97225242933,13058.3958378644,3451.7015700122047
3.0224864264151847,98859.29157662789,14828.893736494183,4906.190349407779
3.0886255366832382,101804.78607920332,15270.717911880496,4944.179127742096
4.426113003253392,84368.91929681807,12655.33789452271,2859.244191284874
3.530345246621397,175381.55419422223,26307.233129133336,7451.7451669379425
2.5320136804253055,107042.95892202038,16056.443838303056,6341.373256563936
3.3582166467028554,108392.07728131821,16258.811592197731,4841.5016964914585
4.63341800319854,115184.29596522199,17277.644394783296,3728.919856325546
2.414859660528334,37194.456612769834,5579.168491915475,2310.3489544791346
3.4694854172957714,101301.0929217564,15195.163938263458,4379.659260855767
4.780337119318463,163375.58104668654,24506.33715700298,5126.4872215742125
4.4842315574791956,183283.2153742376,27492.48230613564,6130.923872626797
3.8360687608123047,147014.06227953307,22052.10934192996,5748.622018250874
4.186220550067776,141274.6773212802,21191.20159819203,5062.132141568351
3.1852549558829533,93210.6739939085,13981.601099086274,4389.476287687173
1.8661631611477902,65864.23365502893,9879.63504825434,5294.089634787259
3.382968599601975,109793.2545989546,16468.98818984319,4868.2060459505465
4.500070070090672,150027.1887890835,22504.078318362524,5000.828424413642
3.1600355937977183,96664.37493951974,14499.65624092796,4588.447126794015
3.36032362953017,97471.77572871096,14620.766359306643,4350.999478389786
1.9674061364873288,75919.17942758669,11387.876914138002,5788.26948993373
4.7824242278796705,271008.978655758,40651.3467983637,8500.154913355906
3.318964537988334,69275.88482913151,10391.382724369725,3130.9110433183696
1.3212888517464478,42800.35948122371,6420.053922183557,4858.9329378641805
3.6270159127445623,106048.81594296038,15907.322391444057,4385.78786918169
5.464074687591036,189085.63389596055,28362.84508439408,5190.786492872501
2.9796551814408185,63423.84415930078,9513.576623895116,3192.844824176872
4.92848976375831,219231.1033445597,32884.66550168395,6672.3615301997
1.5468060940906334,64176.523888570904,9626.478583285636,6223.4552993179395
3.646688506203346,120964.21803042437,18144.632704563654,4975.646445726855
2.438504833126927,67849.27503365275,10177.391255047913,4173.619472386818
2.0412873146086414,52966.41209028736,7944.961813543104,3892.133045987367
5.257048543436242,127507.08216185172,19126.06232427776,3638.174950497244
5.01917190947999,118030.9357143534,17704.64035715301,3527.4026625215342
3.642903404113196,108842.916174332,16326.4374261498,4481.710222597626
2.8625497844037486,129478.14282277117,19421.721423415675,6784.76284647783
2.4429459510610734,63157.82460457859,9473.673690686788,3877.971056450093
2.1608952909605654,83013.5231639552,12452.028474593279,5762.439543777283
6.393466354097005,154806.78208815158,23221.017313222736,3631.991790860438
1.1918572340625737,44681.933747451396,6702.29006211771,5623.40007726616
5.135172139699488,170789.70153399004,25618.455230098505,4988.8211209211195
2.9498585623811544,65854.43006175368,9878.164509263052,3348.6908949591475
2.809286177626102,97322.3874506672,14598.358117600079,5196.465292096356
1.8434944626129768,68892.93599061162,10333.940398591742,5605.625950155755
3.1433839592698787,69388.1993943937,10408.229909159054,3311.1544895637244
3.9564442007665606,127805.19564351218,19170.779346526826,4845.45677222302
0.9823855518621354,33414.160066384226,5012.1240099576335,5101.992797488758
4.310567238242088,86741.04744140244,13011.157116210365,3018.4327020303026
3.488766734715224,161751.76427627032,24262.764641440546,6954.539092571643
4.157751449561533,152708.96938409106,22906.34540761366,5509.310906506763
2.3643478853734172,90614.60902440848,13592.191353661272,5748.811939963127
4.156407943292438,72081.92277714581,10812.288416571871,2601.3539970302036
3.3771449403585128,73751.96228460506,11062.794342690759,3275.783106163145
3.9517571839214,143658.70261953934,21548.8053929309,5452.967981081173
2.7856582388032436,129646.21118318154,19446.93167747723,6981.090288316163
4.209140485128039,188162.00845053582,28224.301267580373,6705.478557274101
0.8175295459306017,33950.13763141463,5092.520644712195,6229.157918586698
2.066781798808697,88389.9512300736,13258.492684511039,6415.0423098138845
2.3531607028249546,83734.1268498116,12560.11902747174,5337.552599953498
3.936312747983709,130746.94878176624,19612.042317264935,4982.338440285463
3.1751482983759693,86045.33281102333,12906.799921653499,4064.9439675794333
3.5195117922721657,125647.81035159617,18847.171552739426,5355.052821281175
4.764838633018041,251658.74744184178,37748.81211627627,7922.369470121223
2.4683530318314046,88093.71291090499,13214.056936635747,5353.390202385889
4.117463066453422,139097.06788130125,20864.560182195186,5067.333900864078
3.232430221790385,150319.8517507748,22547.97776261622,6975.549730545243
2.048630123588789,61801.44758125595,9270.217137188392,4525.080945773087
3.932188017002384,113898.34272759661,17084.75140913949,4344.846008193594
3.180754197554311,113019.74557321049,16952.961835981572,5329.855997365889
3.8276371786188914,148643.0666526568,22296.459997898517,5825.12368791016
2.7429963797086034,118240.59251317837,17736.088876976755,6465.9541690175
3.653958640589254,131080.79718853103,19662.119578279653,5381.046014004376
0.9707097900620294,59726.34540383072,8958.951810574606,9229.279340019966
3.0966804095116727,192202.55572795187,28830.38335919278,9310.09324392605
3.723465218683021,105741.69601141599,15861.254401712398,4259.810007657995
3.22668858393213,74321.24606881027,11148.186910321541,3454.9931362561365
3.2191788846939704,83849.20676506554,12577.38101475983,3907.0152561451996
4.578183723547199,194590.70424881778,29188.605637322667,6375.586345999061
2.7411057052709147,92025.11812173454,13803.767718260182,5035.839257025624
2.495006500089736,98975.09784632319,14846.264676948478,5950.391181912558
4.328564048681294,136314.815650559,20447.22234758385,4723.788794072053
2.1797407803333964,62719.57241734286,9407.93586260143,4316.080126354504
4.019024468269762,176701.5422975952,26505.23134463928,6594.941522227184
1.959477059902334,54270.82586443572,8140.623879665358,4154.4879734754895
3.630093542753097,121951.01813429446,18292.652720144168,5039.168413900114
3.565745205973625,108325.53266579052,16248.829899868579,4556.923998003902
3.0912870444773537,84596.0574859605,12689.408622894074,4104.894964563047
1.832181384502451,41980.18844121843,6297.028266182764,3436.90221909595
4.79147869030185,169844.0520187993,25476.607802819894,5317.065868285212
2.203643755761208,55274.19379206269,8291.129068809403,3762.4634413493877
6.005559747418744,184836.30538017975,27725.44580702696,4616.629751946713
4.172940785947194,122750.00862680009,18412.501294020014,4412.356234726838
3.165605312355363,94167.23254548166,14125.08488182225,4462.048640963552
2.748541362539922,57941.66630842349,8691.249946263522,3162.1317636755352
4.16841303207464,238765.73972633266,35814.860958949896,8591.965499427646
3.89475739130627,258181.3339208689,38727.20008813033,9943.417829972086
3.9211977231470394,84259.01083815935,12638.8516257239,3223.2120178781306
4.0060179423345454,101067.45158579372,15160.117737869057,3784.3359555784596
3.5433455521016692,127100.29472246622,19065.04420836993,5380.520733311448
3.7224963667991924,106788.18455059458,16018.227682589186,4303.087526278109
1.9713416194888966,87726.7634295854,13159.01451443781,6675.156849703962
4.694227167090074,119692.64014340233,17953.896021510347,3824.6755818252977
1.820443607096062,40340.38043971421,6051.057065957131,3323.9464503982445
3.317867572706036,125879.0393683205,18881.855905248074,5690.961285066639
2.870861366006754,95803.16434669627,14370.474652004441,5005.63169721886
1.7817463319376752,103786.07986633362,15567.911979950042,8737.445786134836
3.262855037620841,59427.84305697599,8914.176458546397,2732.0173148256995
3.0781919135876676,137333.9827515752,20600.097412736282,6692.271954131227
4.6137590203122825,175117.54116193892,26267.631174290836,5693.325346782613
3.9068700630920943,53419.84436741755,8012.976655112632,2050.9964564244447
4.395440643319826,142154.00209806778,21323.100314710166,4851.186045958085
4.197251844407986,135924.15494073278,20388.623241109915,4857.6125514778805
3.3030077960618742,105221.01017057784,15783.151525586674,4778.417884573171
2.7228593244222763,128538.9226939333,19280.838404089995,7081.099721588045
3.9865146843731782,129265.50461542877,19389.825692314316,4863.854074919352
3.6964964709551587,95892.43646427843,14383.865469641765,3891.215799247074
2.630402998910849,91944.37866849356,13791.656800274033,5243.172550360017
2.3600582828624046,88330.44690172198,13249.567035258297,5614.084673870221
1.691100595714421,33397.41847379189,5009.612771068783,2962.33871820761
2.348971614049801,103282.9119602541,15492.436794038114,6595.412520685171
3.18827792477333,106721.85342581301,16008.27801387195,5020.979472801153
5.234132391410642,149547.8465809209,22432.176987138133,4285.748870997219
4.071101107540275,135479.23304558513,20321.88495683777,4991.741649255201
3.9193830620023067,152848.7760618024,22927.31640927036,5849.725848832294
3.764992582506551,90879.59718043049,13631.939577064573,3620.7082161073167
4.877315765035115,115767.941254328,17365.1911881492,3560.3992082362497
3.5128965225258213,149426.41369096917,22413.962053645377,6380.478875457859
3.39287433540732,102230.28880414202,15334.543320621302,4519.6319712148625
2.9000406612052694,78819.32307511065,11822.898461266597,4076.8043770644754
3.209093834324499,84138.10470936363,12620.715706404544,3932.797343416152
4.873344019235255,170639.96424691443,25595.994637037165,5252.244564719606
3.3940076515099715,108422.98419064966,16263.447628597449,4791.812305243905
5.923753436621452,300831.07167419937,45124.6607511299,7617.579163940735
2.3917628094197747,74329.18908421198,11149.378362631796,4661.57359698078
3.3367820263040433,142895.96266983784,21434.394400475674,6423.672338051188
3.492098265911032,87946.7764319554,13192.016464793309,3777.6761878582834
5.255410505232344,148311.63617636426,22246.74542645464,4233.112790010511
2.685315592519555,106300.6803248461,15945.102048726912,5937.887558968843
3.1480522909214326,79544.5035640383,11931.675534605745,3790.177046618674
2.8861442841115537,109678.03813030146,16451.705719545218,5700.236751888367
3.6503145871162967,103998.73721636942,15599.810582455413,4273.552377516884
2.6390336608925806,92926.77391741828,13939.016087612741,5281.863696614711
3.7037642813167406,115546.26659246301,17331.93998886945,4679.547258527938
3.5644496735733497,171586.16338807158,25737.924508210737,7220.728826396516
3.497019248268097,79188.91499640193,11878.33724946029,3396.7034225914113
4.832847519936157,131705.9807687904,19755.89711531856,4087.8378707010265
3.650806494113563,109342.67885583322,16401.401828374983,4492.542087568883
5.794438267905469,216297.91611475,32444.6874172125,5599.28088231068
4.063811385202862,167188.55141126574,25078.28271168986,6171.123690190157
3.188428775362633,91433.90092237362,13715.085138356042,4301.5184294954715
4.079060094181113,158179.70188740795,23726.95528311119,5816.770220413845
2.081286148706403,57915.40538013349,8687.310807020023,4174.010773299727
3.7021069171665983,131384.44267867215,19707.66640180082,5323.365003430006
3.610337534513764,160770.107099298,24115.516064894702,6679.573816674333
3.0215134225502096,116514.4739996938,17477.17109995407,5784.24407104008
4.078197207984037,119662.13326325061,17949.31998948759,4401.287891215154
4.988329557754348,211811.3361944926,31771.700429173885,6369.206376869155
2.050662721372135,95715.63782148245,14357.345673222368,7001.31987751531
2.778132578780226,105315.17126880013,15797.275690320019,5686.292947637514
2.345056314675227,39237.8795084608,5885.68192626912,2509.8254099216565
1.4234265196889897,77659.68766013323,11648.953149019984,8183.740423471393
2.7433700857664833,107193.65463005016,16079.048194507524,5861.0569087747135
2.9666047624701535,58666.59618854488,8799.989428281731,2966.3504689294673
3.6445538956190466,92434.15601086999,13865.123401630499,3804.340338689225
6.6748448714583555,237501.63665355052,35625.24549803258,5337.239469094806
1.7836705168654865,61539.64340524713,9230.94651078707,5175.253177929391
1.331661908677871,39662.635895959196,5949.395384393879,4467.647039856149
2.3976091521508716,93686.30213604853,14052.94532040728,5861.232765065366
2.071406155978904,45823.85097296062,6873.577645944093,3318.3147718781306
2.9846912724590795,115432.91335091597,17314.937002637394,5801.248913885711
4.744453222512903,171797.08990595312,25769.563485892966,5431.513870473803
1.5860950830750415,66562.40937433866,9984.3614061508,6294.932449316734
4.734672966259991,185671.58708784523,27850.738063176785,5882.29393279017
3.004984850559832,75002.54615204353,11250.38192280653,3743.906369681222
0.3720902329722058,14070.25459579626,2110.538189369439,5672.11391847281
5.1053723849092005,120883.12313403032,18132.468470104548,3551.6446407908866
4.236964532538346,95396.01833228083,14309.402749842124,3377.276972689084
2.9012679950831495,63465.91048822702,9519.886573234053,3281.2848000831495
3.303502574808751,115053.1545467656,17257.973182014837,5224.144008125663
4.136450504783885,166649.7260185318,24997.45890277977,6043.214798259939
3.3464753583852582,121978.83980301458,18296.825970452184,5467.491617592777
3.509678330126292,84906.57050208922,12735.985575313383,3628.8184777478145
4.926204404265275,97840.40964651361,14676.06144697704,2979.1823973585037
3.2534996540941967,87774.9185435867,13166.237781538004,4046.792433178728
4.100784590062713,219572.7569788808,32935.91354683212,8031.612688616845
2.3470028595338936,102807.69761171921,15421.154641757881,6570.573435441177
4.30278962978183,146884.9838991375,22032.747584870624,5120.572809874458
3.113499340727552,104560.04541602722,15684.006812404083,5037.420951802449
2.6219149908838553,131632.7262544288,19744.908938164317,7530.720487435883
4.339102238732159,197373.23520708721,29605.98528106308,6823.066996852705
4.343852198132344,102589.54219951293,15388.431329926938,3542.577101620366
5.026120964927985,228063.03195340562,34209.45479301084,6806.3333596072725
4.141818820040531,128393.94054452507,19259.091081678762,4649.911528841403
5.4095945204859435,107638.12037836073,16145.718056754109,2984.644781713462
3.957926478528416,52147.79663456436,7822.169495184653,1976.3301662169806
4.5635296078564735,167543.03439131728,25131.45515869759,5507.021388758347
1.2795403326607164,37942.72106391681,5691.408159587521,4448.009972262952
2.059025856535045,92238.55708103374,13835.78356215506,6719.577375991816
4.35198307324337,135620.7658823267,20343.114882349004,4674.447152017078
4.511710087712721,164173.72945842665,24626.059418763998,5458.253952493775
3.3956165814024204,169697.61268787616,25454.641903181422,7496.323949704717
3.9138027525935954,70125.54274367685,10518.831411551528,2687.6243072241996
1.0386105085958524,54997.43355710432,8249.615033565648,7942.93430048065
4.050663242953821,116779.38939702834,17516.90840955425,4324.454381643582
1.6719317300718277,72128.04416472708,10819.20662470906,6471.081581928143
2.691443459615888,168527.79253584117,25279.168880376175,9392.420557845906
4.419621136144282,106955.51320942637,16043.326981413955,3630.0231370986476
7.548092102228429,276493.00223801594,41473.950335702386,5494.626956586552
2.2809185049479166,86764.47690557395,13014.67153583609,5705.8906346736285
2.996759900677612,94904.02959699712,14235.604439549568,4750.331995676626
3.7005099985128,177352.0708971064,26602.810634565958,7188.95791262755
1.884976956153557,61639.021538197485,9245.853230729623,4905.021889284265
3.2849610970003016,94258.63914540519,14138.795871810778,4304.098421354754
3.394819899934459,117632.91376497797,17644.937064746697,5197.606230918864
3.7707929041879606,107001.60649682832,16050.240974524248,4256.463131851751
1.7574076731698565,110710.76285291741,16606.61442793761,9449.494662774556
2.061449496168158,73301.95165874061,10995.29274881109,5333.767705320574
2.804943885079048,108082.24613589903,16212.336920384852,5779.914887647729
3.1910101770706305,162233.9281917179,24335.089228757683,7626.139648071403
0.254489524016249,7999.616959239247,1199.942543885887,4715.096028114978
2.597495765038474,50358.89726975662,7553.8345904634925,2908.122004330431
3.8184203373063124,93630.95387636454,14044.64308145468,3678.129132153746
1.6085403181488749,68415.24976256944,10262.287464385416,6379.875809513662
5.289731858340967,175134.22037137597,26270.133055706396,4966.250418588433
3.284956473835978,75388.7504173388,11308.31256260082,3442.454307285125
2.9407443465658027,112928.25860751346,16939.23879112702,5760.187488214893
2.881886054127483,78361.60848743048,11754.241273114572,4078.6627411170407
3.112496250626076,145761.6739829783,21864.251097446744,7024.667449173237
3.1264858053215296,113097.955512687,16964.69332690305,5426.121973120038
3.620501304457505,141694.1201563342,21254.118023450126,5870.490364768654
3.513035920124809,87485.71148167289,13122.856722250932,3735.4746779203756
3.143545279361395,132654.9313964947,19898.239709474205,6329.87214789427
3.284312213626734,77675.48701992993,11651.32305298949,3547.5686521664156
2.381786784451463,85905.203387499,12885.78050812485,5410.131835580114
2.590307161782451,76417.79117128946,11462.668675693418,4425.2159916840465
3.946860096658016,81468.71234952683,12220.306852429025,3096.2097852864126
2.6852641370804147,111384.1026726562,16707.61540089843,6221.963482171249
4.220362700706116,112846.47651444696,16926.971477167044,4010.785962622351
3.888675691103909,127954.29747575648,19193.14462136347,4935.650629151582
3.1614536096597883,67750.33045749538,10162.549568624307,3214.5180108203213
3.3446072369558117,143465.4263248465,21519.813948726976,6434.182677997743
3.9464234358548294,106053.69721998756,15908.054582998133,4031.005501960869
4.2094776771110425,127965.83708831122,19194.875563246682,4559.918601687441
2.6629186246391443,81863.33496085221,12279.500244127832,4611.293837712312
6.615179085228879,233254.57732178067,34988.1865982671,5289.076251373554
4.0572492523533406,128357.76900636104,19253.665350954154,4745.497294696987
3.7368196972330017,163689.60313535196,24553.440470302794,6570.6784002674385
2.8032482387989144,50087.328152410766,7513.099222861614,2680.1405308581207
3.4628503489959788,100824.56241885766,15123.684362828648,4367.409168349888
5.392239381336469,114352.09861078461,17152.81479161769,3181.0187898902877
2.2146155537880006,48132.06477109264,7219.809715663896,3260.0736065971973
2.239108093187587,45271.11200306978,6790.666800460466,3032.7552390707924
2.574789160252443,108713.37527385667,16307.0062910785,6333.33654763394
2.838335306416392,62739.00574466603,9410.850861699904,3315.623365719182
2.728464452428464,132412.6323655132,19861.894854826976,7279.513880838337
5.384650384278171,146314.18580565607,21947.12787084841,4075.8686831235173
3.652639550706007,94593.37559074165,14189.006338611247,3884.589799140925
2.5589733450058656,71804.19193850592,10770.628790775887,4208.964822473053
4.35797390155135,151874.62551160212,22781.193826740317,5227.4736704207135
4.266402119157425,188753.55672676797,28313.033509015197,6636.2787000037315
3.880121623919013,129519.21764469528,19427.882646704293,5007.029296953244
2.1171436448277245,64383.950227017296,9657.592534052594,4561.61420961989
2.463874955774357,64923.91355724075,9738.587033586111,3952.549219578973
2.6437347948376613,144181.5549435933,21627.233241538994,8180.5608050284845
3.748645628743692,135516.16772961835,20327.42515944275,5422.6051680044275
4.643812792646429,134381.3800676008,20157.207010140122,4340.658831479914
3.773733038240936,101570.28759682456,15235.543139523685,4037.26044877448
3.9525543144249458,119433.03549063916,17914.955323595874,4532.500732049348
4.969781315110437,119423.95372244602,17913.593058366903,3604.5032814424417
2.9550569952886856,76530.03022533059,11479.504533799587,3884.6981808139817
2.892729482102496,73414.74784404546,11012.212176606818,3806.85862426476
4.028210064224022,127691.23434854113,19153.685152281167,4754.8873685590315
2.9024555752193213,60651.55987147275,9097.733980720912,3134.4955142107387
3.0063590517695284,83581.9623079487,12537.294346192306,4170.258485530168
3.804168118654586,137756.6965943054,20663.50448914581,5431.806335744656
4.407071111030336,151446.09974507522,22716.914961761282,5154.651329519904
4.101191936582135,164334.57143561108,24650.18571534166,6010.493070432766
3.4713041321808706,138244.9286311611,20736.739294674164,5973.760438456934
3.819689639156249,255788.90453961887,38368.33568094283,10044.883041706553
4.246429554659272,109593.05872000323,16438.958808000483,3871.2425571650683
4.015162787218649,104208.33938415085,15631.250907622627,3893.055334488837
2.761157887803291,70305.75884823341,10545.86382723501,3819.3628382566126
2.717306972878806,79227.56229602433,11884.13434440365,4373.4971657667365
3.8867781236084253,135834.79041398832,20375.218562098245,5242.187208561883
3.651451589121863,124765.31580121283,18714.797370181925,5125.303434375435
2.1758552914769496,62425.46462140932,9363.819693211399,4303.512154457353
0.21597059536612193,6575.856177835922,986.3784266753883,4567.188533250281
5.053012386753246,148997.72040787572,22349.65806118136,4423.036468260445
4.347640526032095,159679.8240851504,23951.97361277256,5509.189057686996
5.201260827205424,193772.84679906114,29065.92701985917,5588.246385920229
4.004570569801305,148019.0315632835,22202.854734492525,5544.37844145525
3.680558018203267,124588.35059385696,18688.252589078544,5077.55957022016
5.071795942236368,169980.4369717092,25497.065545756377,5027.226220484267
1.819414183147896,24382.121200788915,3657.3181801183373,2010.162509446065
4.857407973813568,207381.00325076416,31107.15048761462,6404.063783671086
1.8456157198130796,49274.718820684204,7391.20782310263,4004.7382257077857
2.931859832426294,162500.22830638004,24375.034245957006,8313.847059252204
3.551061278562677,78448.95181941956,11767.342772912933,3313.753790719113
3.0943834327398605,68156.28446293334,10223.44266944,3303.8706713821357
3.8922830341122747,180445.8164052922,27066.872460793827,6953.983619273734
4.31278660722426,161495.80073375284,24224.370110062926,5616.8719475907255
1.1188120247260855,23439.653641288485,3515.9480461932726,3142.5726292618892
2.030139123032674,58376.12925431153,8756.419388146729,4313.211488218682
2.2185812601299353,68955.79782292168,10343.369673438252,4662.1549813471665
2.7808979589022083,78135.37815189958,11720.306722784937,4214.57633325448
2.1613063623224997,53249.191245596914,7987.378686839536,3695.6253986392044
3.429107153619641,119209.21959066686,17881.38293860003,5214.588561260061
3.4493444881128883,107772.73467055605,16165.910200583407,4686.6615544763
3.6177682800334146,170468.3195824319,25570.247937364784,7067.961781435214
5.895535057839263,147796.81699593566,22169.52254939035,3760.391946090058
4.023004656367987,114320.09652105052,17148.014478157576,4262.489343882339
4.661931579290687,89116.11468507143,13367.417202760715,2867.3559393582022
4.544252263811563,99503.92709081873,14925.589063622809,3284.4983502530595
3.726246065858731,157452.4100321568,23617.86150482352,6338.2452708153805
5.020663018763947,234657.9632108543,35198.69448162815,7010.766177709698
3.6940285330677134,135293.48608071453,20294.02291210718,5493.737455041791
5.413206315668412,199387.6290930709,29908.144363960633,5525.033154083217
3.831162915425089,181299.29812143734,27194.8947182156,7098.339412485719
2.934934605177376,108106.5415168827,16215.981227532404,5525.1592996063955
2.4185493828494087,99367.28691724152,14905.093037586228,6162.823526896865
3.5841992858896288,132911.44126556086,19936.71618983413,5562.390536798979
4.782789751713407,268354.96168893675,40253.24425334051,8416.26881861575
2.8886844213388003,72718.10363209041,10907.715544813562,3776.0149444632766
3.6880404806047538,107706.70521478077,16156.005782217115,4380.647627698463
3.804830624102853,107728.52376807427,16159.27856521114,4247.042815216344
5.544192951161824,199735.91507668537,29960.387261502805,5403.922180454488
3.7989293791611174,152070.74110500267,22810.6111657504,6004.484129364747
3.0720219301923133,98652.36308721037,14797.854463081554,4816.975529258408
1.8010437385746736,54321.005829104965,8148.150874365744,4524.127149079734
4.134046970824648,175367.99764042697,26305.199646064044,6363.06259500887
2.7071656674329665,95303.3249846183,14295.498747692745,5280.6146737404
2.7911706337777322,143966.59992739162,21594.989989108744,7736.893519792028
1.9398814820641295,40828.492123064,6124.2738184596,3157.035043163086
2.9173670302865573,91732.40704787204,13759.861057180806,4716.534091985419
4.038291592867777,98735.00491981754,14810.25073797263,3667.454515699097
2.233144388001166,55527.5763737839,8329.136456067585,3729.7796330683277
1.7507128541656918,80980.82107056004,12147.123160584006,6938.386915753103
3.7723892646486465,109532.48537542098,16429.872806313146,4355.296246937919
3.859594669981416,146361.21869853954,21954.18280478093,5688.209431817522
1.1344485377329308,21548.162811927807,3232.2244217891707,2849.1591414524732
3.3506004855428255,44076.69660543833,6611.50449081575,1973.229729818006
3.3179728690933703,95308.59998196682,14296.289997295024,4308.7422837189915
2.546638246845105,69214.01666952159,10382.102500428238,4076.7873149200022
4.249298016992462,148296.13776868768,22244.42066530315,5234.845985466359
5.229274327150163,194764.62738693436,29214.694108040152,5586.758750895653
2.763384465448448,58629.228453004616,8794.384267950692,3182.4685916527073
4.825410398108209,179357.57940997102,26903.63691149565,5575.409072364738
2.8635685378576694,79194.85100239528,11879.227650359293,4148.399974825305
4.885571575356907,109152.43580581521,16372.865370872281,3351.269164381486
4.431686307046794,136553.7016060908,20483.055240913618,4621.955125376011
4.6193809353185795,58369.90360032737,8755.485540049105,1895.3807150016466
4.457732888119619,163644.57852299887,24546.686778449828,5506.540520601768
2.8261894361371045,60790.21250392575,9118.531875588862,3226.440435660344
3.7094132133740416,121586.62066469787,18237.99309970468,4916.678744214533
3.1912641766330525,133070.3995189605,19960.559927844075,6254.750099975581
3.9708330829956955,107090.66157501334,16063.599236252,4045.397754199534
3.96534563729026,89035.39427808514,13355.30914171277,3368.0063135276127
3.788775058175614,126446.0582550528,18966.90873825792,5006.079391630851
3.4765170808382426,141673.55436940782,21251.033155411173,6112.736587011739
2.018577286104057,100850.75382950717,15127.613074426075,7494.195629052696
1.977953431217033,70737.89496028038,10610.684244042057,5364.476269551661
3.1383950670550593,145538.61745868242,21830.792618802363,6956.037131197597
5.2137897717979325,143792.66098116673,21568.89914717501,4136.8946757009635
1.1790813550666548,25840.05793619721,3876.0086904295813,3287.3123417429206
3.4154799474506397,142606.19722679662,21390.929584019494,6262.935198898173
1.8436779906349139,44291.27586200009,6643.691379300013,3603.49877421496
1.2486585033515605,21132.717082776904,3169.9075624165357,2538.6505228676174
3.614767470287853,153116.61710718003,22967.492566077006,6353.795300766067
4.861018853397465,74541.2811462943,11181.192171944145,2300.1746154778607
4.139401564487459,157447.74374104198,23617.161561156296,5705.453117612805
4.434582565820694,48349.2631813118,7252.38947719677,1635.4164951384987
4.9021835626749874,189148.01067967791,28372.201601951685,5787.666095977392
2.1106372840418794,99330.71483749847,14899.60722562477,7059.29310463613
2.909259664530857,148709.0264062294,22306.353960934408,7667.364392697308
2.3433066346700726,83528.84113829842,12529.326170744762,5346.857293607602
0.23213707302537664,10375.353993678844,1556.3030990518266,6704.241932445213
6.18734031041115,204825.43554376185,30723.815331564278,4965.5932581996085
4.919266687543456,102741.79127891659,15411.268691837487,3132.838626306199
2.4497386181081895,107558.0207368093,16133.703110521394,6585.887568274792
4.276799522077705,139235.46600597765,20885.319900896648,4883.39932537927
2.875979774911988,78352.6049682419,11752.890745236284,4086.5693311754776
5.018158444624352,157404.25188704257,23610.637783056383,4705.040313812535
1.256944126671628,26672.13386264348,4000.820079396522,3182.9736855453098
0.28481406350243593,9427.982332146166,1414.197349821925,4965.335392610729
3.662306987416834,101669.60427905389,15250.440641858084,4164.162287393282
2.4354691657380103,141956.97258893005,21293.545888339508,8743.09812166602
4.839238089352852,147207.27651360162,22081.09147704024,4562.927276841865
4.0635844961078975,133160.81620406633,19974.12243060995,4915.39488098283
6.991075182754486,171105.06295871612,25665.75944380742,3671.217770210719
3.475814115663034,172683.25289683658,25902.487934525485,7452.2074750204
4.4439182572392175,202019.18827729105,30302.878241593655,6818.95491489515
5.691301214056781,292831.9925575962,43924.79888363943,7717.8833506739775
3.504794078235425,174686.18292061394,26202.92743809209,7476.310120703182
2.09131642725175,64093.44584815892,9614.016877223838,4597.112494285646
4.125852916591615,135184.76340849535,20277.714511274302,4914.793358175698
3.0804552501090265,104870.37813382478,15730.556720073717,5106.568816254339
3.568584855923242,148560.52288502158,22284.078432753235,6244.514095206526
3.4079918491764754,73963.29745468298,11094.494618202447,3255.434610526835
1.6401365195390996,72613.08098105808,10891.962147158712,6640.887522106696
2.402921091889215,61225.31966220179,9183.797949330268,3821.930724370903
1.7370261832293699,76933.77602486793,11540.066403730189,6643.576541992949
5.293186013663924,182514.03969849212,27377.10595477382,5172.141293372663
1.9548729678072656,69863.17216942828,10479.475825414242,5360.694018480812
4.005326058360157,147706.52484786735,22155.9787271801,5531.6292367595925
2.9535046394968827,121054.25263416678,18158.137895125015,6147.997078554845
3.1502656135205527,86123.86387094393,12918.579580641588,4100.790588957526
1.8144649659228178,61954.34409243681,9293.15161386552,5121.703526052443
4.702226969186476,128483.17585599209,19272.476378398813,4098.584884287946
1.5029620066584386,56088.636132347834,8413.295419852175,5597.809780007414
2.606082381868449,103052.00935139947,15457.80140270992,5931.432371538209
5.608772382601576,190376.68590584045,28556.502885876067,5091.399853283117
3.4165407189987866,159670.741525233,23950.61122878495,7010.193408672047
1.6830873482453852,45303.99468924849,6795.599203387273,4037.5796362985375
1.6954108502759317,54488.73959893571,8173.310939840356,4820.843831753307
5.023417236210853,158404.76542411046,23760.714813616567,4729.990302684711
1.9254979785507214,56712.94436446419,8506.941654669628,4418.0475645435945
4.0167175455168245,84919.33072856587,12737.89960928488,3171.2211438670915
4.061025325150579,93349.000099554,14002.3500149331,3447.983918793687
3.348653049114399,71554.76552163601,10733.214828245402,3205.2334687476687
4.005234712993303,93496.49833191952,14024.474749787927,3501.536303051455
5.740517211084797,190813.8368162654,28622.07552243981,4985.975038481078
2.887132298751774,107991.38445424408,16198.70766813661,5610.656524171053
3.8727769178743663,123166.06257576952,18474.909386365427,4770.455354940937
3.764569851321158,138743.72577759656,20811.558866639483,5528.270078276211
1.389026924739775,22185.279259413266,3327.7918889119896,2395.772054264124
2.8969304007230043,59640.624923460535,8946.09373851908,3088.128639986086
3.6098674349070734,95611.80225472068,14341.770338208102,3972.935460046137
3.480598503532384,134650.8418857107,20197.626282856603,5802.91759085642
5.798135089435224,197522.02763530897,29628.304145296344,5109.971342213473
4.1433626556296845,145446.3247254779,21816.948708821685,5265.517533006308
1.557147596819184,61096.08356992689,9164.412535489033,5885.384631623463
4.359313545952535,202736.73789395858,30410.510684093784,6975.986095867971
2.7418398900707617,124484.56992406739,18672.685488610106,6810.275667894014
2.5500806677815535,77210.00930310432,11581.501395465648,4541.621581540396
4.982494635385998,203005.7705895431,30450.865588431465,6111.570170526116
3.1247134322416126,135601.31773647957,20340.197660471935,6509.460179802872
4.809700682447286,219349.91679832982,32902.48751974947,6840.8596900478915
5.885721808511974,159676.11756193114,23951.41763428967,4069.4104161788546
2.901094396286895,87507.43882556373,13126.11582383456,4524.539374049548
4.470799785953378,138485.26222049448,20772.78933307417,4646.32511577444
2.2528700020303267,93406.41410971463,14010.962116457194,6219.161382516641
2.6649492358295035,83475.48277461759,12521.322416192637,4698.521925989032
2.023690238292629,68976.7035918844,10346.50553878266,5112.692319705966
3.8210984936788184,170596.33794065547,25589.450691098322,6696.883300294546
2.961446660787634,78742.94016255985,11811.441024383977,3988.4024185809835
4.001389849566594,79640.10071272451,11946.015106908677,2985.466439417943
2.152609863156164,95990.25725895105,14398.538588842657,6688.8751349171425
4.788812811360789,190566.3141587913,28584.947123818692,5969.109307426864
2.6224222928752776,60866.53843643636,9129.980765465454,3481.50669336141
2.571362055610185,81987.91721259644,12298.187581889466,4782.752220776278
2.032035798440712,78617.0093657791,11792.551404866865,5803.318727906226
3.484738020711904,103471.08701488013,15520.66305223202,4453.896665971255
5.753236532960837,149403.9541117371,22410.593116760567,3895.3018858807836
2.9965157193913385,138970.40553271148,20845.56082990672,6956.599858632123
3.3498857614619224,107969.09947626528,16195.364921439792,4834.602155021543
2.024233980769401,83535.88788201389,12530.383182302083,6190.185176883232
3.70178107405022,134685.16985276085,20202.77547791413,5457.582464705218
3.707424910281781,111325.55404759239,16698.833107138857,4504.159493784507
5.262522647299117,116491.40999452016,17473.71149917802,3320.4059479242433
2.8626624386757706,94775.99996939962,14216.399995409944,4966.14613142661
1.2513156127295972,26844.42809617211,4026.664214425816,3217.94451652539
4.713967227844718,154927.8046470816,23239.170697062236,4929.854106704824
2.8908000778887755,94014.03733444618,14102.105600166928,4878.270797081911
4.4827313716565955,202781.90018858376,30417.285028287562,6785.435598619607
4.60819447968462,159128.28147436093,23869.242221154138,5179.738469455335
4.534322719131187,78368.63020578933,11755.2945308684,2592.51386789708
4.341979331375108,207792.8396035566,31168.92594053349,7178.506289817429
3.058517139638389,70667.29184185113,10600.093776277668,3465.762424182761
3.978027704500325,176431.7019541465,26464.755293121972,6652.732775888542
2.1461444573955126,32440.831489330543,4866.124723399581,2267.379861887276
5.701761310362609,141668.20691032454,21250.23103654868,3726.959071037867
3.090508287100382,92002.62664466091,13800.393996699137,4465.412390026991
1.7740005246966388,83854.71789210018,12578.207683815026,7090.306631090738
2.609131990350274,95168.54196039496,14275.281294059243,5471.276020858875
2.847072637375512,66377.58471313202,9956.637706969803,3497.14916868016
3.2981322683840264,78121.19034366628,11718.178551549941,3552.9741071577623
2.4071027340124793,80432.567236766,12064.8850855149,5012.201978352433
3.2757132464132015,102101.29568446575,15315.194352669861,4675.376994442202
2.942088226184456,78350.56236062068,11752.584354093102,3994.640354254375
2.592340468789078,52275.97003692438,7841.395505538657,3024.8324245778927
1.979833827354895,61613.54811272557,9242.032216908836,4668.084810560294
2.8077616211673493,111282.84959695514,16692.42743954327,5945.10136248791
2.7396966541058565,58929.16495526648,8839.374743289973,3226.406372414556
4.556875392812587,121279.31754010751,18191.897631016127,3992.18676457768
2.5178291715143652,58523.815567714155,8778.572335157123,3486.563915643726
4.615384515876878,182764.93714270208,27414.740571405313,5939.86058520127
2.13098756647579,59856.906025639946,8978.535903845992,4213.321581549451
2.5638227138274825,87579.65367284289,13136.948050926434,5123.968978071238
1.9685748489114547,72348.70644232862,10852.305966349293,5512.77284292756
2.5492290943208986,77661.46469102336,11649.219703653504,4569.7029465124615
1.4656439716468033,28252.2878921167,4237.843183817505,2891.4547228382125
5.884120078105782,164451.27836555932,24667.691754833897,4192.248191300496
4.026133193845643,161083.250273333,24162.487540999948,6001.4128638204975
3.7668842984522297,121680.26645895473,18252.039968843208,4845.394369119
5.4138240995230635,253867.68151573848,38080.15222736077,7033.873197083643
2.390799366794561,94355.86945643809,14153.380418465713,5919.936492806466
3.6690924392047943,83533.03622634098,12529.955433951147,3415.0012957064596
4.599378415725842,210194.37661777958,31529.156492666934,6855.090762887625
4.168967884435095,90153.395341703,13523.00930125545,3243.7307449030277
3.6241730585234575,154243.88492154464,23136.582738231697,6383.961903755746
5.190148050018692,69284.96307446815,10392.744461170221,2002.3984597381173
3.238581020184863,141162.21729643003,21174.332594464504,6538.151265166076
5.075127047189981,267287.20520972536,40093.080781458804,7899.916673742723
4.216607284983313,220339.24438733893,33050.88665810084,7838.265321934442
2.657437595128989,65021.81656970925,9753.272485456388,3670.1793123322523
2.7633849024770165,140943.2866141777,21141.492992126652,7650.578452960369
3.449937960737769,132380.5361588537,19857.080423828054,5755.778987857978
3.6947522536669917,112533.6286653842,16880.04429980763,4568.653901774987
5.0895782001840075,209712.2014009767,31456.8302101465,6180.635992391121
3.0541449810470147,101513.17557625972,15226.976336438956,4985.675673857133
4.623402424574313,221377.00249381966,33206.55037407295,7182.2755894173215
4.03315869340766,129741.46989356604,19461.220484034904,4825.304919403482
3.94452752245347,97586.3491846857,14637.952377702855,3710.9520200782235
3.4663317075656543,106806.48716404883,16020.973074607324,4621.881119928531
0.8761992790317056,33420.569440571664,5013.08541608575,5721.398700105926
5.4405714137451175,157553.02338897888,23632.953508346833,4343.836650804783
4.58410581428781,185385.31014644928,27807.79652196739,6066.133210820665
2.611869455033187,125662.29038090298,18849.343557135446,7216.801559822193
3.5513814633844083,127060.39879015657,19059.059818523485,5366.660837487312
5.408891105824434,146002.73150806376,21900.409726209564,4048.964805859492
2.489688392937447,126863.74058013229,19029.561087019843,7643.350525712941
2.6178663598543888,78010.42558465406,11701.56383769811,4469.885864742529
3.0103885220877205,102218.0604829434,15332.70907244151,5093.265855866403
3.3605440642622932,82252.07784877025,12337.811677315536,3671.373278071845
3.363206103325726,123827.81862844739,18574.17279426711,5522.757816091
3.2470552018111487,32473.967874411144,4871.0951811616715,1500.1577978855003
2.8815761604410315,126756.2337040087,19013.435055601305,6598.276081202469
4.743620115000355,158296.46732869625,23744.470099304435,5005.558945207116
2.422658564241371,51961.05109499071,7794.157664248606,3217.1919639403504
4.037500167791109,57826.0196120628,8673.90294180942,2148.3350046657356
7.085061645508934,365108.55206686305,54766.28281002946,7729.824460277577
3.0090483468761096,124568.64244866054,18685.29636729908,6209.702940365685
3.148670500358993,83172.42069456799,12475.863104185199,3962.263788085407
2.787994574756248,67541.41117018698,10131.211675528048,3633.870656442655
4.443411924201575,154422.5324662917,23163.379869943758,5212.971532929827
3.68668320121495,118771.51218640826,17815.72682796124,4832.453958097091
2.389161623834378,52088.13060967464,7813.219591451196,3270.2767002057058
2.4816105998218223,99613.08147442924,14941.962221164385,6021.07446762083
1.9765386898894264,61135.064308777575,9170.259646316636,4639.554840603524
5.338806310192043,152522.70750152177,22878.406125228266,4285.303642043029
4.375695575136646,243234.55479956206,36485.183219934304,8338.144780283288
3.707363946959094,121661.06548613236,18249.159822919853,4922.408504805263
3.3318058135116537,87944.44387836105,13191.666581754158,3959.314353872988
4.554038192857164,123314.33086636003,18497.149629954005,4061.702789178642
3.6893940938019827,145420.8631277501,21813.129469162515,5912.388027564634
1.2288534280766827,34214.44060363849,5132.166090545773,4176.385867742004
4.582926471387407,107876.88191993181,16181.53228798977,3530.829566875218
4.976320554712495,222891.21081099674,33433.681621649506,6718.554653797041
3.0119422971984906,100137.87085897588,15020.680628846381,4987.041299834204
4.626576479571664,368486.1449436573,55272.92174154859,11946.829796416949
2.6692972579505345,38598.38493305559,5789.757739958338,2169.0194760862523
3.0272962848093994,107946.30311788735,16191.945467683101,5348.649073079597
5.84789426591947,180376.77281786944,27056.515922680413,4626.710862465687
1.6167736884661539,38363.68136472057,5754.552204708086,3559.28120661555
3.178844820791959,133530.96358086952,20029.644537130425,6300.919254101984
3.7365757337406578,92693.68674333587,13904.05301150038,3721.0681656868596
2.9181355812013976,99430.69156630231,14914.603734945345,5111.0043793116
3.671797705306984,115662.41550201837,17349.362325302754,4725.032182526582
1.4163137003623696,42620.14025434063,6393.021038151094,4513.845369507768
4.776953040277599,174446.42319127228,26166.96347869084,5477.751876156233
4.18912987046824,192812.88290065457,28921.932435098184,6904.042922848184
2.5861462512106446,68083.82723136042,10212.574084704063,3948.9545805552502
1.4470948907394516,27337.741869408906,4100.661280411336,2833.7196866999766
3.3680579101186683,171628.8004514286,25744.32006771429,7643.669068269443
4.695644049986215,137209.09445796022,20581.364168694032,4383.0758783248175
3.4733663450804637,102479.88479456677,15371.982719185015,4425.672731284816
1.7882960347667674,71252.17899341242,10687.826849011863,5976.542273329923
2.458255022097458,72843.58147252994,10926.53722087949,4444.834698865636
2.2701426273042755,81670.3413956182,12250.55120934273,5396.379532280702
1.6553574891188687,89019.81897648134,13352.972846472201,8066.519126077029
3.573893019941185,100014.39027673965,15002.158541510948,4197.707781907203
4.19985647902221,55055.64127716463,8258.346191574694,1966.3400958637903
3.978752186641828,102976.39480518906,15446.459220778359,3882.2370673493942
4.790705836656735,162386.15905907322,24357.923858860984,5084.4123370053385
4.0148168310449535,237066.7261875988,35560.00892813982,8857.19334769364
0.8840215463316907,20665.833911330985,3099.8750866996475,3506.560557899065
3.244564778675315,107811.81159557212,16171.771739335816,4984.265330630384
4.702898865618385,176623.87361648562,26493.581042472844,5633.4575332164195
3.7930592774958756,140754.18993584687,21113.12849037703,5566.253239341838
2.0072316815781446,46489.920400584844,6973.488060087727,3474.1819412719537
1.9162737160695174,41257.9322298832,6188.6898344824795,3229.543766417746
4.532042539382021,179054.733899428,26858.2100849142,5926.292582544144
4.07957793073479,168859.43807093188,25328.91571063978,6208.709856923282
2.9914713428029853,94914.87418113247,14237.23112716987,4759.273780583737
5.785644783404018,207936.972625338,31190.5458938007,5391.023310534036
4.156086024445095,104407.13284946125,15661.069927419187,3768.2256419392074
3.2182597438153553,116985.97333997044,17547.896000995566,5452.604015172481
3.284217057768214,131784.0868582647,19767.613028739703,6018.972766121848
5.304372107397629,153423.821634367,23013.573245155047,4338.60460374936
3.7356792771000444,184047.85742480095,27607.17861372014,7390.136188337669
3.326189201493868,87332.66971723032,13099.900457584548,3938.4110957070875
3.6867686349350426,75814.57061393735,11372.185592090602,3084.5943204382743
0.8349300609943493,35636.722955532474,5345.508443329871,6402.342774631573
2.9209340506100268,76253.36273663196,11438.004410494794,3915.8721875647984
3.6915057565255753,109269.05108150792,16390.357662226186,4440.019532206473
3.1773566078929987,76001.43401400639,11400.215102100958,3587.9558101162543
5.611381260094481,202657.2124907148,30398.581873607218,5417.30822850832
3.5221912913382676,57643.17426998243,8646.476140497365,2454.8570549704896
4.7305951486839515,281107.2306108806,42166.08459163209,8913.484089494039
1.5547677062640228,59407.30676260669,8911.096014391003,5731.4645644419925
2.225154259200831,68489.81853982585,10273.472780973878,4616.971043015966
3.1004118277825046,116945.45343753955,17541.81801563093,5657.899334030504
0.20834106953025835,8190.797053351433,1228.619558002715,5897.154894965521
1.3712355635191456,62697.5214246677,9404.628213700154,6858.50663730167
2.918520537004339,121063.69802818324,18159.554704227485,6222.178146077746
3.4436618169782807,130506.68832306609,19576.003248459914,5684.647415708585
1.3601131301851541,56225.8120417556,8433.87180626334,6200.860516003713
2.4570708977253792,99160.8619974968,14874.12929962452,6053.601999598045
1.991252340892593,57198.77469539905,8579.816204309856,4308.753857114811
3.36088161847684,79655.08160703066,11948.2622410546,3555.097619436409
5.023482134036759,160420.26792399053,24063.040188598578,4790.111629054815
4.125397944527855,69393.03570433514,10408.95535565027,2523.139705699727
1.4823683714361038,36533.28818616737,5479.993227925105,3696.782347437798
5.21557645365757,66740.71017162858,10011.106525744288,1919.4630957281277
3.9897351974587605,132240.63133313923,19836.094699970883,4971.782265801844
5.667265230935077,168923.2321883531,25338.484828252967,4471.025052778801
3.3710457195680994,117646.81715472147,17647.02257320822,5234.880817774601
1.7151494623628079,54355.672877853605,8153.35093167804,4753.726197392674
3.8067008367878565,146809.0237358207,22021.353560373103,5784.892090168821
2.637073533801034,69067.63720701059,10360.145581051587,3928.6525188846917
3.9261306232575284,103763.07177428404,15564.460766142605,3964.325759805898
4.80982030726183,167255.16289780833,25088.27443467125,5216.05233293085
3.424942897445387,68076.82244425434,10211.523366638152,2981.5163850628787
2.952585919042829,91611.69204471182,13741.753806706773,4654.1418890060895
2.804151313875214,135816.68469848568,20372.50270477285,7265.122464671475
4.197405725577519,127473.4872701286,19121.023090519288,4555.438368514741
3.142052209943294,47795.52425966007,7169.32863894901,2281.7344079328327
4.685804466672629,190969.8849463708,28645.482741955617,6113.247564147008
4.582976171033569,343876.401865836,51581.4602798754,11255.013850146763
2.339619392809121,119705.24015219513,17955.786022829267,7674.661134207054
3.4341609440067637,84854.80727395616,12728.221091093425,3706.3554383805126
5.868677764833688,178329.08662543245,26749.362993814866,4557.98802825783
3.551089972332044,99940.9617324815,14991.144259872224,4221.561373176743
4.354324175962042,150818.17005293438,22622.725507940155,5195.461934788514
1.8766776038486297,59296.17117101921,8894.425675652881,4739.453200385874
4.216597322573418,163508.97728808253,24526.34659321238,5816.620539483667
4.5993805309622315,151721.42516017886,22758.213774026826,4948.104124201614
4.0146482691079335,127925.27762243141,19188.79164336471,4779.694348573285
3.6974150156578798,95469.52410471968,14320.428615707951,3873.092026473507
0.7497702855385392,22526.457767633477,3378.9686651450215,4506.671883799719
0.6698692228494636,23111.387816938637,3466.7081725407957,5175.201448715986
3.5338196942443725,103524.658086139,15528.698712920848,4394.309856332755
3.0851465644421823,125275.4777965437,18791.321669481553,6090.900797408037
1.7043175555494479,53109.017304940506,7966.352595741076,4674.218469323246
5.862480833103531,183755.10814273657,27563.266221410486,4701.638607630007
3.8782194003908743,93107.98148391278,13966.197222586916,3601.1880145768196
4.2633789491288985,167112.12494818258,25066.818742227388,5879.566194168381
1.2736761082516213,17003.651720190865,2550.5477580286297,2002.5089121988585
3.8357071554478686,97841.62059552842,14676.243089329264,3826.215739250204
3.164845900611653,85886.73698188292,12883.010547282438,4070.659663016328
0.8868138858235459,30811.45527584453,4621.718291376679,5211.598922004574
4.612334620428716,196417.11356972303,29462.567035458454,6387.777440293331
3.8922370664280708,98079.65584074646,14711.948376111968,3779.818167554016
1.384335756937773,36157.71897566542,5423.657846349813,3917.877450732937
2.2918724271886513,77572.31310250852,11635.846965376277,5077.004647963547
2.5929578762670524,56498.76185315097,8474.814277972646,3268.396434643743
1.705057358609965,48467.53055517291,7270.129583275936,4263.862178339181
3.487257866265171,104721.28790835511,15708.193186253266,4504.45415528638
0.2036356266396806,4195.220950080729,629.2831425121094,3090.240901831894
2.352240570893349,67799.33986190587,10169.90097928588,4323.49526877835
4.94300558761869,163638.53294002853,24545.77994100428,4965.760104032028
5.007919832971931,257767.01041247617,38665.05156187143,7720.780853419892
2.847100217470538,111268.19336775145,16690.229005162717,5862.18528689197
3.653874758504909,132964.21510462894,19944.63226569434,5458.488203316328
3.8958272040285107,124366.70196846225,18655.005295269337,4788.458090743599
2.980484019245137,86136.11787249248,12920.417680873872,4335.006528284022
1.7184580754403653,55582.237769237836,8337.335665385675,4851.637514199572
3.757928257306544,99233.02532840717,14884.953799261075,3960.9467717538896
3.2923004535207228,101401.13690000508,15210.170535000761,4619.921768906388
3.5682668571631773,55588.48832837968,8338.273249256952,2336.785218997325
3.3975391875705245,92011.45274366875,13801.717911550311,4062.268939249379
4.357228158436123,123886.23967506162,18582.935951259242,4264.852625465669
1.8598276252692008,93812.89698729223,14071.934548093834,7566.257408428908
4.778712344629186,246717.84409679077,37007.67661451861,7744.277944687691
3.263910967739763,65345.561192586865,9801.83417888803,3003.0948379930032
2.6757716276807826,177642.2857038689,26646.342855580333,9958.3770826795
2.196422606986775,80748.9843292232,12112.347649383479,5514.579758400933
3.207089946931843,91813.74341470884,13772.061512206325,4294.254835409831
4.497374576255023,197271.17698984174,29590.676548476258,6579.544586903522
3.8849644310855944,150831.78922869472,22624.768384304207,5823.674524088772
3.589798931804798,175640.61537866778,26346.092306800165,7339.155425497459
3.647042249669931,140048.8561613125,21007.328424196872,5760.100099223721
2.7778499249700506,81554.17309757526,12233.125964636289,4403.810967134295
3.885928057488133,136797.89286913513,20519.68393037027,5280.510505290777
3.4294541798030758,96416.25381109811,14462.438071664716,4217.125324734669
2.411345589362219,73743.15166905518,11061.472750358276,4587.261485519355
5.1906566100440745,222149.06216223334,33322.359324335,6419.680943612268
3.8268344754160464,169648.2597953036,25447.23896929554,6649.683735413972
2.777965271998372,117527.6297909466,17629.14446864199,6346.063662617422
4.971558301939155,158218.7120213842,23732.80680320763,4773.7158777662635
3.411502612921736,94018.76611744503,14102.814917616755,4133.90125049284
4.269146061267541,171841.92666809802,25776.289000214703,6037.809114584739
3.1073566090321134,107988.1781958573,16198.226729378594,5212.86378341495
3.7087816152230735,139162.62518920933,20874.3937783814,5628.3696221692635
3.1943383181498346,85754.82376269679,12863.223564404518,4026.8820279045817
5.4672758539389745,120759.98411676804,18113.997617515204,3313.1669411677344
4.58776954791711,108480.61938314604,16272.092907471906,3546.841823138128
3.077669576025802,179398.33400836872,26909.750101255308,8743.547491541927
2.839473889820975,98153.92199388071,14723.088299082106,5185.1465695324205
1.774546379789572,38851.0777528502,5827.6616629275295,3284.0289379298056
2.6530397334034093,88960.31016122185,13344.046524183277,5029.719817676866
2.1585171617402366,50854.14962790569,7628.122444185853,3533.964232202777
2.709558479321175,74371.37461706385,11155.706192559577,4117.167530318228
5.79219628910144,219953.71417279774,32993.05712591966,5696.122071691387
3.389033788258111,168610.88918238744,25291.633377358117,7462.785843264625
4.312279291227976,120793.46444136853,18119.01966620528,4201.726846186176
5.6275299700091095,294843.83953126014,44226.57592968902,7858.967640401109
1.8833047764948132,60085.25757115547,9012.78863567332,4785.624052017659
4.387424716310775,80018.30682350886,12002.746023526328,2735.7155506064155
1.190030088501232,57435.48536098138,8615.322804147207,7239.584013373698
4.788558055530644,150528.12355460195,22579.21853319029,4715.243768865234
5.010373484357199,144537.60801885577,21680.641202828363,4327.150714516018
3.2854390044469453,81734.69433155564,12260.204149733347,3731.679125115022
3.42671358863734,100690.05050845866,15103.5075762688,4407.578043975023
3.426367501264427,125703.17940325786,18855.47691048868,5503.0515271728655
5.0463716572867865,203190.51948356396,30478.57792253459,6039.7013918950215
2.4185094848831525,55971.59375157337,8395.739062736006,3471.451782684092
4.114836855980309,148709.94623460586,22306.49193519088,5420.990604468724
1.9263806549186182,78192.40966914994,11728.861450372491,6088.548190320146
2.5149057304196627,104959.72365464557,15743.958548196835,6260.2579324393355
5.747999780869999,349807.0066874293,52471.0510031144,9128.575679098678
3.9694927190229228,200826.03582396015,30123.90537359402,7588.855177698605
2.76073388717523,85762.52746012284,12864.379119018426,4659.767889537951
3.412108422786005,167583.42398212297,25137.513597318444,7367.149715832749
4.507803240050193,189752.1247733189,28462.818715997837,6314.121801749473
3.6770116467855396,98470.23327948652,14770.534991922977,4016.9943450778696
3.8824465843751708,103565.86943167217,15534.880414750824,4001.312079159219
3.2949852659629073,99402.7185026816,14910.40777540224,4525.181927041154
3.278312423603217,141531.78719439518,21229.768079159276,6475.822110885174
0.18393324696008953,7283.07787078113,1092.4616806171693,5939.446503949422
3.0069516801108103,79329.8818265774,11899.48227398661,3957.3240743090687
2.7707960659247726,125012.43805929743,18751.865708894613,6767.681656367607
2.0815286531647743,58216.831218853324,8732.524682827998,4195.245964811002
3.4538345302851594,117324.12269122407,17598.61840368361,5095.385505405383
4.4239625006186065,174037.6642713616,26105.64964070424,5900.965398566073
2.82752910735461,118931.22607687747,17839.68391153162,6309.283913339495
2.443133959005696,85798.21640752676,12869.732461129015,5267.714614538257
4.358070345805584,107363.64195698463,16104.546293547693,3695.3387659397195
3.8559280277118306,109499.26034255639,16424.889051383456,4259.6461690521355
3.0212474935782327,98226.85003180488,14734.027504770731,4876.802557913054
4.317489926937731,140056.4623853276,21008.469357799142,4865.898870249323
3.5066415522358656,135254.74291939495,20288.21143790924,5785.653063106293
3.3699334615177197,96661.11957118899,14499.167935678348,4302.508670052003
3.972699094244665,109806.0408378444,16470.906125676658,4146.0240846175375
4.216660267416743,88565.520723251,13284.828108487649,3150.5569019024497
3.9650849999858444,92125.32249188866,13818.798373783298,3485.120337605028
6.158048134289555,283441.014775286,42516.1522162929,6904.160423747309
3.006562735834347,126723.47954896645,19008.521932344967,6322.343354352105
1.7745403951390335,66279.60599989862,9941.940899984793,5602.544144511206
5.993790940937506,198019.6941216121,29702.95411824181,4955.620643251178
1.168096005175423,28477.753275828964,4271.6629913743445,3656.9451247569605
3.8070731812906184,127775.66424225453,19166.34963633818,5034.405361716919
2.369257653764884,78880.46835053025,11832.070252579537,4993.99895734333
3.581796099077885,165936.70247827057,24890.505371740586,6949.168708444492
3.1860232369388193,69603.92504166093,10440.588756249139,3276.9970523757443
4.269951950149541,60750.484855870855,9112.572728380628,2134.115988837179
3.3948506757301704,88430.12556871258,13264.518835306886,3907.2466221077398
2.5429074156323352,70796.83612028444,10619.525418042665,4176.135298029302
2.3461494833147034,113314.70553178087,16997.20582976713,7244.724153617449
3.394617874397928,110057.44271298763,16508.616406948142,4863.173711378669
3.2181653002139585,166869.78071845026,25030.467107767538,7777.868683781842
3.6795986172786876,73088.01299442719,10963.201949164079,2979.4559378522945
3.036326049033198,77641.72606989993,11646.258910484989,3835.6417335988326
3.436242564674573,129723.36368130497,19458.504552195744,5662.727291790749
2.8568400657166926,97906.8533042625,14686.027995639375,5140.654589620895
4.278416061989149,106915.50647199199,16037.325970798798,3748.4259918710713
3.7867575660106034,103109.31634147577,15466.397451221364,4084.33790165115
2.730014296100333,83932.42506879619,12589.863760319427,4611.647557415109
0.9693103983621901,42883.7397120712,6432.560956810679,6636.224028628551
2.959562818348028,67138.8361671935,10070.825425079025,3402.8084697659397
4.098933750124885,123531.63788507441,18529.74568276116,4520.625804746564
5.357208011628783,101417.44147375869,15212.616221063803,2839.653824910678
2.0633604736657367,60691.81109033149,9103.771663549724,4412.109168387864
4.671669155903107,94051.72970054108,14107.759455081161,3019.8541429789902
3.1011315494537715,161343.28532052608,24201.49279807891,7804.0845453143465
2.3083618169523876,35301.96085679657,5295.294128519486,2293.9619298982307
5.2437477233195855,159331.50009721637,23899.725014582455,4557.756451229998
2.4863758955407764,63593.18750799464,9538.978126199196,3836.49879461388
3.6146358363951356,142122.12413410615,21318.318620115922,5897.777697400525
3.791008679370359,114417.54768946792,17162.632153420185,4527.1941071553265
2.492036118208784,97199.78402119248,14579.967603178871,5850.624514085536
3.03489855051029,135473.4224355824,20321.01336533736,6695.780114930224
2.5145273323668236,98227.94439253643,14734.191658880465,5859.626765326016
3.3205245093369187,84646.63399909134,12696.995099863701,3823.7920136295534
4.932137735753356,180530.64132202457,27079.596198303687,5490.437949857342
3.645095489044236,136943.30911385818,20541.496367078726,5635.379492476565
2.4031080218670957,76956.323831217,11543.44857468255,4803.549598953885
3.595777389930551,90471.71733912482,13570.757600868723,3774.0816878351943
3.0345252578718798,101792.94153141335,15268.941229712002,5031.739706269622
4.376693725197067,153782.0465902679,23067.306988540186,5270.48691018505
4.980341029955533,174150.81118879752,26122.62167831963,5245.147173898022
0.9725204419789532,25697.723822847976,3854.658573427196,3963.575886984406
2.06889274071095,61534.238329335865,9230.135749400379,4461.389209683512
2.4122157433419558,152578.27780611362,22886.741670917043,9487.850219901586
2.626729702477919,48382.075887037165,7257.311383055575,2762.8695012697376
4.454709965981679,153337.96852800142,23000.695279200212,5163.230705218668
4.299963593994385,190187.76649771884,28528.164974657826,6634.513142041983
5.551986522257894,195977.82283860428,29396.67342579064,5294.802735550506
5.883915711292591,211944.5903476036,31791.68855214054,5403.15159361052
5.00882152182009,149010.92223928595,22351.63833589289,4462.4545391609045
0.2622764883133335,10041.628495061415,1506.2442742592123,5742.963404557062
1.9981170122113656,36667.392132213135,5500.10881983197,2752.646009326983
3.4850597165383324,109543.44328609166,16431.516492913746,4714.845032622561
4.102892458946237,132765.26545106614,19914.78981765992,4853.841531779928
2.7528677464278783,91722.31562457001,13758.3473436855,4997.823582893996
5.207006267568784,245418.33326135774,36812.74998920366,7069.849371698949
1.8370729346616477,66439.94497470625,9965.991746205937,5424.929820786606
2.324965385140997,69451.90115005644,10417.785172508466,4480.834527296277
3.7012946396369566,141202.38247771387,21180.35737165708,5722.418622078291
4.069183839917008,172561.52780633146,25884.22917094972,6361.03705048569
5.750352421874453,155722.04808189737,23358.307212284606,4062.065330714192
4.016877308420015,143941.59557627636,21591.239336441453,5375.130400717686
3.86984751847312,50698.609400325106,7604.791410048765,1965.139808156911
3.4772629625601676,139385.0754066857,20907.761311002854,6012.7064119445595
1.8872200952595186,74865.46780496028,11229.820170744042,5950.456016737035
1.4758913671688876,32332.239759175056,4849.835963876259,3286.038574220678
3.826685625793744,111625.15917918808,16743.77387687821,4375.5289862373165
2.213776004963671,40418.016838092764,6062.702525713915,2738.6250967217466
3.061457713897961,86929.74649588883,13039.461974383325,4259.233082066974
4.228637799939585,210151.71633949684,31522.757450924524,7454.589147213056
1.7224953577631434,54731.35502249086,8209.70325337363,4766.168580004108
3.1864284200545114,180694.6180752158,27104.192711282372,8506.135753967035
6.136056829338277,252404.1412107303,37860.621181609546,6170.18750553073
2.882054456141729,135888.92391444978,20383.338587167465,7072.502930584837
0.8550165659165233,15557.334181655127,2333.600127248269,2729.303992779132
1.5862126554931957,53967.1800151946,8095.077002279189,5103.399581541111
5.196562498146557,175704.6249526602,26355.69374289903,5071.755367572167
3.9907902137758624,134811.90168713176,20221.785253069764,5067.113070305202
2.0994929810172405,71203.58029765713,10680.537044648569,5087.198262255521
3.6009818248451446,122484.52396599209,18372.678594898814,5102.130332382032
3.794848764061971,62798.06240803146,9419.70936120472,2482.235774561395
3.3289567302344945,102754.24859491437,15413.137289237155,4630.020315148837
4.62338055092027,120426.3466886529,18063.952003297934,3907.087423228087
3.660413208716817,73468.2984428666,11020.244766429989,3010.6559391127353
3.6412408619224506,79830.1483532898,11974.522252993469,3288.5828504822753
3.2917308545756234,140186.11092922685,21027.916639384028,6388.103271005427
4.246283745528595,144177.06109023298,21626.559163534945,5093.0555892097545
3.4933004128992424,133105.35519731836,19965.803279597752,5715.455563418682
1.938459133553202,42277.67335684984,6341.651003527476,3271.490687504569
5.181783967496718,178915.90662347327,26837.38599352099,5179.178862310992
3.172461857131921,68986.88498249406,10348.032747374107,3261.8304690128866
3.906882961187643,159191.3435431311,23878.701531469665,6111.957222340451
5.011425677736504,107192.80154566982,16078.920231850472,3208.452297972179
3.1681575533016817,134666.46227992873,20199.96934198931,6375.935856137583
1.8605771940359894,45518.16045522237,6827.724068283355,3669.680618557171
2.6102762812253437,101325.97882836116,15198.896824254172,5822.715753720654
3.522813910032011,113908.62612465533,17086.2939186983,4850.183505305576
3.797133216771538,225225.99205559524,33783.89880833928,8897.21189109704
2.682742268275464,63736.31991075431,9560.447986613146,3563.6848532449035
4.581865150410119,151128.84378950568,22669.32656842585,4947.6197627502725
3.5339412235540633,94322.7951034015,14148.419265510225,4003.580809779639
3.8231873767673012,104635.12732670507,15695.26909900576,4105.283773006414
2.151600502153105,85802.67313212398,12870.400969818596,5981.78005486576
3.3440290298555277,82892.29021597817,12433.843532396724,3718.222366309393
1.7296117916524363,66535.95724375824,9980.393586563736,5770.308478892058
3.303917096553569,71990.48388479355,10798.57258271903,3268.4151167059845
1.8201185265259663,51030.77220746339,7654.615831119509,4205.558989463045
2.1828952926595,79794.77439478462,11969.216159217693,5483.1838244679
1.4261215397276683,40942.49084897623,6141.373627346435,4306.346588467621
7.103752504576631,257739.54214273902,38660.931321410855,5442.325207206099
2.321541076226379,61531.83939448515,9229.775909172771,3975.7107912885167
3.8135057283895537,103882.4461066597,15582.366915998955,4086.1003039791945
4.393266081206093,143003.47690157488,21450.521535236232,4882.5910242494065
3.5724942837515803,110853.79637051308,16628.069455576962,4654.470556105507
4.287383213709083,86212.42895160046,12931.86434274007,3016.260431628763
4.037055564997739,88525.46066909321,13278.819100363982,3289.2336720590615
2.4734213591882765,50508.554977610285,7576.283246641542,3063.078281626837
2.3938956412172736,49550.67778413278,7432.601667619916,3104.814403622251
3.6364212157171356,122139.84870613554,18320.97730592033,5038.18898282037
2.8556889984834672,85804.05334701855,12870.608002052782,4507.006193212148
1.7984356030785777,60599.83781941229,9089.975672911844,5054.379293510173
3.2664901831798825,90429.0762502913,13564.361437543694,4152.5798875473665
4.051394488501767,181433.79876558422,27215.069814837632,6717.457382162246
3.261295597448267,50241.423294994376,7536.213494249156,2310.8035653516686
5.030110898906999,140520.66155509962,21078.099233264944,4190.38459725511
2.157047680889761,79977.041870868,11996.556280630199,5561.562865259306
4.526721386182389,181452.10227337404,27217.815341006106,6012.699483579274
3.785977220123854,118189.05924534901,17728.35888680235,4682.637495167598
1.5274601980608224,42367.6782108924,6355.15173163386,4160.600544421389
3.9117716936993823,110306.97541344284,16546.046312016424,4229.808794482263
4.432693361657758,113740.02289006308,17061.00343350946,3848.90224554782
2.079886825702788,71808.37392351471,10771.256088527205,5178.770284718558
3.839774537624195,108955.06405981307,16343.25960897196,4256.307095333809
4.26798355901277,124532.37809910032,18679.856714865047,4376.74055126536
4.650434976189621,93535.48049569679,14030.322074354517,3016.9913451516304
3.610979643536683,144477.3782415517,21671.606736232752,6001.586515455137
4.792713374581987,227933.52914911922,34190.029372367884,7133.752156699729
3.7773380423530125,57079.636710919025,8561.945506637854,2266.661180608652
3.859246643499411,112311.70307234171,16846.755460851255,4365.29639514703
2.5974116996000722,81498.77414685406,12224.816122028109,4706.53771364408
3.7643285975085363,175406.79659972974,26311.01948995946,6989.565020273126
1.9958381661218054,60482.68958881663,9072.403438322495,4545.660861848059
4.120111718021788,99046.5186777245,14856.977801658673,3605.9647937876875
5.815502865083877,180492.6012613767,27073.890189206504,4655.46846374325
3.3734579356722145,71307.43778573912,10696.115667860868,3170.66816063011
1.3863854025603077,34804.905589151225,5220.735838372683,3765.717547754966
3.880053242087049,94714.33311277747,14207.14996691662,3661.58634443756
2.2487254862969848,80843.15441847978,12126.473162771967,5392.598268070879
5.434069984287391,215767.6005073825,32365.140076107375,5955.9667375818035
3.0964140558833835,78811.07453669899,11821.661180504847,3817.8554182839143
2.4302052487063976,76056.08023460947,11408.41203519142,4694.423255510676
3.8595933229198987,133608.36026453174,20041.25403967976,5192.5817988818435
3.866046676016097,127941.78394359887,19191.26759153983,4964.054808390503
2.487494767335356,74255.82597862283,11138.373896793424,4477.747669284558
5.418996662095178,206300.04753168547,30945.00712975282,5710.468018223206
1.8847916660230606,52178.28344431729,7826.742516647593,4152.576997097053
4.205357211691455,216954.00068934215,32543.10010340132,7738.486522126385
1.8185164281652426,43699.707277965405,6554.95609169481,3604.5624830061656
1.8602941367808112,82005.87138472215,12300.880707708322,6612.331063406276
1.9944374880814573,67616.17227209917,10142.425840814874,5085.356598752738
5.0357959503771275,132248.94290767642,19837.341436151462,3939.2663308102974
5.274694744228729,182668.71622259612,27400.30743338942,5194.671684720576
5.2692940684728935,153639.54197833218,23045.931296749826,4373.627851715025
3.6666250920692733,150472.56340542462,22570.884510813692,6155.765572987919
2.221870925959114,46510.31053557173,6976.546580335759,3139.9423336547766
1.497893863937871,79582.8127923631,11937.421918854465,7969.471139611798
4.473792153934851,151507.1671653012,22726.07507479518,5079.823624529993
3.015499560461582,70293.08275416952,10543.962413125428,3496.5889404777313
3.1369591227064175,85588.38451913261,12838.257677869891,4092.5804818245956
4.375205844599244,199793.01502500157,29968.952253750234,6849.723948587223
4.527949896056735,139143.8973728728,20871.58460593092,4609.499902838456
3.1082539386670556,64295.78919771081,9644.36837965662,3102.825113379415
3.4894317290735506,106397.77345647491,15959.666018471236,4573.714936302408
3.842751553321646,159235.55050453753,23885.33257568063,6215.684840471751
3.1570945205146828,84118.38984021202,12617.758476031804,3996.6362723833827
2.9191593488324794,73115.81709686633,10967.37256452995,3757.0311360071387
2.6214065893743346,62533.60326829109,9380.040490243662,3578.247086226501
5.73488884824929,188815.23076775105,28322.284615162658,4938.5934696552495
1.6767407046908325,54900.68630953957,8235.102946430934,4911.375338710687
3.6421095130705767,120837.87652054007,18125.68147808101,4976.698644846534
0.4363967665647785,15976.026931385515,2396.404039707827,5491.342336405937
3.483751518902473,127344.33990583444,19101.650985875163,5483.069295336248
2.652071902086255,121666.82525570803,18250.023788356204,6881.421191484214
2.9640120030690293,108257.08948189119,16238.563422283678,5478.575459704539
0.20802793264465147,4177.739533991627,626.660930098744,3012.3883948276875
2.3552745547214444,63801.126008461186,9570.168901269177,4063.2922739663486
4.354925945029515,103421.00798484984,15513.151197727475,3562.2078064113525
2.9554337216249706,68677.45122676187,10301.61768401428,3485.653428340188
5.155255403000441,238248.77630009004,35737.31644501351,6932.210657150724
2.722048723951494,97166.0111833669,14574.901677505035,5354.386770985939
3.241687204223986,57813.99759736084,8672.099639604125,2675.1808836781656
3.2727311431939583,106563.13020431528,15984.469530647291,4884.137691508493
2.9213669620056057,144635.74183251816,21695.361274877723,7426.441647708376
4.473719866846874,112375.06619115786,16856.25992867368,3767.839835835352
3.5125175433532627,97247.02487134669,14587.053730702002,4152.877117526455
2.214892727359605,64715.174872431395,9707.276230864709,4382.729741695819
2.017017072695481,92010.80590889495,13801.620886334242,6842.590017292304
5.311069369699282,102953.44858934285,15443.017288401426,2907.7039318121024
2.9164734907647287,138467.17626926737,20770.076440390105,7121.640743919116
3.96414660289464,114257.92051128727,17138.68807669309,4323.4243819787935
3.039497934148941,110790.23721545796,16618.535582318695,5467.526526538628
1.4406850900787027,65562.88048945754,9834.432073418631,6826.219096139455
1.701801817303955,43121.038193116125,6468.155728967418,3800.7690808642233
3.3935415033598906,112829.13321268161,16924.36998190224,4987.22940772809
2.3744900327857184,95798.39631895903,14369.759447843853,6051.724475333111
3.468947894968044,106352.70645757373,15952.90596863606,4598.77359120236
0.2539873799623423,8589.188559213579,1288.3782838820368,5072.607481808977
3.2049429102074485,81817.47245576422,12272.620868364633,3829.279089270971
4.250676501165143,168080.57535090647,25212.08630263597,5931.311473767798
3.928300215052041,82194.70930715336,12329.206396073003,3138.560120438674
1.5462232775004092,52799.557691227354,7919.933653684103,5122.115136235237
4.548342878794241,224686.2644115676,33702.93966173514,7409.938203838699
4.301138672084522,136868.62602496892,20530.293903745336,4773.222969301626
2.390692706879748,60666.14871001549,9099.922306502323,3806.3956443733987
1.3435814826431396,41791.189351639194,6268.678402745879,4665.648108229298
3.9543601186464663,75732.08038269336,11359.812057404002,2872.7307874256885
3.118450023041077,160644.69846940355,24096.70477041053,7727.141558264158
3.89108494529419,129580.70767349371,19437.106151024058,4995.292167684736
4.940887894552625,180593.294151424,27088.994122713597,5482.616626979023
4.981245316338526,143929.04313104972,21589.356469657458,4334.12833510612
4.739347175792842,95424.64203574727,14313.69630536209,3020.183112659933
2.8961780685159257,119346.69860012092,17902.004790018138,6181.251417041347
2.1240527334381483,88761.6961084878,13314.25441627317,6268.3257372436965
4.536645161923329,140273.24675699958,21040.987013549937,4638.005896989644
2.078078296316532,60993.716156075454,9149.057423411317,4402.6528931216635
3.3723402103889084,133440.9378170566,20016.14067255849,5935.385940865725
3.3900936649489015,94875.1947832527,14231.279217487903,4197.901481197691
1.14159243775323,38239.009453430015,5735.851418014502,5024.4301103669195
5.748908551995885,303521.4615900445,45528.219238506674,7919.454419343712
4.023143720081975,123123.43851041865,18468.515776562796,4590.5682375638535
3.542745424876203,69530.01299739306,10429.501949608959,2943.9038651707256
2.304996322243973,73738.52669218568,11060.779003827853,4798.610261147793
4.479381432230709,54961.5605027467,8244.234075412005,1840.4849419814689
2.377938721579633,66703.96429600079,10005.594644400118,4207.675561022673
3.8657419243410787,134635.76314388885,20195.364471583325,5224.188491327096
2.6513229731755477,79251.14588915864,11887.671883373796,4483.6755097911255
2.9778783706388237,119300.16093200199,17895.024139800298,6009.320030072754
1.592750868590478,45533.52060598993,6830.028090898489,4288.196117540212
2.4241540463226703,55650.668248980444,8347.600237347066,3443.5106341570945
3.2322436967564516,119201.45993134916,17880.218989702375,5531.828867868202
2.5730346585789454,76665.63373534325,11499.845060301486,4469.370446277901
2.8949103612752216,132212.29759672566,19831.84463950885,6850.590230632505
2.7564778658824696,59979.42523298244,8996.913784947365,3263.9165713260886
4.0449893508727826,114269.68423133482,17140.45263470022,4237.4530926767075
3.014341076777199,85346.74774265899,12802.012161398849,4247.03503529408
3.481185714568432,159947.2146895666,23992.08220343499,6891.9282596818675
4.566779858706861,203770.85406566132,30565.628109849196,6693.037338240391
1.8830023543843921,77743.83526669176,11661.575290003764,6193.075257102517
1.2073699825150745,36682.03237492246,5502.304856238369,4557.264911271446
3.2761815974824096,113810.89607429602,17071.6344111444,5210.832764662113
3.399653616776748,112957.28536917837,16943.592805376753,4983.91739727919
2.4376517182182647,119850.82370923014,17977.623556384522,7374.97626179542
2.19761351925752,64172.275029640274,9625.84125444604,4380.133799731175
3.618224688766283,54765.33766712801,8214.8006500692,2270.3953890907273
2.3767064949546923,76140.4156991652,11421.062354874779,4805.415552622749
2.026459027149824,54177.706272395,8126.655940859249,4010.273996158331
4.44153969013577,239004.597326701,35850.68959900515,8071.680565779037
2.6226469998826443,95260.76274346918,14289.114411520377,5448.355959517149
3.7382915879966774,148557.321149232,22283.5981723848,5960.904238699693
2.765992505643775,94263.11902316961,14139.46785347544,5111.896660827911
3.230340671021884,150052.54557767324,22507.881836650984,6967.6495852466405
4.474519889132942,98136.15794897499,14720.423692346247,3289.8331121730075
4.792272471372223,86985.09057252966,13047.76358587945,2722.667307383577
3.1835926965636463,85135.09836436032,12770.264754654048,4011.27467355928
2.794693995190602,81046.57089815721,12156.985634723582,4350.023886566679
2.38255881098382,22088.48005251593,3313.2720078773896,1390.6359803598107
3.1563534641481796,71472.91312918114,10720.93696937717,3396.6211614612307
3.393156371369411,49115.78802573157,7367.368203859735,2171.243349119926
2.5271123549038825,98231.61564202828,14734.742346304241,5830.663728785684
3.4405411015941763,125943.15427012197,18891.473140518294,5490.843615199052
3.064288242514817,102672.619202457,15400.89288036855,5025.928261803877
2.853648378399063,63229.031709269795,9484.354756390469,3323.589138796184
4.193533504567005,160082.19816228576,24012.329724342864,5726.037409309362
4.630794916581499,202019.33500399595,30302.900250599392,6543.779371894384
3.2140987363598703,155150.9228306934,23272.638424604007,7240.797602553259
1.2485417277043334,44120.57759055826,6618.086638583739,5300.653147373994
3.380764982821076,102892.53960326259,15433.880940489387,4565.203739069316
3.8201027428399987,134929.18695565194,20239.37804334779,5298.124004984516
3.412849175984889,168238.13377278554,25235.72006591783,7394.326196274185
2.558849099033819,121477.68442781147,18221.65266417172,7121.034480326304
3.449936801504415,170259.99638134494,25538.999457201742,7402.744144781129
1.7115390810713293,64611.667365511676,9691.750104826751,5662.593517151971
3.2635129524814706,61195.975896745644,9179.396384511847,2812.734779413738
2.8705802501573126,107457.12442059779,16118.568663089667,5615.090768567206
2.6915382597091284,99816.02919828116,14972.404379742173,5562.768549075065
2.4829783761497675,103236.33523673491,15485.450285510236,6236.643232279277
3.910216644136942,146794.81359475572,22019.222039213357,5631.202576008013
3.6567757465126802,143719.17246530124,21557.875869795185,5895.32346640454
4.927196204584266,98937.92429228552,14840.688643842826,3011.9946573337265
3.5172492772543165,214102.41547502717,32115.362321254073,9130.817803827771
4.25397046048521,183237.2283673197,27485.584255097954,6461.1601115732565
2.2323709004659262,48274.146228327685,7241.121934249152,3243.691239989659
4.462601631516309,147978.99403701478,22196.849105552217,4973.970553139008
2.5880021423284028,76398.35704159057,11459.753556238586,4428.030938926637
4.403422419828512,136808.65291829233,20521.29793774385,4660.3064573902575
2.996530767305355,65945.7530126336,9891.86295189504,3301.1050845275804
3.7620069792054536,59179.66951540105,8876.950427310157,2359.631568037387
2.2644607179423395,55799.277128092865,8369.891569213929,3696.1964068952566
5.478782634318462,181291.5333108081,27193.729996621212,4963.462106761241
4.416452026003855,120714.57207076877,18107.185810615316,4099.939431924334
4.583360419153429,135372.47898614712,20305.871847922066,4430.3458578264435
3.7153601135702483,94808.63304876562,14221.294957314843,3827.7029743017274
3.6171159578104937,118433.59215161361,17765.03882274204,4911.382170201572
5.312919844286381,112356.00336009284,16853.400504013927,3172.1541069621835
2.4663882167455315,83803.3725526075,12570.505882891124,5096.726378087493
1.1510815440329156,35677.32466564144,5351.598699846216,4649.191647271503
2.1567094162118425,132677.08128573743,19901.562192860612,9227.743915458374
3.9385170533435074,151745.0298862269,22761.754482934033,5779.270262042156
6.428837976405423,247456.24493518408,37118.43674027761,5773.7396519412305
1.586740299164494,44274.0049514716,6641.10074272074,4185.373464213169
2.7942550793561862,100847.86187105051,15127.179280657576,5413.671569362584
3.878400669127269,143124.83375492474,21468.72506323871,5535.458271274916
4.394319096505932,141945.51914089412,21291.827871134115,4845.30763550238
2.5937855976824475,54094.98962944013,8114.24844441602,3128.342007784343
3.686948835422373,125722.72483346322,18858.408725019483,5114.9092560865665
3.8724534211024175,85081.5319789009,12762.229796835134,3295.644494337638
2.397831188848423,63475.87880043595,9521.381820065393,3970.8307508662065
4.372039802727938,184065.47286309028,27609.82092946354,6315.089106059
3.7197086729751816,201060.84767777252,30159.127151665874,8107.927206982938
4.227596446472182,154090.90722091743,23113.636083137615,5467.323188433782
3.1010265797404366,90146.041267609,13521.90619014135,4360.4612351543165
2.6166737978456536,80146.58818843773,12021.98822826566,4594.377884688394
2.8634160604076095,115808.76737947449,17371.315106921174,6066.640243838107
5.621015420951653,134084.0168502258,20112.60252753387,3578.1084059237023
2.190386750454312,48463.24890957806,7269.4873364367095,3318.8145129753602
5.306661962709287,132923.97683610936,19938.596525416404,3757.276545129109
3.3435942396025786,75385.89916532708,11307.884874799061,3381.9548858126764
2.4809330350532455,89127.68752325626,13369.153128488439,5388.76017191714
3.264989846744431,119615.54625459418,17942.331938189127,5495.371434640046
2.878124415071019,106147.1733220422,15922.075998306329,5532.101362585969
4.921130909223086,151841.16872886318,22776.175309329476,4628.240079255526
4.07390700265674,81920.86465288758,12288.129697933136,3016.3009832869548
4.837738578918811,257230.7000053603,38584.60500080404,7975.752383343403
3.637570571746942,105339.3349292293,15800.900239384395,4343.805825269808
3.4050170053297495,160312.32881553468,24046.849322330203,7062.181858325684
4.1796598585672085,142710.01608889972,21406.502413334958,5121.589588075506
3.734210445841637,135035.21614211862,20255.282421317792,5424.247699771121
2.6071893161580393,111509.28700996679,16726.39305149502,6415.488490932861
3.7953005972182776,164886.1097849851,24732.916467747764,6516.721359534861
3.1153298428064966,112314.47971800908,16847.17195770136,5407.8292854294705
2.2768101983740063,61236.33154854,9185.449732281,4034.350223325962
3.77257321755051,68676.65916582088,10301.498874873132,2730.6292763117744
5.203784668027173,151314.45272063153,22697.16790809473,4361.665471584462
5.8696771050772405,216205.68672041077,32430.853008061615,5525.151116065497
1.7272970700696106,91727.56906751214,13759.135360126822,7965.702946264087
4.545396294597581,184603.501560705,27690.525234105746,6091.993621550061
4.8150993034328895,253166.4036476371,37974.960547145565,7886.641199709339
4.611000117712952,113908.93145532541,17086.339718298812,3705.560460226925
3.251430108015273,146523.28514764298,21978.492772146445,6759.638694974896
3.8535660473912743,104278.78947222041,15641.81842083306,4059.0503000258705
3.3060578151933533,83483.15172595512,12522.472758893267,3787.7355626828007
1.056024596967787,31677.466935881763,4751.620040382264,4499.5353839539475
4.300857674455982,149705.73889711162,22455.86083456674,5221.251790762221
4.316562394704403,132382.01399630992,19857.302099446486,4600.258326812929
3.1425801369449813,46146.06246215144,6921.909369322716,2202.619843467782
2.1793447511255293,78673.4527358,11801.017910370001,5414.938551725389
3.709309011309127,120408.59856857627,18061.28978528644,4869.179065486395
3.862387919494546,148721.88967564513,22308.283451346768,5775.774965210164
4.709269619415941,190335.1563280874,28550.27344921311,6062.56930618341
3.5355006574804673,84519.00127038648,12677.85019055797,3585.871258073161
3.231138342357913,88613.28811355075,13291.993217032612,4113.718389207941
4.034597392455189,145419.13673416222,21812.870510124332,5406.455313463251
4.4453984155638375,145600.0295833537,21840.004437503052,4912.94646640417
2.357335187418795,81300.83044210104,12195.124566315155,5173.267098968822
3.973396677977453,72554.22359948081,10883.133539922123,2739.000009800652
3.45005596988338,119645.9499485852,17946.892492287778,5201.913432405685
5.157142332355692,222094.05852754266,33314.1087791314,6459.800143602804
4.074650881017969,143891.10510610542,21583.66576591581,5297.058912817476
6.599029754928425,209630.00245644193,31444.500368466288,4765.018727939853
1.9921655794072242,87240.1816658844,13086.02724988266,6568.744779626427
3.1800247299173736,95852.48821363805,14377.873232045707,4521.308622785235
0.8037376086164302,18299.164097839966,2744.874614675995,3415.137708189463
0.8402062029815722,39470.864507243845,5920.629676086576,7046.638854934079
2.902674707057628,134579.16905509357,20186.875358264035,6954.57720742225
2.593472110047855,85026.0102694219,12753.901540413284,4917.693732275358
2.9406781307133514,47786.251629591214,7167.937744438682,2437.511834285611
2.7317926959126018,76907.66418919587,11536.14962837938,4222.9227882628675
2.935525324405776,111113.58755567607,16667.03813335141,5677.702043577237
1.3312978272203586,38364.411268722215,5754.661690308332,4322.595269552567
1.4994527258525694,52319.21613648143,7847.882420472214,5233.831173977165
4.28138506336686,163962.04718796417,24594.307078194626,5744.474443243324
3.2111628379347175,100246.62491645472,15036.993737468207,4682.725385281102
1.514447067870241,23137.31089870068,3470.596634805102,2291.659252036972
4.409465524580023,201329.6817784085,30199.452266761273,6848.778406003663
4.16035620504713,200290.25486640804,30043.538229961203,7221.38604226098
3.439274330464126,116571.92268383146,17485.78840257472,5084.15052782807
3.4644045064198847,151210.42502693532,22681.563754040297,6547.031015578323
3.594327128232781,87545.39645858214,13131.80946878732,3653.482001023046
2.752280552630848,116125.57548988092,17418.836323482137,6328.873815873107
3.234110576601627,99236.66044587267,14885.499066880899,4602.656190723831
1.921008094433223,96308.55342606951,14446.283013910426,7520.157283966405
3.1912506342182403,79978.36451036805,11996.754676555207,3759.2643297645745
2.174470350113842,56169.66791544801,8425.450187317201,3874.7137604686573
4.613920902756754,233142.67603105752,34971.40140465862,7579.540729396487
1.930585577127861,110246.16434719336,16536.924652079004,8565.75582455197
3.9044015649147052,116556.50420200576,17483.47563030086,4477.8886955196685
4.363682875114537,83001.89916362637,12450.284874543955,2853.1598722597737
0.23239290137192914,5650.530796565242,847.5796194847862,3647.183775756955
4.023127127487211,142202.31852821217,21330.347779231826,5301.93232858502
1.3957706323702126,37252.26130296536,5587.839195444803,4003.4079137743965
4.144212510766675,99837.68244207896,14975.652366311844,3613.630412872183
3.195777075032787,101698.12109583686,15254.718164375528,4773.398709050763
1.1163598174220057,50500.29611121281,7575.044416681922,6785.486452006904
6.111282411129288,280943.20391875634,42141.48058781345,6895.685349292545
5.175740255622845,141509.30487614294,21226.39573142144,4101.132337226816
4.0573015019293965,130968.89468088611,19645.334202132915,4841.970504975002
6.611291535291574,184595.6116099747,27689.341741496206,4188.189492732004
6.5432620080155415,200480.57059091263,30072.08558863689,4595.88589785926
4.296654057968238,80727.40383080064,12109.110574620096,2818.265192228703
4.08888884403307,160169.6718086154,24025.45077129231,5875.789655263615
4.216980999816913,118752.42574412217,17812.863861618323,4224.079705929834
4.2710733008615085,178070.76856144128,26710.61528421619,6253.841459201473
2.1958251342479063,66932.90245697016,10039.935368545523,4572.283654082641
3.302486455910421,69212.5440390572,10381.88160585858,3143.656073828327
3.2930113765104814,114720.53833489,17208.0807502335,5225.636592992417
1.9146340085031721,113228.53001012072,16984.279501518107,8870.770824130574
1.3028711475907848,49204.95834780188,7380.743752170282,5664.983652311625
2.9022855766508195,91970.86171117489,13795.629256676233,4753.367266013884
1.4349339963872825,69518.75455805284,10427.813183707925,7267.1030235271555
3.7415783954862234,159537.04428432242,23930.55664264836,6395.845312640723
1.5628771927119507,50690.220284524505,7603.533042678675,4865.0866991569565
3.306256129981311,100827.35472053757,15124.103208080634,4574.389464547057
3.9183705345377207,173260.11047134927,25989.016570702388,6632.608208342529
4.228145358847933,109992.8917781485,16498.933766722275,3902.1680586728535
2.958188186338399,119376.548567156,17906.482285073398,6053.192412764575
2.809973489865215,98156.04142596932,14723.406213895398,5239.6957718635385
3.2397982832087253,138968.92223289478,20845.338334934215,6434.146978523861
1.7457591019608398,86526.30020397113,12978.945030595669,7434.55670144735
2.8174092525921384,81190.08169749036,12178.512254623553,4322.592553218456
1.2924045866686953,64515.99994103614,9677.39999115542,7487.902852542412
1.7746626212017045,61422.49488561785,9213.374232842678,5191.620155161596
3.04249690515653,83286.87579930453,12493.03136989568,4106.177182537821
4.058380609944777,147858.3914306428,22178.75871459642,5464.928217981558
3.1776743952324455,86533.37545327908,12980.006317991862,4084.7502618475105
0.9185532145769796,17881.742060789747,2682.261309118462,2920.0935411822834
2.425783287184249,108756.28163147318,16313.442244720976,6725.020462836546
3.96693193981446,132022.04152495172,19803.306228742757,4992.096292347529
1.470399566226891,50144.32639195959,7521.648958793939,5115.37756916973
3.1253513628776766,92684.53678989156,13902.680518483734,4448.357609840962
2.8941299365674324,99395.04499724114,14909.256749586171,5151.5505787100965
2.3555519248728336,87779.70697057569,13166.956045586352,5589.754106692928
4.871181859976303,156992.94623524885,23548.941935287326,4834.338485445478
3.073893270155404,142844.74699511874,21426.71204926781,6970.545222666291
3.2542872162331697,88968.35934478808,13345.253901718212,4100.822396729111
2.2503014177680107,87956.08765744661,13193.413148616992,5862.953755636452
1.144670942685474,44561.16689388951,6684.175034083426,5839.385612778732
3.8856118523012957,164543.14958628407,24681.472437942608,6352.016973420734
4.942957190745274,96854.54787405272,14528.182181107908,2939.1681174801806
4.051383576122111,198857.71052292758,29828.656578439135,7362.585155906275
2.320587870035016,113632.83817738804,17044.925726608206,7345.089555411237
6.463283365580589,231599.69642682216,34739.95446402332,5374.970042165663
3.9577645128904737,64962.93824324456,9744.440736486684,2462.1072589713094
4.765509104276428,138651.4279611393,20797.714194170894,4364.216653265364
1.986589017464568,59478.18665456971,8921.727998185457,4490.978214292168
2.1421711076063197,77111.5274742574,11566.72912113861,5399.535583347201
5.649580318001032,171915.86769539406,25787.380154309107,4564.477129769057
4.553534483003677,119865.75515565097,17979.863273347644,3948.551030075317
4.249091422849828,95235.18164460284,14285.277246690426,3361.96043461673
5.583551477808257,173241.15240062407,25986.172860093608,4654.058078156039
2.8125763041404763,110519.37596282846,16577.90639442427,5894.206806058718
6.983768424227265,231952.34457394955,34792.85168609243,4981.959534252765
2.952490298880993,100933.66598108706,15140.049897163059,5127.891496510998
5.748420377064587,369618.93258721964,55442.83988808294,9644.88263754897
4.3347555228732135,149320.38983298975,22398.058474948462,5167.086899540373
1.898864310996586,45811.56625548104,6871.734938322156,3618.8657075321225
4.45875418583261,152581.87566537532,22887.281349806297,5133.111267386996
2.261937903899689,41799.33327669901,6269.899991504852,2771.9151709227935
2.7969100830716993,119011.2067996368,17851.681019945518,6382.643878325883
0.4178928971450027,11264.358831340038,1689.6538247010055,4043.270025033999
4.305674683224486,120004.62350503392,18000.693525755087,4180.690565380687
4.092219698867431,74031.70432294389,11104.755648441582,2713.6264584022583
2.4662003381314044,79053.88983909428,11858.083475864141,4808.240146803644
3.249426633324932,59566.61100218282,8934.991650327423,2749.713305939397
1.8774265082341692,62824.324051734286,9423.648607760142,5019.450064452132
2.046158966966535,58862.875048437265,8829.431257265589,4315.124777599938
1.5211620200327307,52653.6470922061,7898.047063830914,5192.114291455274
1.8337859956627753,43884.91354831177,6582.737032246766,3589.6975153131775
3.4257001593627137,105251.97802611475,15787.796703917213,4608.6335550319245
2.6115390337776474,118756.3434818212,17813.45152227318,6821.055052930087
3.0365887253120363,153626.8458571413,23044.026878571196,7588.787604486419
5.640429848943447,184431.46926367143,27664.720389550715,4904.718457713433
2.965899247366577,73381.77586013141,11007.266379019711,3711.274544741554
5.216311007943668,115720.63357790674,17358.095036686012,3327.657229458176
3.3496819904514656,94421.54486577267,14163.2317298659,4228.23174565207
4.52564358981563,97058.57273983058,14558.785910974586,3216.953704383004
5.272901491196995,124460.70766948641,18669.106150422962,3540.5755600764905
3.386730513851317,120492.39217488315,18073.85882623247,5336.668728826395
3.716821347867792,130494.44338147742,19574.166507221613,5266.372708080418
4.500707855686454,163189.58657186545,24478.437985779816,5438.797356031972
4.2829383657182944,120768.32377517197,18115.248566275794,4229.6309261124925
1.4084222125561408,80706.69090624645,12106.003635936968,8595.436459331198
3.8161012434156394,81526.68043273175,12229.002064909762,3204.580089694914
2.5758115466720937,72648.94581415826,10897.341872123738,4230.64408038815
3.660397347904162,109527.28154728272,16429.092232092407,4488.335738058392
4.454414632138951,121734.09158089271,18260.113737133906,4099.3295966176465
3.8546803145631103,91804.9064219412,13770.73596329118,3572.4716032260526
1.7460875785938907,97805.93048375455,14670.889572563183,8402.14989924934
4.378507648896735,153309.79269576547,22996.46890436482,5252.124867284246
5.622391432993566,170128.37534479916,25519.256301719874,4538.861551326122
2.5913745867838602,124124.8756428434,18618.73134642651,7184.886137798437
3.8234223054619334,114053.84032952407,17108.07604942861,4474.545232680403
2.497985866399371,107164.33885923399,16074.650828885098,6435.044747493031
5.4094223638489405,222254.72991393015,33338.20948708952,6162.988808174437
2.6635923137748443,90113.27175931993,13516.99076389799,5074.722093915981
2.9328377542436583,151505.19309247212,22725.778963870816,7748.733775329998
4.385571339637766,195623.09875201806,29343.464812802707,6690.910383235582
4.373809804504096,114264.69319645951,17139.703979468926,3918.712688836782
3.690199668916328,93687.63749007221,14053.145623510833,3808.234481696138
1.6945099201738645,47327.32099460894,7099.098149191341,4189.469807567099
4.708856254029162,187341.928722832,28101.2893084248,5967.752633005043
4.090485578261719,80044.12995158377,12006.619492737565,2935.2553047845886
1.6013641286257494,56818.82850625622,8522.824275938432,5322.227545619188
3.696542600635019,113001.2196891955,16950.182953379324,4585.415287914577
4.312378629486233,108405.62257834178,16260.843386751265,3770.736473733186
1.6878970791063552,31302.132488300616,4695.319873245092,2781.7572121938824
3.4072335400027027,76135.54581273749,11420.331871910623,3351.7901657840466
3.6755244978279102,162729.5733839679,24409.43600759518,6641.075585816444
3.2436724721129857,96308.2214255142,14446.23321382713,4453.665817996907
2.5582602328023336,137870.11247320788,20680.51687098118,8083.820639438083
4.939441178952349,169773.3089601447,25465.996344021703,5155.643203635237
6.644651771194727,294789.84602889785,44218.476904334675,6654.747069820345
1.4682557606760174,57664.188263711985,8649.628239556798,5891.090960592805
4.142862444280098,109772.30146021719,16465.845219032577,3974.5092772187936
2.9361122466475686,113032.35091860552,16954.852637790827,5774.592799423712
4.225396513987278,114556.94441267032,17183.54166190055,4066.7287922016512
0.2691193331514301,8824.008381367039,1323.6012572050558,4918.2689393046385
5.035915501113146,93210.47593489652,13981.571390234478,2776.371324567295
3.5488056581845555,100602.66303304803,15090.399454957203,4252.247349796247
0.793266325565249,15001.61915259533,2250.2428728892996,2836.6801922240543
2.5966515035458615,79070.58494093177,11860.587741139765,4567.647112037761
3.138553260567962,110398.16894123577,16559.725341185364,5276.228875653576
3.1312917197062187,122574.61430747835,18386.19214612175,5871.759577816264
2.501504000555308,115295.5032319005,17294.325484785073,6913.5709880719405
2.7866753560719517,123162.5473985054,18474.38210977581,6629.542285764127
2.398352828627687,55343.736974237465,8301.560546135619,3461.359165776158
3.437042325896068,98514.5326299239,14777.179894488583,4299.388396573219
2.6251273840037292,55938.26423971004,8390.739635956506,3196.3171338220236
5.99782974027986,134336.69374703994,20150.504062055992,3359.6325562112015
3.6626771388718917,97399.31578199792,14609.897367299689,3988.8575523748054
3.013208692843624,137022.75296915954,20553.41294537393,6821.105021430584
2.5405691318098254,84211.7381923597,12631.760728853955,4972.020076405269
2.001303708476188,84912.2081299553,12736.831219493293,6364.267035307319
3.160769463491032,72391.33429450425,10858.700144175638,3435.4609754367643
3.3632035096239146,107323.11051183767,16098.46657677565,4786.646579878195
4.473658063943193,182556.85471283522,27383.528206925283,6121.0597268555575
4.9264112800210595,163033.57427447132,24455.036141170698,4964.067096944889
4.3899103308329686,179627.8097476384,26944.17146214576,6137.749847166744
1.3120052178054864,36843.58739153045,5526.538108729567,4212.283635558615
2.2641356530056096,73826.77954753087,11074.016932129629,4891.057175584431
2.766892466143077,111082.02585301502,16662.30387795225,6022.027990548816
5.0400760686256465,98791.93374855125,14818.790062282687,2940.19174720979
4.9177980953356615,143596.04302617628,21539.40645392644,4379.888323263153
2.8013065676970186,93373.9006281818,14006.08509422727,4999.84016592008
1.7633710084018346,63863.75088297412,9579.562632446117,5432.528144561135
3.5314726602688125,168274.79333852034,25241.21900077805,7147.5051427572735
4.693141500631265,89288.29611753883,13393.244417630825,2853.790880975851
3.102236973268687,153670.58463863758,23050.587695795635,7430.311705526568
4.692081013255793,155102.92764738607,23265.43914710791,4958.447878751401
2.9736755587352732,142267.3171848752,21340.097577731278,7176.336878797693
4.447324017074924,152607.52738003142,22891.129107004712,5147.169178390689
6.671158089282172,123620.035116157,18543.00526742355,2779.578151088128
2.094546304654664,94050.19399979901,14107.529099969852,6735.362722045821
2.9808465967431537,92399.36733025694,13859.90509953854,4649.653932101622
4.182768324815454,142399.21978819702,21359.88296822955,5106.637831578196
4.518487359844364,123572.16446029619,18535.82466904443,4102.218993411743
3.5481405033268203,150875.9356153686,22631.390342305287,6378.380540760875
5.194804479963492,240256.71550002418,36038.50732500362,6937.413614700065
4.479060165758519,166552.22305098848,24982.83345764827,5577.695439020181
3.9459328812598757,70826.85697961845,10624.028546942767,2692.3997104458294
2.7745274111561464,73275.7348542298,10991.36022813447,3961.525189457172
2.996556352235739,56485.0492466993,8472.757387004895,2827.498098169703
5.875844852708687,148587.9619567636,22288.19429351454,3793.189720324215
3.887165042542015,92182.84853611696,13827.427280417543,3557.200975283284
4.891487516957275,155870.40256196802,23380.5603842952,4779.846683292562
4.8195892850698785,155381.32205304757,23307.198307957133,4835.930393520909
5.053462949015545,212455.4345170175,31868.315177552624,6306.2330720681
3.732840261747691,147064.61266792557,22059.691900188835,5909.6265453000215
4.03558456261934,140225.53836492164,21033.830754738246,5212.090201149449
3.704307459102865,37859.708595182354,5678.956289277353,1533.0682865759534
3.285398518575937,147273.6342844411,22091.045142666164,6724.007762760413
7.050614247223951,329736.20999830525,49460.431499745784,7015.052840143668
2.048900685264607,95832.44179550398,14374.866269325597,7015.8921673009945
4.332876786746923,172896.69492684866,25934.504239027297,5985.516209081643
1.6969285576949766,64126.85820424721,9619.028730637081,5668.493636351486
3.4793698270326154,115036.92722938483,17255.539084407723,4959.3863090788855
5.445341936059459,277038.8554873326,41555.82832309989,7631.445152767012
2.769655272099727,35141.960317702375,5271.294047655356,1903.2310991032073
4.414570099427383,168526.7115619914,25279.00673429871,5726.266921795548
2.0994149723771303,67907.20378581421,10186.080567872132,4851.866211251515
2.027708697303804,96475.94086103723,14471.391129155585,7136.819577880121
5.2611115806338935,176511.98035203974,26476.79705280596,5032.548093119109
3.3220979824284895,145701.61974770503,21855.242962155753,6578.7472488031
4.228478167824542,183541.5563961264,27531.23345941896,6510.908266929321
3.5634981818093134,99921.58840331933,14988.2382604979,4206.046276944596
3.3083124545094362,175742.02984354965,26361.30447653245,7968.202773773785
3.186029678689214,131088.4551333726,19663.26827000589,6171.715348896463
2.182124635386718,72913.48897224703,10937.023345837053,5012.09837810148
2.2752855964451304,79121.69713031201,11868.254569546802,5216.160374807265
3.1693360180268897,145886.37188511938,21882.955782767905,6904.586846676932
2.9317239166047067,99764.09151308396,14964.613726962592,5104.373451472005
2.3099553281788467,52740.93026114685,7911.139539172027,3424.801961607247
2.8122698045651493,85192.41100492404,12778.861650738605,4543.967164883937
3.2047279769328894,162249.30563266066,24337.3958448991,7594.215802425578
3.884316790175682,76621.82083320344,11493.273124980517,2958.8918066748856
4.1314988155666095,114781.81526683545,17217.272290025317,4167.3187040873145
3.2190045445536857,62360.56103341037,9354.084155011555,2905.8934293329794
5.533202353803323,203696.76495033555,30554.51474255033,5522.030966669467
4.734640656995312,270847.31860528723,40627.09779079309,8580.819693415924
3.9738467597656153,83333.69197513993,12500.053796270988,3145.5802279120253
0.22760623748424683,5850.430062284939,877.5645093427407,3855.625922393621
3.26433237265063,71456.25627777194,10718.43844166579,3283.500948453495
2.560737748717114,155374.51274104978,23306.176911157465,9101.352500010382
4.918000247492474,173552.8354108104,26032.92531162156,5293.396502957658
2.9528456982708056,148955.0162659436,22343.252439891538,7566.684724831984
3.67573975960853,75205.73730386862,11280.860595580292,3069.004155174934
2.1341571570373192,58969.53764995687,8845.43064749353,4144.69507005423
4.137155214224767,87106.86849915233,13066.03027487285,3158.216116704532
3.4302380081272332,231687.8685855796,34753.180287836934,10131.41951243515
5.392243715330123,230823.40996708442,34623.51149506266,6420.984162238102
3.22640185273468,132182.87295291934,19827.4309429379,6145.369314777786
2.701807338971222,106246.94686408651,15937.042029612976,5898.659685957248
3.716445616591673,107357.75961834335,16103.663942751502,4333.082090817748
4.037322458199933,191529.1588749658,28729.37383124487,7115.947296430232
3.9647085255007988,108127.9728315181,16219.195924727714,4090.8923872730343
1.4574425443613972,57262.53139164562,8589.379708746843,5893.460254730263
4.1652034327721115,82712.47734834417,12406.871602251626,2978.6952312181184
2.980964885844181,91829.05596441051,13774.358394661576,4620.771770936446
4.370718318973099,127154.41408203806,19073.16211230571,4363.850680907515
2.9584339447389145,164319.94537301228,24647.991805951842,8331.432192286808
6.510349593116744,284425.97022344795,42663.89553351719,6553.24186870469
4.739558433720069,107594.6250280783,16139.193754211745,3405.210417786563
3.5235419487852044,120425.8670134589,18063.880052018834,5126.625513355002
0.997810636388648,22901.681543571485,3435.252231535723,3442.7897501362067
4.375226807628482,167374.3793021405,25106.156895321074,5738.252666478208
2.2178266920819336,59187.17879383917,8878.076819075875,4003.0525607669483
6.438951212637808,214739.1247731473,32210.868715972094,5002.502372242148
4.204850991776472,157748.34538951964,23662.251808427947,5627.36987700748
4.427035603091305,112735.2872048505,16910.293080727573,3819.777972627886
1.9855375065142902,59851.62990811826,8977.744486217738,4521.568822932292
1.8124798221955118,68193.90062002925,10229.085093004387,5643.695983668158
6.261503092820175,242811.59943105775,36421.73991465866,5816.772646239218
2.289227893426749,89115.32251518645,13367.298377277966,5839.21697602087
3.475261756208068,65550.14685635651,9832.522028453477,2829.289624267598
2.647877988319019,87666.39819613111,13149.959729419666,4966.22570504761
2.625410595334153,107644.25478676485,16146.638218014727,6150.138285687705
3.349352308887371,190010.8862358053,28501.63293537079,8509.59538049875
1.4606917497773417,19413.75630997713,2912.063446496569,1993.6194251391266
5.580518548138264,189457.4199572352,28418.612993585277,5092.468154785743
1.5730013699493386,48895.34929459871,7334.302394189806,4662.616660293195
2.8831707034662317,52767.62691218398,7915.144036827596,2745.291504006953
3.117100290071811,83401.34026473727,12510.20103971059,4013.409860297559
5.177245628043953,127116.08328080193,19067.41249212029,3682.9259923146174
2.9204186634831824,98736.25555391016,14810.438333086524,5071.3408040688655
6.650001561695286,182967.43180578316,27445.114770867473,4127.083958739836
4.580982479697562,137915.95530270023,20687.393295405032,4515.929363862318
3.3888691095461403,156406.62769358378,23460.994154037566,6922.95671377512
2.7931416064698538,75260.24831887586,11289.037247831378,4041.698860409432
4.989169070075072,204774.74128599203,30716.2111928988,6156.578532712785
5.924998261469892,207486.80598866846,31123.020898300267,5252.832072659405
2.2335632698975236,109347.80068441335,16402.170102662003,7343.499207620181
5.19087268301989,171129.12343596108,25669.368515394162,4945.096919707249
3.627825861579806,79521.94530263987,11928.29179539598,3288.000099928054
2.356003387054102,59751.22686613822,8962.684029920732,3804.1897898659167
2.2107432616605194,128369.49122261592,19255.423683392386,8709.932092670668
2.463794290137148,91385.57641568835,13707.836462353253,5563.709810200997
5.210843285385779,284850.10137823864,42727.51520673579,8199.731380632475
3.455949482962239,121512.73538776753,18226.91030816513,5274.067343294058
4.177096852888408,166206.6161375121,24930.99242062681,5968.497571079148
2.881645540477063,81331.1703108985,12199.675546634773,4233.579520892458
4.84950142311024,173363.52153414735,26004.5282301221,5362.30963995553
3.0041306327900617,71264.1981428172,10689.62972142258,3558.310549063798
3.913203960623399,135294.41391310687,20294.16208696603,5186.07317460985
5.052135962757884,169048.3003338785,25357.245050081772,5019.113744563525
1.797737332715934,42540.837554421734,6381.12563316326,3549.53169021804
1.8629065243884932,61006.99974204119,9151.049961306178,4912.243229332212
3.1737738331318948,127520.10915285967,19128.01637292895,6026.899640184295
2.7711914624292255,56054.68163165502,8408.202244748252,3034.146993718588
2.951420500272739,118416.50258771509,17762.47538815726,6018.280142228409
3.3827614962544326,127993.37539466697,19199.006309200046,5675.542402400575
2.422615493321957,66448.27127552294,9967.240691328441,4114.247893982171
4.244540240683692,139237.7230345867,20885.658455188004,4920.593814849505
5.227158218943045,214350.30661073697,32152.545991610543,6151.0565865580265
4.059512987981701,152075.59736826128,22811.33960523919,5619.230600511142
1.6657409742842264,52994.47009287569,7949.170513931353,4772.152835675507
4.572308234752818,147721.56811200734,22158.235216801102,4846.181420662466
3.8859778976412627,143225.97484247296,21483.896226370944,5528.5688164648045
5.078096536234176,164721.92151809632,24708.28822771445,4865.6594161633775
2.879067674683588,111622.35357421667,16743.3530361325,5815.546881152284
4.730276769974507,207831.14367420558,31174.671551130836,6590.454019310766
2.6344488497750795,77167.01986069778,11575.052979104667,4393.728494706931
3.7649888798143962,180185.621433755,27027.84321506325,7178.731220155862
7.037914977340198,308801.36610459595,46320.20491568939,6581.523798571796
3.9740767460381683,88743.01971175999,13311.452956763998,3349.571185316045
4.076745158363489,211062.75433630787,31659.41315044618,7765.855338172544
2.750375053303556,102736.62624267969,15410.493936401952,5603.051815748531
3.180329437735491,80235.32526291556,12035.298789437335,3784.293113359634
1.9812814814270756,53922.82605291489,8088.423907937233,4082.420384866925
2.8984657952353894,112597.98566980341,16889.69785047051,5827.116496677122
2.6439107715156664,47602.88050870279,7140.4320763054175,2700.7084177095903
2.826921516690617,137501.95637956297,20625.293456934443,7296.026202057349
3.262238497301988,146113.56219234952,21917.034328852427,6718.403435855092
4.071011104374824,183377.0464375481,27506.556965632215,6756.689250017739
5.6961121071173,192845.34613523408,28926.80192028511,5078.341397835381
3.3688219992006103,49260.235708720225,7389.035356308033,2193.358793685562
2.1459768206943126,102068.99833607223,15310.349750410833,7134.443206827043
1.1435044998239765,36532.06431390552,5479.809647085827,4792.119006028706
4.9140579488978995,189417.09955748552,28412.564933622827,5781.894562312815
5.975388487108053,193325.928700797,28998.88930511955,4853.055055363325
1.2292475695469938,22365.282820705113,3354.792423105767,2729.143019043825
1.679700568239453,73586.40355201298,11037.960532801948,6571.385841924898
1.405376159134619,32806.77695636829,4921.016543455243,3501.5654075741763
3.4497574506413553,119129.07838245328,17869.36175736799,5179.889314840335
4.2931789629601145,100985.27219784296,15147.790829676444,3528.339014135147
2.764150872973049,96821.5721391261,14523.235820868915,5254.140055404465
4.648381975119999,211542.31742922118,31731.347614383176,6826.321026159651
2.6108846951027798,65438.90182387695,9815.835273581542,3759.582065034524
2.513412812370747,79592.37963345891,11938.856945018837,4750.058122667741
2.5991798885898527,98848.4270796507,14827.264061947604,5704.593255371763
2.706884180831829,109961.7194984549,16494.257924768233,6093.447972975159
4.232082915798819,141443.12617785516,21216.468926678273,5013.245096752457
5.964971801364487,150839.4581433072,22625.918721496077,3793.130877218967
3.0351609851387664,115572.79246980551,17335.918870470825,5711.696662995368
3.813713101536764,105242.42851717806,15786.36427757671,4139.368604108022
3.612279767994207,80727.27040099596,12109.090560149392,3352.2017501078594
3.3485621795344223,90533.03801180594,13579.95570177089,4055.458723379305
3.1614379328215607,66342.1403107363,9951.321046610445,3147.7198850868986
2.2977874017880975,64745.12169502186,9711.768254253278,4226.573897435312
3.6615438689998747,141860.26579745635,21279.039869618453,5811.493902824842
4.5786598993556975,101652.14964467775,15247.82244670166,3330.193284032149
3.623642374034972,98565.824868586,14784.8737302879,4080.1139307311814
3.1247161836238293,59814.66780661684,8972.200170992526,2871.364835633549
2.5720836278089005,45393.78880835301,6809.068321252952,2647.296630496203
6.131878113790202,160514.33120172922,24077.149680259383,3926.5538605719207
3.0391147823399067,124263.55497192747,18639.53324578912,6133.211339730307
3.1257345347264125,113719.00474950888,17057.85071242633,5457.229500111519
3.224393937555979,115541.15814393677,17331.173721590516,5375.017462887047
2.391355762110942,119527.82206846891,17929.173310270337,7497.493093392162
1.9900504641736867,60231.41813812929,9034.712720719393,4539.941515739807
4.282126170242967,117861.33428445003,17679.200142667505,4128.603277858202
4.705779645124083,130138.20177955342,19520.730266933013,4148.245718891559
2.8692594288183155,57695.94954473613,8654.39243171042,3016.2460545697922
4.492254720630372,99413.98274169755,14912.097411254632,3319.512881309211
4.3567476877209055,92654.64743643894,13898.19711546584,3190.039477070622
3.1390672337509193,175761.62667906046,26364.244001859068,8398.750978760028
1.5958483873258538,56213.54495291881,8432.031742937821,5283.729839190606
2.6799492920589967,58826.333491505,8823.950023725749,3292.5809640772477
3.7412955470323466,240386.70840205933,36058.006260308895,9637.839568411178
2.6410642465824448,126576.10594600801,18986.4158919012,7188.926174919733
2.5450490091672355,78842.05111240508,11826.307666860763,4646.789756999785
4.049960180326643,162762.07715058027,24414.31157258704,6028.284349852038
3.602090709089276,134752.57567170906,20212.88635075636,5611.431799802405
2.8955027503082977,65748.07015176491,9862.210522764737,3406.044260090812
2.575653185478688,70864.42842836634,10629.66426425495,4126.978090134218
2.2463120045747424,89134.87375231288,13370.231062846931,5952.081026864342
2.838965906579179,72060.39741338215,10809.059612007322,3807.3932437715443
2.2537280401720734,57914.45346243117,8687.168019364675,3854.5768897215326
2.59106488625058,109183.49639206353,16377.52445880953,6320.769713532242
3.3352507707029924,119376.6336035488,17906.49504053232,5368.860176219389
2.328381293582004,41236.15964352228,6185.423946528342,2656.53394638497
1.9966442471935142,83286.14533332612,12492.921799998918,6256.959304372316
3.547865128429526,139604.7538395567,20940.713075933505,5902.341920534894
3.9065058375771886,144495.12853361358,21674.269280042037,5548.249556305386
4.4515585824919786,153667.95997779258,23050.193996668884,5178.005314211861
4.002870262216191,208891.10546927786,31333.665820391678,7827.799495815731
2.8390293754296594,142255.7545254747,21338.363178821204,7516.076925266704
2.771576767675125,119588.21042853442,17938.231564280162,6472.211693175379
3.4626179562971076,88435.85920081913,13265.37888012287,3831.0258444765723
5.019496304491327,126735.63835974455,19010.345753961683,3787.301474243874
4.175787384330055,117450.47485139768,17617.57122770965,4218.981860479982
4.717074001555153,217284.54153766145,32592.681230649217,6909.512384139802
6.308312965045386,175895.51788915624,26384.327683373434,4182.469676056031
1.083031775961276,27204.861039389947,4080.729155908492,3767.875741491078
3.61788858980375,106447.37064905948,15967.105597358921,4413.37680832926
5.16260126477647,230342.39057563548,34551.35858634532,6692.625832268555
3.6133675154039175,132007.21018091458,19801.081527137187,5479.952272423011
3.133046369202052,82802.10794884831,12420.316192327246,3964.2937667374986
2.459460089717643,105408.53136814304,15811.279705221456,6428.7604305206105
3.3265247017481627,76528.2763454377,11479.241451815655,3450.821046295871
2.5558953160005276,72430.01519004205,10864.502278506307,4250.76184086722
1.7260873278737332,40447.51158377114,6067.126737565671,3514.959318448512
0.7038077370172043,20082.063385076504,3012.3095077614757,4280.017608967889
3.3170559274602356,81972.290027222,12295.8435040833,3706.854443511851
3.0832135279728,75281.93234478075,11292.289851717112,3662.506585828892
3.3785707066093855,125164.5530351329,18774.682955269935,5556.989800018584
2.9157548494450545,131390.43166202668,19708.564749304,6759.335323768753
4.9868894545985265,144623.50201321137,21693.525301981706,4350.111527332454
3.4729362841506104,110384.74142576974,16557.71121386546,4767.640365137031
3.125770454007631,65940.76471420628,9891.11470713094,3164.376544173065
2.9069661627919188,74598.17661023479,11189.726491535219,3849.2799244654234
3.487945363070092,71719.86793832798,10757.980190749196,3084.331625332575
4.025381403322887,92309.46868793255,13846.420303189881,3439.778474596192
4.42032447827307,162895.264123669,24434.289618550352,5527.714026119713
2.5975777780057494,76427.43976137627,11464.11596420644,4413.386987398637
1.8413829838919946,46437.011153901716,6965.551673085257,3782.782687804949
4.312318064260505,117800.180048068,17670.0270072102,4097.57043518086
2.3611803887041645,98515.38052666663,14777.307078999995,6258.440545116464
6.782822474191851,229111.43982869803,34366.7159743047,5066.727915269428
4.483422517568944,153402.35129718445,23010.352694577665,5132.318581264257
2.0209904615724494,58815.6684609155,8822.350269137325,4365.359677290618
2.7565453477814454,92146.1725532372,13821.925882985579,5014.220387888739
2.4953901475036835,46155.885619665234,6923.382842949785,2774.4690944923937
3.4590727444517886,105543.81903082012,15831.572854623017,4576.825647860749
1.8807975290780314,52092.8255867059,7813.923838005884,4154.580021080885
3.0291922753404505,104125.12602084095,15618.768903126142,5156.083696064077
4.620632054856893,156290.99224641474,23443.64883696221,5073.68874185077
1.6765288942184684,46865.54731480583,7029.832097220874,4193.087349382013
3.0420776496548356,149986.59669392082,22497.98950408812,7395.600012590348
1.6019787655120041,67825.78728687052,10173.868093030576,6350.813326654135
3.9467631860535226,159742.95149546783,23961.442724320175,6071.163025182639
5.632326822612739,146860.14965839556,22029.022448759333,3911.176169734492
2.270157190474364,116597.71473902473,17489.657210853708,7704.161317216598
3.6919558911539245,199699.26204146937,29954.889306220404,8113.555575783971
5.009440074919604,344194.1841270057,51629.12761905085,10306.36694858146
4.815532985169266,138349.76404251152,20752.46460637673,4309.484468342247
3.005414483935409,102469.28212414512,15370.392318621767,5114.233793967468
3.8826002164349287,82294.41529880824,12344.162294821235,3179.354454926565
1.4446699772897653,59312.89540520278,8896.934310780416,6158.4544917803805
3.5891824187828445,147665.28277187003,22149.792415780503,6171.264046058682
3.4767454990585454,221098.35942369959,33164.75391355494,9539.022606784274
3.201071769398184,128256.90160294063,19238.535240441095,6010.029335911461
4.794627597474101,148109.5243438961,22216.428651584414,4633.60880483991
3.3044788233908187,112218.79687635518,16832.819531453275,5093.9408091532705
2.802088615953964,125931.3085469213,18889.696282038192,6741.29154034882
3.0653485451821947,58055.23425825385,8708.285138738076,2840.879270458454
4.288922913188169,98483.99851967691,14772.599777951536,3444.3612247090564
4.186656714301821,223592.28938557015,33538.84340783552,8010.8892838682505
8.022995752948495,269597.6915305521,40439.65372958282,5040.468046455218
2.334209283425626,65670.92433583357,9850.638650375035,4220.118016118284
2.53259024531847,92308.21996014412,13846.232994021619,5467.221955709804
2.5984333257814245,52646.07603065549,7896.911404598322,3039.104881486036
3.435998008681845,130733.17253556784,19609.975880335176,5707.21398289115
2.9095780341253406,91237.84862036047,13685.67729305407,4703.663944578882
3.893824858959414,114090.76190900407,17113.61428635061,4395.065239509528
4.622446693671984,126068.19616914712,18910.22942537207,4090.9567332079155
3.8631422993158555,117642.7637708602,17646.414565629027,4567.891420607034
3.0990615837948177,116567.26961723881,17485.09044258582,5642.059691235704
4.4413336398536485,233423.75819174075,35013.56372876111,7883.569794120417
2.7162293639747337,90416.7584881859,13562.513773227884,4993.140105584265
2.1189290083042303,78294.517119158,11744.1775678737,5542.5063897126565
3.3838380467585103,152894.19525429074,22934.12928814361,6777.54933044534
2.805392660322465,115760.54098391687,17364.08114758753,6189.53681357091
4.417475961662631,149753.43304833805,22463.014957250707,5085.033886363509
2.5660146198495752,81588.26038371648,12238.239057557472,4769.356714840113
2.410526433843997,81804.96631188956,12270.744946783432,5090.483462243403
4.612241472090064,139291.56231346916,20893.734347020374,4530.060811745023
4.402152164659149,157460.09250396732,23619.013875595097,5365.333362442704
2.4086636205503806,107104.30064731646,16065.645097097467,6669.941356704038
3.5140871905513293,134246.89912791006,20137.034869186507,5730.374284204139
1.9532736619297433,70108.05198767518,10516.207798151276,5383.888598467945
3.263194693685872,74785.82511834698,11217.873767752048,3437.696742231809
3.668501269852539,209555.0453535756,31433.25680303634,8568.41922377196
5.017288930885783,149846.83587712992,22477.02538156949,4479.914489915823
1.4345756444764288,51798.10728142656,7769.716092213983,5416.037921827165
1.8730956809793815,40910.37882925945,6136.5568243889165,3276.157692692083
1.5245489151470353,57013.11422653098,8551.967133979648,5609.506555684933
4.6007220890060445,103885.73151608104,15582.859727412155,3387.046517034618
4.453924828316863,104850.14311927969,15727.521467891953,3531.1600608749786
2.766207138134058,74392.62090604019,11158.893135906028,4034.004895032281
4.279287548390416,114784.44954848825,17217.667432273236,4023.4892461829027
1.3430896611087897,34999.71078885163,5249.956618327745,3908.865335165811
3.6202789199320544,175434.41679981316,26315.162519971975,7268.821851015241
5.19619434480026,256073.47727100598,38411.0215906509,7392.14491257205
5.15393291588615,105777.04404380021,15866.556606570031,3078.533784881829
5.401029434582094,318687.5748887825,47803.136233317375,8850.745364807692
1.799538868775932,66028.40835556114,9904.26125333417,5503.777342731791
2.7295796147688756,85703.85234498417,12855.577851747626,4709.728114245226
2.4102574675176975,73760.4152656968,11064.06228985452,4590.406808800099
4.483180769008431,179488.97407446607,26923.34611116991,6005.41167050123
2.8829845474290137,65509.912730000426,9826.486909500063,3408.4424483867324
4.044507301327121,164079.25383358783,24611.888075038176,6085.2623673005355
1.9788018248803623,90596.19333385173,13589.429000077758,6867.503773855358
2.2124921783965794,45080.25995300798,6762.0389929511975,3056.2996149671053
2.9157306100989557,104461.2202856853,15669.183042852794,5374.016031721464
2.953935524269479,85908.50009473335,12886.275014210001,4362.409033080312
3.031040912065319,76632.33513836341,11494.850270754512,3792.377141792535
3.296039595113191,87140.8177758379,13071.122666375684,3965.705595817274
4.667831335296073,143157.33580885766,21473.600371328648,4600.337679074819
2.957271166555563,70602.65780420607,10590.39867063091,3581.1388520606706
2.8455173712983743,71215.66272202102,10682.349408303153,3754.097415131551
0.454442996781991,13670.102643273849,2050.5153964910774,4512.150943047246
3.397152720877718,85969.316268662,12895.3974402993,3795.942808531591
4.83153343593401,196649.96222620833,29497.49433393125,6105.2033945469175
3.929004106924591,154863.21306526035,23229.481959789053,5912.307884547318
3.249122595667363,150121.10447230047,22518.165670845072,6930.537401350314
2.284302721188596,43542.04018336418,6531.306027504627,2859.2121205836415
2.3151036258710547,101183.83080635231,15177.574620952846,6555.894281078802
2.0073178798062807,61867.87262241367,9280.18089336205,4623.174528917985
3.8210732462979125,90371.60344680853,13555.740517021279,3547.626450279356
4.336489750351423,194318.31594050882,29147.747391076322,6721.507271800707
3.085212864482223,90831.60619066311,13624.740928599465,4416.142913654693
3.592604972087207,89002.11805998825,13350.317708998236,3716.0550109805313
3.7852954568677704,145730.6008076855,21859.59012115282,5774.870249954291
5.834420264862142,273070.3397873266,40960.550968098985,7020.500599654149
4.91431387882668,173486.24165424306,26022.93624813646,5295.334585822097
6.496598377569899,336056.3937568489,50408.45906352733,7759.208147692668
2.6372323160610875,44656.66531593735,6698.499797390603,2539.973348800509
2.6227543749966067,43479.50662841819,6521.925994262728,2486.670523339101
3.3317967624521927,155170.32038205775,23275.54805730866,6985.884709299593
0.5256215643924858,21378.473089028248,3206.770963354237,6100.912102152103
2.502089808608375,60758.115722381175,9113.717358357177,3642.442140566525
3.0742980939575952,143342.72072226735,21501.4081083401,6993.924288148967
2.812067316310898,80853.06542685734,12127.959814028602,4312.826988060535
1.8545337089088378,35118.90700321981,5267.836050482971,2840.51782136785
2.6851658629042037,72432.16352056782,10864.824528085172,4046.239630178401
1.7432762547180674,68715.38152071278,10307.307228106916,5912.606909094779
2.405378469654788,72704.21905790287,10905.63285868543,4533.853194524756
1.3424910385561184,37058.39417992937,5558.759126989405,4140.630341166362
3.2991436481937235,93315.15936881867,13997.2739053228,4242.69913587615
3.865063618621076,128006.77809861691,19201.016714792535,4967.8397587781
4.5884001607542,71556.94306818757,10733.541460228134,2339.27754428111
3.679914230184979,116866.62026829034,17529.99304024355,4763.696092819632
5.564951728212425,246794.4207539346,37019.16311309019,6652.198423467995
3.510183726833815,147193.59313727386,22079.03897059108,6289.995250620789
2.281576766064369,103872.61708073145,15580.892562109717,6829.00211549145
3.4494290950786644,169248.47503840577,25387.271255760865,7359.847254718511
3.9299031293678293,155253.17073652722,23287.975610479083,5925.839605676292
2.3378858311957833,60514.44002191558,9077.166003287337,3882.6386995315943
2.887389529651113,76128.36793601926,11419.25519040289,3954.8717182550336
2.5126035592847007,108578.69235270047,16286.80385290507,6482.04281679107
3.3201626405617266,146046.41516976408,21906.96227546461,6598.159381661571
2.510853256851888,85812.09787347469,12871.814681021204,5126.470312789169
1.865643074906187,38871.82605142982,5830.773907714473,3125.342669313996
5.432503717658624,163612.56980507428,24541.885470761143,4517.601228874731
3.894957191804029,146867.48080705528,22030.12212105829,5656.06270780465
0.28408901369544126,16178.65386962951,2426.7980804444264,8542.386236188931
3.5835454336568993,120443.5246328866,18066.52869493299,5041.523549625167
2.328736466885362,92224.62957592665,13833.694436388998,5940.429341449393
4.444253417313493,93508.79218611619,14026.318827917428,3156.0573871136717
3.7715082324004445,85850.37746597656,12877.556619896484,3414.4315288158155
3.0368647552002574,94031.85736225183,14104.778604337775,4644.519839148278
3.7029280826729187,117229.32043895448,17584.398065843172,4748.781956669832
4.225798185750658,157924.01678159306,23688.60251723896,5605.710797339223
1.8099445790013569,67616.79018546874,10142.51852782031,5603.772980395057
2.2604814439337626,124829.0417002962,18724.35625504443,8283.348799563557
2.2837038009901125,72465.64950583587,10869.84742587538,4759.744858839705
3.110355552046205,79940.7851904804,11991.11777857206,3855.2241304642744
3.678250188495103,56095.438059615764,8414.315708942364,2287.5865636494254
2.623690673145768,86538.83872890071,12980.825809335105,4947.544290261656
1.3445790192938143,35977.22489224052,5396.583733836078,4013.5861532856693
5.230792638974022,135127.76034941312,20269.16405241197,3874.969904444081
3.390735997522366,115083.12627637356,17262.468941456034,5091.0684152555195
2.6721290818927335,102101.97347301268,15315.2960209519,5731.495579586188
3.640316823619711,128533.456480965,19280.01847214475,5296.247388976948
2.5031871661399445,50697.71877947251,7604.657816920876,3037.9900951025115
3.013413070856818,33703.34801207222,5055.502201810833,1677.6665139948364
1.9459080218726064,78406.73648838793,11761.01047325819,6043.970393801148
5.147873938092003,225367.73704690457,33805.160557035684,6566.819810192392
3.0192831595281375,136940.06212772048,20541.00931915807,6803.273569865597
1.0616120940094098,26777.761686827664,4016.6642530241493,3783.551709414255
3.641359841503263,122190.64317964837,18328.596476947256,5033.448292597377
1.9461795932892856,132017.70656516738,19802.655984775105,10175.143164103449
1.9679060271482822,62423.31792351158,9363.497688526737,4758.102043162854
3.2863957661374914,112980.63709349695,16947.09556402454,5156.74214853998
5.8497408156114945,163154.66281512662,24473.199422268994,4183.638248887224
2.95220733886483,167012.08829175498,25051.813243763245,8485.790585899722
3.8401238192633715,127144.15168365093,19071.62275254764,4966.408285294831
2.491246443995337,113137.16747062124,16970.575120593185,6812.082024842401
3.386615100493388,117899.67335700204,17684.951003550304,5222.013863038001
3.508825509669317,136209.42874660323,20431.414311990484,5822.864162292301
5.29852473106557,120181.53881950794,18027.23082292619,3402.311348521495
4.0840140925396256,158722.33762278175,23808.350643417263,5829.644585925546
2.4208161462325224,70635.83668490408,10595.375502735611,4376.778269272958
4.8253769646341125,190857.38884229265,28628.608326343896,5932.926802645082
3.440887338444744,47341.68294677608,7101.252442016413,2063.785222687973
3.9183645851080495,126415.34179229845,18962.301268844767,4839.34071395806
3.3531947094590566,140633.02969748463,21094.954454622693,6291.00194960816
3.6029154292727292,153266.0026176588,22989.900392648822,6380.915912114395
3.890760459644062,98431.44943576722,14764.717415365083,3794.8153242813105
3.7525204771411604,128689.09411070753,19303.364116606128,5144.106270490575
3.749751425325599,86539.96413809227,12980.99462071384,3461.8280382643425
4.2434948990520915,257820.99436493387,38673.14915474008,9113.51376040981
5.6820213350755475,208944.76154347815,31341.71423152172,5515.944482300154
3.100699640913219,82640.0032931599,12396.000493973985,3997.8075691082126
5.036608939895387,77816.23612588615,11672.435418882922,2317.51870319425
2.5463066264407885,111843.97331956106,16776.595997934157,6588.600062430179
4.627765090823934,132776.18279589378,19916.427419384065,4303.6815889542295
2.6025489208942414,100607.20543734725,15091.080815602087,5798.577192707202
3.7444097354754686,128801.24991962923,19320.187487944386,5159.74181588626
4.097702848060734,119041.52658379682,17856.22898756952,4357.619292970477
4.434934884413763,158621.30602667428,23793.195904001142,5364.948195208119
5.295103675597321,127119.13491165629,19067.870236748444,3601.038129739257
3.241970453156663,129606.97461707571,19441.046192561356,5996.675933191146
3.0272313987014106,62626.71694445312,9394.007541667967,3103.167979064206
3.282419124721853,106570.66853530271,15985.600280295406,4870.06676261978
2.974162380024467,83686.04684251951,12552.907026377927,4220.652883880086
3.6693265164623057,97325.00886089382,14598.751329134073,3978.5915109045986
1.1785640084323155,18918.688056098817,2837.8032084148226,2407.84818483433
2.262621262361889,70660.48178091533,10599.072267137299,4684.421756062354
3.320979583311482,112474.75458360514,16871.213187540772,5080.1917820638355
2.8257865141873033,56837.91860787711,8525.687791181566,3017.102583078027
2.4145667983349846,35402.05934889761,5310.308902334641,2199.2801797806865
3.020623777412072,109908.64121508718,16486.296182263075,5457.911145885158
1.681425315746999,61666.68207880368,9250.002311820552,5501.286453339199
1.4466119761627112,70543.7577711075,10581.563665666125,7314.721459540811
3.3161332601991456,96574.30382100375,14486.145573150561,4368.384632492307
4.325440115397021,151501.989720256,22725.2984580384,5253.869629854418
7.232039464005244,396538.81216590194,59480.821824885286,8224.62627878743
3.96579380170391,83310.863661862,12496.629549279298,3151.1042111947677
5.097085063567481,324744.80027583276,48711.720041374916,9556.779891619326
3.36672434660715,80072.02690065467,12010.804035098201,3567.5044341548805
2.51259905244712,72077.03126265279,10811.554689397917,4302.936705666634
4.856077624585568,170012.46807962324,25501.870211943486,5251.536771741759
3.930783001484461,179957.8785830472,26993.681787457077,6867.253108925857
3.1557621506519844,101279.60956644492,15191.941434966739,4814.032461802632
2.999649134764412,127990.60091360644,19198.590137040967,6400.278590765515
3.5949004200482464,38604.08752092604,5790.613128138906,1610.7854047487613
3.764888572735198,120084.94618050288,18012.741927075433,4784.40240104879
2.614023186872093,69653.48018831726,10448.02202824759,3996.9125295899003
5.169846142670046,220116.4979585336,33017.47469378004,6386.548802925817
1.7150167456836118,83373.27359235252,12505.991038852877,7292.051853329248
1.897926900878351,66209.1291212878,9931.369368193169,5232.745983840042
4.093106800877859,164075.18934951397,24611.278402427095,6012.860059539285
3.50543767990953,127227.6290611474,19084.144359172107,5444.154511303319
3.1459681165302826,119148.17748230016,17872.226622345024,5680.994199666737
3.475505064131592,122501.37756950855,18375.206635426282,5287.060814574761
4.0572320176184995,203644.7094697292,30546.706420459377,7528.952322127632
3.054364601404237,108812.38951034711,16321.858426552066,5343.781950278015
2.2803718148026215,60555.25244120318,9083.287866180477,3983.248612010531
4.792679780857446,199908.55070824784,29986.282606237175,6256.683938285651
3.021142327002353,75228.85535425863,11284.328303138795,3735.119726827092
3.159313488289405,108180.20960156427,16227.031440234641,5136.252385330931
4.5880635523223425,140726.84650470538,21109.026975705805,4600.857580758889
4.134353207332979,85336.13028382731,12800.419542574096,3096.1117496856273
4.791628118794576,130789.77241387483,19618.465862081222,4094.3214656267223
3.488663742576264,81626.31551136111,12243.947326704167,3509.6381394620776
3.4131746769396187,101113.400639219,15167.01009588285,4443.666536715948
1.928302635155356,57367.075224815846,8605.061283722376,4462.505587474395
3.3496711194750666,114598.22939264725,17189.734408897086,5131.7678051900575
0.7015656895134751,16015.330415621223,2402.2995623431834,3424.197617202661
5.017030377289828,124993.97147735492,18749.095721603237,3737.090332654393
1.8911595999856838,102934.30429562206,15440.145644343309,8164.380015552464
2.449435953544378,74519.19786953584,11177.879680430377,4563.450481020246
1.835399509135628,37138.769919514336,5570.815487927151,3035.2059375621698
3.1519973848925926,160272.9077347359,24040.936160210385,7627.2068864770345
3.882700088045656,88516.10822878087,13277.41623431713,3419.634773027312
4.085883142320616,113611.63581687724,17041.745372531586,4170.884183156684
3.0629746260420627,70407.7413615902,10561.16120423853,3448.0080619817372
4.5074928871616855,115401.96539446898,17310.294809170347,3840.3376871594874
3.1357380792533767,83852.1458311361,12577.821874670415,4011.1200479043873
4.6234272789527955,130255.09765273055,19538.264647909582,4225.9266706439885
2.471597520592259,108003.28572745103,16200.492859117654,6554.664634570273
4.704677214634703,156264.55243779696,23439.682865669543,4982.208512149654
1.4796540062019503,61494.60249383137,9224.190374074706,6234.018449861679
3.296664294347189,138695.80502288058,20804.370753432086,6310.733789031983
3.0454624767810703,98230.4421801869,14734.566327028035,4838.203208664016
1.423443570163226,18568.418844364154,2785.262826654623,1956.7075822578886
4.551707686139909,214888.0140489521,32233.202107342815,7081.562422273714
3.6989036523936614,136926.46939488655,20538.97040923298,5552.718410478644
4.258230494450149,116728.5275806447,17509.279137096706,4111.867396543461
4.127655525439137,133144.4783265997,19971.671748989953,4838.502541188968
4.939225900368226,196186.04960819377,29427.907441229065,5957.999904202636
3.8981448347412138,139508.32561430312,20926.248842145465,5368.258422736285
3.5854993580461207,93655.96480030098,14048.394720045146,3918.1138572844893
3.7819741470280746,125881.69173776181,18882.25376066427,4992.6977357849455
6.363251448857622,150329.41263638003,22549.411895457004,3543.6933581345806
2.675188737768312,97877.87021090963,14681.680531636444,5488.091484671901
3.521455528738129,115995.95180694597,17399.392771041894,4940.96620816244
3.2854754933596757,91382.96479722629,13707.444719583944,4172.134215363429
3.183763231712718,69714.73224652972,10457.209836979457,3284.5438168321202
4.255931810552021,137240.95592339113,20586.14338850867,4837.047280096933
4.453739396034673,106611.19102807516,15991.678654211273,3590.6184067368754
2.4024899217156825,116709.34241062841,17506.40136159426,7286.774110208325
5.245358186038037,132907.55070482663,19936.132605723993,3800.719016441907
3.607646096242354,130706.23689984866,19605.9355349773,5434.550677074011
1.9695919978292495,71647.9783871383,10747.196758070744,5456.559922012058
1.5886443787576219,82708.57901822454,12406.286852733681,7809.35432663404
1.3036862505940237,34408.27377490837,5161.241066236255,3958.9594995609873
3.673959694690993,95108.45226518816,14266.267839778224,3883.0768504057096
0.9000973936888522,39007.83689194826,5851.175533792239,6500.602684574473
5.285076341095852,114798.0470641351,17219.707059620265,3258.1756531542906
1.9969493032829757,50854.14966031589,7628.122449047383,3819.887884237614
3.3735182563039694,122651.88274636932,18397.782411955395,5453.589106143456
2.870953603104418,79644.43000661481,11946.664500992221,4161.2182405435115
4.2858376508597384,118754.09251897085,17813.113877845626,4156.2735989946605
2.3963223752500284,77500.85809933631,11625.128714900447,4851.237394003593
4.434629734711986,135663.64263548245,20349.546395322366,4588.7813893540315
1.8221206388995999,38476.32091379542,5771.448137069313,3167.43469881048
5.637413183616451,198944.7783014373,29841.71674521559,5293.512427285285
5.7904507993106815,175221.49790710973,26283.22468606646,4539.06364064009
3.792457713025752,165289.01942195138,24793.352913292707,6537.542351002702
6.489519366415382,153908.149790692,23086.2224686038,3557.4626047161246
2.4736013671366366,67410.50929158738,10111.576393738107,4087.795441932081
4.273507493633928,140106.33001724893,21015.949502587337,4917.728478046183
0.8887450192398338,20894.2261675055,3134.133925125825,3526.4714370006027
4.627695520318885,145793.90296624898,21869.085444937347,4725.696699127343
4.290658174882116,181621.81712840512,27243.272569260767,6349.439050806992
2.3525316534586613,83808.71629350577,12571.307444025866,5343.735726379577
2.640783093325888,111512.28023132909,16726.842034699363,6334.046168719233
3.734917689711057,151489.89981247476,22723.484971871214,6084.065797345366
1.215340300065287,25348.093117847173,3802.2139676770757,3128.51796938917
2.1712583086540014,60455.393141308625,9068.308971196293,4176.522404106717
5.539392217318772,139004.92529945812,20850.738794918718,3764.0842130169804
2.6978064858318147,56069.31434304723,8410.397151457084,3117.4946000116483
2.349004171831911,60013.701703481034,9002.055255522155,3832.2857675053633
1.7684945719996912,70450.57189369085,10567.585784053628,5975.469730791729
2.1710473261757155,46372.37251218032,6955.855876827048,3203.917202984119
4.727540812579956,214643.67008889996,32196.550513334994,6810.4225409667915
3.231686526638838,112722.93269960383,16908.439904940573,5232.079214850841
3.7951544486089763,127880.39865126366,19182.059797689548,5054.355509752779
1.631275029528103,62498.21432944356,9374.732149416534,5746.874058464848
4.629314910590187,110760.60134913787,16614.09020237068,3588.887453813887
3.1126959616663914,98118.78068214684,14717.817102322026,4728.3182435983235
4.323437465713475,189284.7667004296,28392.71500506444,6567.162178296694
3.7302545708343255,144834.9809133205,21725.247136998074,5824.065549536719
4.874489033580843,228768.74069852257,34315.31110477838,7039.776039781148
1.8459270273166868,63237.32899746689,9485.599349620034,5138.664318387861
1.881287697156104,64516.664173436504,9677.499626015475,5144.082768757118
3.796741135144395,130752.18516244927,19612.82777436739,5165.700551144235
0.7024523719932657,18932.438745531832,2839.865811829775,4042.7877035583565
3.2727253505755076,93889.36982608648,14083.405473912972,4303.265311107273
1.3199497558972795,52560.95598318026,7884.143397477039,5973.0632641524535
1.1472416685571536,57475.35570807995,8621.303356211993,7514.810168161613
3.8435509854994896,106760.85179218218,16014.127768827326,4166.492867986817
2.9184319300161015,101844.73428326505,15276.710142489756,5234.561061838942
4.025272524090391,86095.87891265881,12914.381836898821,3208.3248425066927
2.8865408481976473,47082.747133953795,7062.412070093069,2446.6697135094523
3.1011113151657663,75311.61895024503,11296.742842536754,3642.8046898190432
3.612751181758444,95255.3309273953,14288.299639109295,3954.963660728695
4.75125956507431,95048.71119012774,14257.30667851916,3000.742536425954
3.5962800887354947,231300.47666991528,34695.07150048729,9647.48869509955
2.9461350256805754,147558.694788925,22133.804218338748,7512.827492767648
4.575363430184225,165610.70432926726,24841.605649390087,5429.42785386337
2.6011024177948125,93025.57658689818,13953.836488034727,5364.585566709305
3.131237685671511,88204.90692741952,13230.736039112928,4225.4013803093085
5.589711207398024,211658.14882462766,31748.722323694146,5679.850200789349
5.037523597537341,157587.68546367117,23638.152819550673,4692.415303246717
2.8638502429370556,88340.00197617423,13251.000296426135,4626.987856333023
2.5620554119752326,95651.93702249533,14347.7905533743,5600.1093833926025
2.9923783676501037,96825.56829962305,14523.835244943457,4853.609223337935
2.052835527385403,95370.23289859919,14305.53493478988,6968.670769747514
1.8608114526733004,81353.21213686989,12202.981820530482,6557.881940698126
3.8397901165430794,139740.27153681905,20961.04073052286,5458.902724973377
2.671678342022598,115551.74843394464,17332.762265091696,6487.59320778485
4.312639664249649,91966.80231769767,13795.02034765465,3198.741703836467
4.205547447276891,112468.54979792642,16870.282469688962,4011.4355339428016
2.659178805070878,98838.66027587152,14825.799041380727,5575.329877445214
6.713235199484585,240813.50050827843,36122.02507624176,5380.717940437282
2.903493727671745,152032.25005485813,22804.83750822872,7854.274762465381
2.02660460385453,49041.49578167691,7356.224367251536,3629.827127235505
3.397238710595344,48087.19745223657,7213.079617835486,2123.218364178901
2.786698789938811,138053.92805279672,20708.089207919507,7431.046829562159
3.2549237674936724,91579.09064030119,13736.863596045177,4220.333432454769
2.4051742361418973,149889.6542675534,22483.44814013301,9347.949850069224
1.4693135987311265,52006.653321650505,7800.997998247575,5309.280472857789
4.796048871579856,167429.63600806694,25114.44540121004,5236.4865483401845
1.6497509087028728,75529.97571103256,11329.496356654883,6867.39816107316
2.7742048510173887,56722.82317470469,8508.423476205702,3066.977362210795
2.391105759080615,65211.31325580791,9781.696988371186,4090.867562517297
4.503815135402244,218709.25855403958,32806.38878310593,7284.133073143094
4.155412729999505,63603.11302382335,9540.466953573503,2295.913203686662
3.7326669831973485,104589.70223378205,15688.455335067307,4203.015003933944
2.657301409484378,91073.36716911857,13661.005075367786,5140.9317086158335
2.8661910179828225,114543.65077839197,17181.547616758795,5994.557762884514
4.473658678813818,143060.22737722273,21459.03410658341,4796.7526463760605
4.177702520504098,106705.81521035578,16005.872281553366,3831.2618485870644
4.766500774196343,94183.4859562567,14127.522893438505,2963.9191437707213
2.4526544473737624,102453.74035115917,15368.061052673875,6265.8892161223885
4.1241153449704795,132778.24945836136,19916.737418754205,4829.335688450967
4.862007853975064,210715.1059363318,31607.265890449766,6500.866892801993
4.186808389681038,115174.40733648687,17276.16110047303,4126.331919810921
4.693196247193203,153901.39270182257,23085.208905273383,4918.86716202836
3.795710216314238,97146.88533797569,14572.032800696354,3839.0793738849447
2.198712910003082,67303.08849291019,10095.463273936528,4591.533177436238
4.667006730567376,151772.25526789276,22765.838290183914,4878.038452585696
1.5763447305646765,39379.57979683794,5906.936969525691,3747.2367909078584
3.8793578610154498,180919.76313736124,27137.964470604184,6995.478489705672
4.209473854832236,168242.09531437146,25236.314297155717,5995.123183432026
2.087986539440137,51066.60642784623,7659.990964176934,3668.601698088939
3.613690414885442,127040.07977565008,19056.011966347512,5273.282926465523
4.295150498160386,172282.37526645517,25842.356289968277,6016.635808462721
6.438143761624014,325790.2907896175,48868.54361844263,7590.4710158437965
2.3968009297728017,47425.394865150585,7113.809229772588,2968.0434204633434
2.5346753022735373,115901.05674356183,17385.158511534275,6858.929226927111
4.910754815841119,168839.37346280695,25325.906019421043,5157.232842846217
6.296314349409415,214886.39246684127,32232.95887002619,5119.337612654233
4.342796607071633,134272.52486497705,20140.878729746557,4637.7669856677085
0.2198721285818474,6173.436478580952,926.0154717871428,4211.609164653325
2.3463315608801842,126241.53916017617,18936.230874026423,8070.569049040467
2.841227384816106,94032.90760204033,14104.936140306048,4964.381314809469
3.5298739298678465,62446.13930389349,9366.920895584024,2653.613438238206
3.388049549983786,118230.52895880476,17734.579343820715,5234.45099671154
3.579138901868083,132307.02628780558,19846.053943170835,5544.924208672778
3.4304530017645307,80745.84661926492,12111.876992889738,3530.693172784971
3.2903825847783303,134550.23404997063,20182.535107495594,6133.795869471899
2.2902364006974016,78329.76919986944,11749.465379980415,5130.241304523226
1.6267356789837066,59734.3460510329,8960.151907654936,5508.056424540179
3.4195218326294587,120703.60628676669,18105.540943015003,5294.758106308874
2.798580689533368,107362.76799192658,16104.415198788985,5754.49379001976
2.5023998094662248,59410.07540176642,8911.511310264963,3561.186056901849
3.898583881880031,78396.35647110299,11759.453470665449,3016.3397343639135
3.8387679267233525,171035.55702428246,25655.33355364237,6683.220773791587
3.758696066865409,111290.25027580051,16693.537541370075,4441.310828116988
5.689414220787545,184747.71724097148,27712.15758614572,4870.827911403105
4.639667807406446,119979.73869821138,17996.960804731705,3878.933051198751
0.9053671297484409,34550.55653931649,5182.583480897473,5724.2894187438305
2.6141600335901494,103874.99553124246,15581.249329686369,5960.32726745038
2.506689940447408,61887.694769792775,9283.154215468916,3703.351605508899
3.608735432531322,169558.7788672343,25433.816830085143,7047.847453933405
1.6862923776401042,94709.68539329946,14206.452808994918,8424.667630222142
3.5520255025490344,66924.6937931477,10038.704068972154,2826.1914397202654
1.741818744969285,50795.542304226794,7619.331345634018,4374.353742397218
4.602101745814807,259446.74297499296,38917.011446248944,8456.356159800342
3.50315209807377,113875.2185240526,17081.28277860789,4875.975207585231
6.4675929269879955,216051.46647156667,32407.719970735,5010.785362743525
2.4713127323558988,129325.56818970824,19398.835228456235,7849.607609136281
3.3194771142109207,115181.59316657289,17277.238974985932,5204.807377951433
3.1792216298077367,105092.12695104552,15763.819042656827,4958.389467050192
5.025723349235956,246044.3728368294,36906.65592552441,7343.551039500653
4.247250302974156,204739.5712338216,30710.935685073237,7230.780739144986
3.661299223990262,69380.32999318201,10407.049498977301,2842.4471375587796
3.8231790985316714,161136.3403747204,24170.451056208058,6322.081815495108
5.377813731631204,118142.85715605384,17721.428573408077,3295.284935060924
2.756403240716413,55327.167742399506,8299.075161359926,3010.834931104973
3.554530335271693,88350.52014499002,13252.578021748503,3728.362616642441
4.091659627110057,110814.97318006339,16622.24597700951,4062.470364562024
4.8094306964328615,106251.13948582996,15937.670922874493,3313.837318561511
3.746372741798749,197432.07796616963,29614.811694925444,7904.929310559328
2.949692240720326,41671.01691902698,6250.652537854047,2119.0863411321902
4.079091908901374,155508.13114349777,23326.219671524665,5718.4834743787715
3.0508300717152217,126959.91565564931,19043.987348347397,6242.2314257708185
2.2306687503377405,91396.47666562742,13709.471499844112,6145.901984670916
1.1833277327391083,30943.465771099567,4641.5198656649345,3922.4297185370406
4.077376491100913,111487.01444452426,16723.052166678637,4101.424581021049
4.698978801958538,142283.37634442755,21342.506451664132,4541.945676104893
2.498585222532581,62683.44564664401,9402.516846996601,3763.136338998336
2.4261924245359823,106961.22661616141,16044.18399242421,6612.906639296229
4.426435544186919,129238.88989603237,19385.833484404855,4379.5585163018095
2.1845711307081466,183952.7248537123,27592.908728056846,12630.812675397929
5.428245104563132,238408.5273022248,35761.27909533372,6588.000063827591
3.523732598733358,66407.23078560889,9961.084617841332,2826.8559939599127
4.68846736975283,176897.8561301697,26534.678419525455,5659.563419532624
3.488866523142722,101230.75295806074,15184.61294370911,4352.305496064385
4.34690685499266,158496.01483203127,23774.40222480469,5469.268842855118
2.1114115121654735,55145.322790323444,8271.798418548517,3917.6628387636865
3.0907212338806964,105743.52323687109,15861.528485530662,5131.982888542489
1.8134173692424187,48935.22127055026,7340.283190582539,4047.7627021125577
4.863578789455977,216414.45646017054,32462.16846902558,6674.543556157066
2.3707790599008276,54598.80244372599,8189.820366558898,3454.484859041014
3.3597136774013445,149012.28516201107,22351.842774301662,6652.901086377771
2.233302815208347,66040.02769076797,9906.004153615195,4435.584859409696
2.264846945996084,87264.05331923299,13089.607997884948,5779.466917632314
3.2700204961879127,93664.47990648009,14049.671985972012,4296.508845235276
1.6414529800606812,66326.12031696337,9948.918047544505,6061.043580533579
2.1639094252345497,73158.01652802546,10973.70247920382,5071.239281660027
5.220757100956063,175471.59936489371,26320.739904734055,5041.556118348048
4.503093435953296,269085.16651710554,40362.77497756583,8963.34387718986
3.195002645995195,115088.48223741485,17263.272335612226,5403.210653753615
3.0182113866106572,104247.00983929004,15637.051475893506,5180.900034126951
4.253963480409273,98204.91018241367,14730.73652736205,3462.8262784110243
0.6459903624159626,19499.371597306887,2924.905739596033,4527.78541255178
3.9184515760880787,148565.42945076394,22284.81441761459,5687.148095335726
2.573423418399349,58283.502467601946,8742.52537014029,3397.235490915863
3.5271202435730826,139471.59498859607,20920.73924828941,5931.3938294023255
4.430707464125824,125867.50031633889,18880.125047450834,4261.198736390933
4.404215247365692,164145.6495812098,24621.847437181466,5590.5186405020995
5.582835182229459,158082.39264609106,23712.358896913658,4247.368608049132
3.850178932424316,46027.322894834666,6904.0984342251995,1793.1889804087475
2.1941832948462325,118484.99996571694,17772.74999485754,8099.938613425204
5.734514214152252,194811.54913839314,29221.73237075897,5095.764223348236
4.193768653027309,130765.97188661668,19614.895782992502,4677.152557958417
2.8737248644315647,59834.3782024153,8975.156730362294,3123.1788545413233
5.066578653349195,94407.69542720297,14161.154314080444,2795.0132195657125
4.1392901140642655,209524.25158038104,31428.637737057154,7592.760321454773
1.7388541490193803,64658.26357423984,9698.739536135976,5577.661324617445
2.242628293421861,73690.02997001357,11053.504495502035,4928.817017035091
1.5789942685799674,64775.43352411903,9716.315028617853,6153.483405203237
2.5330938362648836,101198.21142677088,15179.731714015632,5992.56588788616
4.039377108657251,135972.15379733173,20395.82306959976,5049.249555305727
2.713309732626461,92377.58500937746,13856.637751406619,5106.913370333696
2.43878894530476,69089.2305369352,10363.38458054028,4249.397882704127
2.309961462367595,49948.41870420902,7492.262805631352,3243.4579224331123
3.254042991136146,92579.4786586901,13886.921798803514,4267.590144515856
4.835481031105164,188987.92545526626,28348.18881828994,5862.537488190885
2.9052740118561013,82774.72556723379,12416.208835085068,4273.6791037320045
4.197815028155013,145046.48106304382,21756.97215945657,5182.927788273464
3.890796172976608,125708.18187284147,18856.227280926218,4846.3672838714865
3.2765116509670817,139393.9537377254,20909.093060658808,6381.51036468537
5.965215345669238,198861.82677317513,29829.27401597627,5000.5359886349115
1.1721029289251796,24162.8135636102,3624.42203454153,3092.2386977269402
4.958732457999251,166702.08358308673,25005.312537463007,5042.682328449748
1.9779245768140825,41865.62294833435,6279.843442250152,3174.966081045078
2.812985392524384,92155.4462081431,13823.316931221465,4914.109034464756
2.5041497417366494,91501.89326673007,13725.28399000951,5481.015676199502
5.116221840246489,244297.44495570124,36644.61674335518,7162.437026301761
4.127567244366891,79099.94191246132,11864.991286869197,2874.5724986217915
3.6062097951229286,107084.68957879665,16062.703436819496,4454.178860737066
4.198714515308634,70191.73558180238,10528.760337270356,2507.6151995764876
5.427915696772969,173431.3788837622,26014.70683256433,4792.761768210719
3.0345776534617714,91905.18236399822,13785.777354599732,4542.898198328607
2.1157673974548414,50932.510747667766,7639.876612150165,3610.924632518934
4.440298654999089,212662.43607454273,31899.365411181407,7184.058526168653
2.940943010222509,97850.50421866159,14677.575632799239,4990.771865276215
1.7673414572750445,63053.45190749821,9458.01778612473,5351.550911224291
2.823386889540741,123896.36149032915,18584.45422354937,6582.326457771562
2.4766905021017123,62717.59120943974,9407.638681415961,3798.471659431272
4.366384914373129,130826.22596273001,19623.9338944095,4494.320651807871
1.962301677987603,54590.35674507807,8188.55351176171,4172.933042670232
6.197814843867131,171120.0981201792,25668.01471802688,4141.462009538075
3.808886634986632,124534.52681894723,18680.179022842083,4904.367289710014
3.8585522562891734,73955.92394419751,11093.388591629626,2875.0131797614426
4.036117947735762,121976.64919271161,18296.49737890674,4533.191947269769
4.360084761853484,136544.78648262555,20481.71797239383,4697.550412686702
4.066726405895445,126109.72253224891,18916.458379837335,4651.519795483305
2.209151182808513,56439.23372779318,8465.885059168977,3832.189089207658
3.6017534601878176,79079.22657026639,11861.883985539958,3293.3636676291017
5.573693151108706,243861.7780050751,36579.26670076126,6562.841855311859
5.658092035760897,249001.3220563264,37350.19830844896,6601.2002053667775
2.177642521840004,84291.2051837153,12643.680777557294,5806.132388925794
2.9836043361699445,120367.03555000685,18055.055332501026,6051.424149516526
2.801586988024804,93302.95649200825,13995.443473801237,4995.5412891421265
0.8821825436806939,38475.57405496468,5771.336108244702,6542.110983249786
4.180498458208934,152989.78635943102,22948.467953914653,5489.409500642789
2.672822549473638,91050.45154180638,13657.567731270958,5109.792168567478
1.9037674002090272,34230.14945977098,5134.522418965647,2697.032430748575
4.136781451180467,177855.18139742166,26678.27720961325,6449.04197247364
5.688050745094384,214910.12548756468,32236.518823134702,5667.410553771315
2.526049631033777,62043.03363196808,9306.455044795212,3684.193267804709
3.5769905067620464,93298.00402867589,13994.700604301383,3912.4231886680705
5.372097573790929,261368.87842716303,39205.33176407445,7297.956007974818
2.28859769079961,51262.62298547407,7689.3934478211095,3359.871190438247
2.3157510589331163,75875.72505067372,11381.358757601058,4914.759172276719
3.6547115905104612,103477.43839946635,15521.615759919952,4247.015222821458
5.117247884564297,166222.26341021503,24933.339511532253,4872.411904598437
5.5077541188145895,109662.63520739303,16449.395281108955,2986.5885306893997
1.6496187694603064,44467.64877394295,6670.147316091442,4043.4477587046763
2.0533523786853443,41920.84802123637,6288.127203185456,3062.3712074258874
0.6549655012988803,21197.131451683716,3179.569717752557,4854.5606012027565
2.39797363448231,62890.31799882696,9433.547699824045,3933.9663973664246
1.8937373157561208,77786.92684764486,11668.03902714673,6161.382009039612
2.502678556059807,88592.96544599756,13288.944816899633,5309.888792838669
1.607161673741266,108085.71327256881,16212.85699088532,10087.88179545364
5.718571740074445,111603.53107358907,16740.52966103836,2927.396983362917
2.1545262211090592,110751.30750169781,16612.69612525467,7710.6028984428685
2.6415140376698423,107638.07695135105,16145.711542702657,6112.294431319876
3.8868056130924282,231357.54210779048,34703.63131616857,8928.57394238391
4.872558490858963,80242.0355796758,12036.30533695137,2470.2228530517937
4.775652236866432,233838.57793146183,35075.78668971927,7344.7112457113135
3.8690994739695244,111123.8722836443,16668.580842546646,4308.129308819611
3.187750181698117,63167.685950534826,9475.152892580223,2972.363689908976
4.494563159162535,131001.84468359423,19650.276702539133,4372.010361558817
1.2085804151138217,36588.99953197755,5488.349929796632,4541.154118635746
2.754017660647311,100542.44122956127,15081.36618443419,5476.132706022455
3.139767372755803,92836.62196953078,13925.493295429616,4435.199058459889
3.2154205531104147,108851.7152786847,16327.757291802704,5077.953885692546
1.6234852121330672,68797.20110469575,10319.580165704361,6356.436195772708
2.940057938897602,87625.62111868031,13143.843167802046,4470.6068523025215
3.205583460932368,74292.0845003103,11143.812675046545,3476.3757708574162
2.128319399152892,98797.66524447361,14819.649786671042,6963.076027296242
4.201002748416106,96272.47295510543,14440.870943265814,3437.4819080302723
3.5033720109561,128595.29120639517,19289.293680959276,5505.922186007036
4.831741928918712,251035.2756544517,37655.29134816775,7793.315930802326
4.377790222680413,109265.27184840941,16389.79077726141,3743.8501946368606
3.651858246128069,78607.74254177949,11791.161381266922,3228.8113575516404
1.9203268654434373,54923.196981091976,8238.479547163795,4290.144399589694
5.220775203337468,160105.79002536446,24015.868503804668,4600.057954698398
1.7367992023013907,39707.141893359134,5956.07128400387,3429.3378740107796
2.495907926520117,71098.25122374788,10664.737683562182,4272.88906383311
3.0846362987946474,81384.2946120733,12207.644191810994,3957.5635534669855
3.343357822586163,90854.33539630407,13628.150309445611,4076.186586245779
5.521540080701336,229183.7502528204,34377.56253792306,6226.082222617224
3.801977337801666,126538.54781246465,18980.782171869698,4992.344899889524
3.7852577266476075,83134.76513783981,12470.214770675972,3294.4163043080684
4.721646814909843,128143.66689028616,19221.550033542924,4070.9419376404476
5.627990610378029,116988.20613798437,17548.230920697653,3118.027753695728
4.385213660302096,236421.68168386313,35463.25225257947,8087.006700178988
6.7258902155121385,139944.331690406,20991.649753560898,3121.0217652894744
2.9987227958926503,82006.90973775114,12301.03646066267,4102.091889757665
4.087152569800355,196885.33216475954,29532.79982471393,7225.7639812444095
4.209596182096983,90946.74706753629,13642.012060130442,3240.6937554126066
2.809949110451036,72440.64000150438,10866.096000225656,3867.008110506847
1.6387077202146572,77569.29849557995,11635.394774336992,7100.347811147708
4.6056836009875255,135957.18610262268,20393.5779153934,4427.915523988821
4.345470553337449,64487.880574651135,9673.18208619767,2226.037886453604
3.8258179876886467,104116.65864675009,15617.498797012513,4082.1332450391255
3.0236372533063647,118801.84784907724,17820.277177361586,5893.655780922467
1.6116129020343872,52714.449742813966,7907.167461422095,4906.368924845811
3.7458675791911253,90122.2018612735,13518.330279191025,3608.864967434365
2.0482711613965634,73904.42407470099,11085.663611205147,5412.205092828949
0.5792121229057456,13842.93880978635,2076.4408214679524,3584.9401960909036
3.570999437953433,122777.14298845798,18416.571448268696,5157.259688291459
4.580484452001563,182459.98203140576,27368.99730471086,5975.131580842123
3.907828115974586,179926.6263714152,26988.993955712278,6906.392286136005
3.0260003066106287,65569.59213467083,9835.438820200625,3250.309921884024
2.7301360006215485,118842.68192211384,17826.402288317076,6529.492407798982
4.883108572347885,120095.76827708085,18014.365241562125,3689.1183095076058
5.245463831607772,292193.29706441046,43828.994559661565,8355.599422030076
1.9392365994559688,64003.484630442435,9600.522694566365,4950.671154442776
2.987838245596943,101147.051026569,15172.057653985348,5077.938096663633
2.689345557477859,98191.00755369279,14728.651133053918,5476.667396683246
2.754191485733628,100727.62789445576,15109.144184168363,5485.872809654617
2.0095848732641515,86075.78966940581,12911.368450410871,6424.89333104854
1.9379702383027257,40209.10985374271,6031.366478061406,3112.2079993053335
3.374777989914754,126477.5167774322,18971.62751661483,5621.592760563799
2.027005832603654,46454.41257734042,6968.161886601063,3437.6624746316493
2.6379834231721597,105398.82327602457,15809.823491403686,5993.147399081252
4.016076243321165,100852.74584129752,15127.911876194628,3766.838814714418
4.7535645559422255,133568.3836844749,20035.25755267123,4214.786044638023
1.7723355549810906,76219.36299354296,11432.904449031445,6450.75613187336
5.0530141396438415,156910.08289408332,23536.512434112497,4657.915411210674
3.79716786849847,116680.28223640913,17502.042335461367,4609.235867779075
3.8980304468107594,189800.06668140247,28470.01000221037,7303.691028248278
3.143894169244458,74425.63738511932,11163.845607767898,3550.9610078416854
4.429880703372229,201212.0433304838,30181.80649957257,6813.2323465498275
2.3050344365262823,60670.285753810036,9100.542863071505,3948.1157933528075
3.1545766898669436,145763.8310425379,21864.574656380686,6931.064547143062
3.2814458610506017,76372.01628783149,11455.802443174724,3491.0837869215934
3.681634869977469,143209.24561535296,21481.386842302945,5834.7412497302885
2.332905245364721,102526.5329785201,15378.979946778014,6592.200852278378
4.556060203301566,196451.40241969444,29467.710362954163,6467.805307225808
3.1002136840036343,106408.55904048319,15961.283856072478,5148.44635981994
2.23049053219926,54510.698826173655,8176.604823926048,3665.8325627878503
2.262338221448975,111990.4863342541,16798.572950138114,7425.314566527997
1.7987043050535958,37174.01729213117,5576.102593819675,3100.0662966965683
4.3479731565347075,89093.23449198442,13363.985173797662,3073.6126219437447
3.327803103280292,108757.25815767578,16313.588723651366,4902.209721353612
3.8634201166850524,95851.18746956036,14377.678120434053,3721.4896869074123
4.867694251536949,115091.53375674027,17263.73006351104,3546.592939369622
4.046251586205482,137920.55745688122,20688.083618532182,5112.900959757962
2.4635937778741814,127202.88140778303,19080.432211167456,7744.958760056552
4.035867374747709,121469.93890156911,18220.490835235367,4514.640631959412
2.9088913092413264,101006.47616298056,15150.971424447083,5208.503795351033
2.6959082320677545,128237.86689206498,19235.680033809746,7135.1390247642175
1.3397983734722898,35561.59896461686,5334.239844692529,3981.3750712863166
3.8391392282215175,172286.39060838363,25842.958591257546,6731.44604949097
2.8826664442433594,103499.83440341763,15524.975160512644,5385.630096578042
2.5608178715506833,96645.60437216001,14496.840655824002,5661.01979249526
4.902068443147032,203307.70267506829,30496.155401260243,6221.07907201767
3.2427099643583435,134799.7503690331,20219.962555354967,6235.513745478012
5.036915225546041,110963.87960008076,16644.581940012115,3304.5189753432296
2.62840186477343,64066.70082678146,9610.005124017218,3656.216065287873
6.051358437270182,213004.74822144603,31950.712233216902,5279.92393186184
4.2177968308641525,123371.00880279476,18505.651320419212,4387.516056961836
2.8941961606893987,153194.03564254282,22979.10534638142,7939.719379942716
3.5075245581443646,117769.58686772194,17665.43803015829,5036.4402977991085
3.3217641038468297,139604.96868198938,20940.74530229841,6304.10367733446
3.744919444593787,127562.32509501469,19134.3487642522,5109.415315161128
3.14869441045906,120875.05135650861,18131.25770347629,5758.3415028303325
1.0919101939667002,29403.696716016624,4410.554507402493,4039.3015211075144
2.742159821201459,99505.14970976331,14925.772456464496,5443.07167695458
2.983449732791467,109067.2853725711,16360.092805885664,5483.616038865965
1.6092009773933957,47946.666108080935,7191.99991621214,4469.298749657631
3.19151000918722,111633.40387101768,16745.01058065265,5246.736037941205
5.813227597879448,111012.48367249953,16651.872550874927,2864.4797181086124
6.265060019873506,255945.2396563632,38391.78594845448,6127.919896484827
2.956059747594187,85356.77636759331,12803.516455138995,4331.277967422424
2.579491198156034,115345.37899275438,17301.80684891316,6707.449461847929
2.4647544912762,64456.045726257464,9668.406858938619,3922.665276870036
4.2704811144542125,151645.54439197763,22746.831658796644,5326.5266955064835
3.2214801993485556,53459.95250621922,8018.992875932882,2489.2261878730387
3.089496727348498,103660.07167606057,15549.010751409085,5032.862023697216
3.2931072149617364,82266.23536761288,12339.935305141933,3747.2011992434673
3.363796100429707,91284.2413318729,13692.636199780934,4070.5904255111577
2.8759037992136096,76461.13728747846,11469.170593121768,3988.023033405328
2.615267705848602,85168.07102095532,12775.210653143298,4884.857723962144
2.9567645068253827,133296.53921976176,19994.480882964264,6762.283853451666
2.0329858851613585,86215.1871164544,12932.27806746816,6361.223735914783
5.4780336133658,154056.57293450102,23108.485940175153,4218.390680150809
2.267607138333596,57420.88539428635,8613.132809142951,3798.335550959904
0.903608086358501,35123.44635445561,5268.516953168341,5830.533206492454
4.394345306999169,286567.03429240885,42985.055143861326,9781.901999234367
1.2913148728742854,38943.80406738146,5841.570610107219,4523.738348265674
2.801129176361004,152563.21852537838,22884.482778806756,8169.73489545969
5.83580143324894,221031.96492511395,33154.794738767094,5681.275334330382
2.1695969983763885,89890.92569283168,13483.638853924751,6214.812642170501
4.106071488469669,124601.64573734948,18690.24686060242,4551.856175199781
2.485547110721388,56429.68070123201,8464.452105184802,3405.4683850784622
2.9174838798172043,87692.39932454837,13153.859898682256,4508.631560804516
2.3082412734144118,79947.93433464489,11992.190150196733,5195.37982806172
4.188746158271737,104391.58810500745,15658.738215751117,3738.287693759858
2.881795126263484,72926.62709232655,10938.994063848982,3795.8958165192016
2.4384291849694004,107938.40374571583,16190.760561857373,6639.832176246098
2.1521527635739166,83284.05953195575,12492.608929793361,5804.7036164142155
2.462335793424545,69735.64672671737,10460.347009007606,4248.139931580842
2.574792573421691,47981.873020366475,7197.280953054971,2795.2857357710827
3.7696073394878082,132203.73308173686,19830.55996226053,5260.643397663532
4.278790322891664,120407.2772001919,18061.091580028784,4221.074232920779
3.2627117608256766,125937.72743092723,18890.659114639086,5789.864535829708
2.598574922098259,48658.357051216946,7298.753557682542,2808.752403332305
3.281335858156938,126961.96605754075,19044.294908631113,5803.823726635505
2.101666808429943,80313.44205311847,12047.016307967771,5732.124740061692
4.214056840581434,118511.2636086235,17776.689541293523,4218.426616865658
6.289327199483992,214359.7033547986,32153.95550321979,5112.463461251922
2.695826319772367,59742.763276346916,8961.414491452037,3324.1809480548177
3.974103093618362,142815.56433859482,21422.334650789224,5390.48287025803
4.331694064472918,99714.67856751724,14957.201785127585,3452.968183464633
3.716471775501148,110312.98023060417,16546.947034590623,4452.3268395760515
1.4109693340948044,63956.06081365972,9593.409122048957,6799.1620301255725
3.625008363428226,122744.09083512727,18411.61362526909,5079.054109507472
4.253668921823483,154893.03109855048,23233.95466478257,5462.097566075389
3.40435824124786,109260.21045491025,16389.031568236536,4814.132475737681
3.7577196483628357,150546.8467474998,22582.02701212497,6009.502870168485
3.39740098150757,106659.25791810975,15998.888687716462,4709.155255679322
2.5307337903828184,92599.23269377362,13889.884904066043,5488.481228981793
2.214517390824914,68446.54247971417,10266.981371957127,4636.216186196961
1.983128901194022,55037.42542413441,8255.61381362016,4162.923453260924
2.403513841402912,111467.22046625694,16720.08306993854,6956.516239648181
2.9443457669421145,82331.71045122675,12349.756567684013,4194.397514837397
1.8847422694631562,45401.60925881467,6810.241388822201,3613.3541965724617
2.5899155856731695,76206.07903572982,11430.911855359473,4413.623331429297
4.116674414337779,127365.9367200223,19104.890508003344,4640.855356805431
4.102384705551404,87858.887701813,13178.83315527195,3212.4810570393774
3.079224993992298,75485.972670849,11322.89590062735,3677.190176982459
2.543745982441713,72768.54695476558,10915.282043214836,4291.026745027969
4.070953611108688,107641.3065952005,16146.195989280073,3966.1950323434908
4.384019957823862,85774.84951813637,12866.227427720454,2934.8012900258295
2.960941221521738,85145.80079202677,12771.870118804016,4313.449394392259
4.954855192068593,137026.11013810366,20553.91652071555,4148.237581921044
3.216225106070801,46293.92599285009,6944.088898927514,2159.080496517537
3.8026754864623067,117418.65142368981,17612.79771355347,4631.685710825394
4.08486654911159,136383.70279087668,20457.555418631502,5008.133111002311
4.924091690750801,217015.58149385796,32552.337224078692,6610.8308432240565
3.1075310093071367,94027.81162257228,14104.171743385841,4538.7066777913005
4.1918882268414,149769.53124162866,22465.429686244297,5359.26257346133
4.018044461150608,175253.00733368818,26287.951100053226,6542.473920889716
3.6615222544281734,122113.25633255944,18316.988449883916,5002.561005257228
3.008239984944004,97617.7936873712,14642.66905310568,4867.520253168313
4.866431941803031,185259.60217515883,27788.940326273823,5710.331647210486
4.477172610093503,196367.87218159225,29455.180827238837,6578.9692273275305
3.2654134127240826,161802.59816941683,24270.389725412522,7432.562636890013
2.93383230978947,48782.56589777856,7317.384884666783,2494.138761868048
2.2785888456656793,79303.78882599124,11895.568323898686,5220.585691238846
1.3182970971700598,20590.713015327157,3088.6069522990733,2342.876244610773
0.6854032703633638,39573.57456354526,5936.036184531789,8660.647594203663
2.310786702190591,134988.89594818317,20248.334392227476,8762.528524606949
3.7379812872862,134790.8083620982,20218.62125431473,5408.968023217041
1.6403110894836672,58434.539544337706,8765.180931650655,5343.608897023147
4.1256614689546245,197657.93861981796,29648.69079297269,7186.409019760215
3.595791812838224,225988.39158246445,33898.258737369666,9427.202825352993
3.805554397075648,80820.83230450956,12123.124845676433,3185.6396153454975
0.5094023739544286,21449.76828945992,3217.465243418988,6316.156751375533
2.292387551106355,53084.97468637451,7962.746202956176,3473.5602185211596
2.133413646677595,72739.47038335846,10910.920557503769,5114.301473835395
3.8545286567479997,178312.11140324012,26746.81671048602,6939.062877029393
1.0337208758291803,46997.14705962013,7049.572058943019,6819.608874869954
2.7485590745140716,102864.35569735769,15429.653354603653,5613.724477554306
2.1943401743215434,57425.28705443611,8613.793058165416,3925.4593061573373
3.547413492496533,142227.16180564425,21334.07427084664,6013.98013396869
3.5486567141373526,118722.08665317697,17808.312997976544,5018.3250825673595
5.9533295690246115,172817.6476547615,25922.647148214226,4354.310784857384
2.817201584945009,79637.05157250227,11945.55773587534,4240.221147010505
3.685606943115502,71052.72147761405,10657.908221642107,2891.7647448951266
4.009088441782049,140421.64405448636,21063.246608172954,5253.8742694362445
3.502345407814392,107067.0627883682,16060.05941825523,4585.515575483279
0.7974835834561377,22249.306996207164,3337.3960494310745,4184.908778896054
4.820956476922115,244667.69659055315,36700.15448858297,7612.6292913587495
2.3751815468126662,36402.51579125142,5460.377368687713,2298.9305284958837
2.2323077249195262,87303.05736751904,13095.458605127855,5866.332163322125
3.1453138615083183,159572.87842398896,23935.931763598343,7610.029656029302
4.45519299510497,94033.87835715862,14105.081753573793,3165.9866966641835
3.034527354710245,81835.71951595639,12275.357927393457,4045.228957432016
3.26856629500047,134561.6848147171,20184.252722207562,6175.26184280887
2.630118005960299,67930.76277721225,10189.614416581837,3874.204272770431
4.177799511585039,85201.7567957477,12780.263519362155,3059.089715512313
3.912682954225666,168305.81789827484,25245.872684741225,6452.317496738622
2.7437125463280743,71515.69661513029,10727.354492269544,3909.795327001738
3.0260015940662095,142265.04344109126,21339.75651616369,7052.12996516907
4.992049275133469,175743.69425195502,26361.554137793253,5280.707918711088
4.573104447029004,129394.94867791604,19409.242301687405,4244.215833359536
2.1190310038326885,121964.81797696066,18294.7226965441,8633.532337872575
3.9311944765420916,125753.95464601659,18863.093196902486,4798.310872041773
3.047572366250964,97246.65380289027,14586.998070433541,4786.432057191163
2.8189931853574266,95461.1866302498,14319.17799453747,5079.536221979873
2.4860825477309656,55262.00440209705,8289.300660314557,3334.2821491909663
2.608095520967765,126562.97087175246,18984.445630762868,7279.045371665859
3.738283649780148,116437.2211097227,17465.583166458404,4672.08612366415
2.119380803206762,54540.30009005247,8181.04501350787,3860.1109348208743
1.1479768859263506,49109.10001481405,7366.365002222107,6416.8234504807815
1.6273559903661292,59284.692138349266,8892.70382075239,5464.510453396047
3.404687655605736,127989.69824637027,19198.45473695554,5638.829954150346
4.143732959229057,120090.29004133647,18013.54350620047,4347.177697848535
3.5808708012091173,129385.49819935905,19407.824729903856,5419.8617619352835
2.513940092290994,70850.44769278503,10627.567153917755,4227.454419660686
2.1914021302360474,73519.17978978032,11027.876968467048,5032.338344619195
3.7918025858319817,149386.4285336917,22407.964280053755,5909.580937515261
3.7359375206419294,98526.94372245896,14779.041558368845,3955.912398617798
2.643807304191489,80499.83321667313,12074.97498250097,4567.267426547055
5.154273157874572,119960.17283172355,17994.02592475853,3491.0889224541193
2.7779392153568487,132971.5880811084,19945.73821216626,7180.048469708531
2.327792515955037,69179.29322754535,10376.893984131802,4457.825993084445
4.061078001626599,94487.89191633066,14173.183787449598,3490.0053093717383
4.925590316932782,142517.51419745418,21377.627129618126,4340.114738354895
3.5577546688724273,135587.40152075456,20338.110228113183,5716.557807106755
4.146210029826238,110689.21499291905,16603.382248937858,4004.472067140719
3.696982753561568,115616.27920054866,17342.441880082297,4690.971810289102
3.925173138787719,223761.77887249782,33564.26683087467,8551.028360812874
1.3499073986186847,40929.84619396238,6139.476929094357,4548.072656966455
0.7778956414779755,15031.903583242442,2254.785537486366,2898.57073013335
4.319884983702702,195838.44812213333,29375.767218319997,6800.127162909129
3.3671806192892366,195514.76223402587,29327.21433510388,8709.724143427278
3.434039441799521,174601.2843220012,26190.192648300177,7626.642935287859
2.4950952249720872,117478.85296528401,17621.8279447926,7062.587338721606
2.647727827500463,63178.134391613115,9476.720158741968,3579.1896962794267
3.407602466678879,98471.8637995232,14770.77956992848,4334.654559727559
2.981880504599665,133028.41677561178,19954.262516341765,6691.83841725433
1.1990316463573403,26198.185227302998,3929.7277840954494,3277.417903050322
4.938062663779625,210944.57874160347,31641.68681124052,6407.712693346376
4.075581179028667,172488.55264155913,25873.282896233868,6348.366468411322
2.4545366411876084,65974.55328210804,9896.182992316206,4031.792732793761
2.8745420426896824,96282.0363937999,14442.305459069985,5024.210898497227
4.1867560686313094,90673.51558182265,13601.027337273397,3248.5836562529194
1.981892097247158,36686.421585121316,5502.963237768197,2776.6210105039504
4.766093444248363,137590.14267385285,20638.521401077927,4330.28047865577
4.873923133219779,216859.1663849844,32528.874957747656,6674.064007295627
3.0168525051917463,106786.92528434725,16018.038792652087,5309.520026281168
2.167768623748612,79586.02302161705,11937.903453242556,5507.000757580367
5.063397252142775,125033.53112058855,18755.029668088282,3704.040732761261
3.814213133058482,86672.220577426,13000.833086613899,3408.5229726501916
3.58911428218389,91297.82143514248,13694.673215271372,3815.6135855720067
3.8660888681736947,103645.20238993585,15546.780358490376,4021.3199666655705
2.908943703462418,115343.89905497251,17301.584858245875,5947.720761200149
2.220947298286231,55048.00795877088,8257.201193815632,3717.873539902189
1.8893137696502733,31223.680537156622,4683.552080573493,2478.9699603155145
4.5610254417638405,202920.8016176512,30438.120242647678,6673.525642706489
5.850271820576492,307032.2712555258,46054.84068832887,7872.256555045091
2.0864521390571102,76322.00562623767,11448.30084393565,5486.970263841882
3.0623329143949074,125367.37356927822,18805.10603539173,6140.77781909204
2.311128179244934,60853.747649410994,9128.062147411649,3949.613106441317
3.5953209641926445,219359.08504771485,32903.86275715723,9151.856839726139
4.437378619303351,168152.22998854864,25222.834498282296,5684.174523345536
3.6366062481741013,78492.29744019517,11773.844616029275,3237.5912629916393
4.665402374942224,60620.809966685694,9093.121495002853,1949.0540717006131
2.756336482960914,160682.59373703686,24102.389060555528,8744.356579667023
4.702496895988463,143571.3310842944,21535.699662644158,4579.63080869134
2.266582255576673,76747.58530630355,11512.137795945531,5079.073467385179
4.227074602227503,140342.82015004184,21051.423022506275,4980.13993209701
4.1560434101858235,75374.46330361244,11306.169495541866,2720.416602923873
2.22348322040208,69659.757813002,10448.9636719503,4699.367000422328
3.24607830043366,155709.9267464281,23356.489011964215,7195.294398426528
2.520576726611886,78132.74277824702,11719.911416737052,4649.694370736632
1.4558780453205662,46473.107727238814,6970.966159085822,4788.152538938041
2.585899074220879,108210.51339882702,16231.577009824054,6276.956889632114
3.7709723684186884,193797.311318692,29069.596697803798,7708.780085809481
1.2076219431171848,34275.97850234082,5141.396775351122,4257.455575939475
2.879210422541611,79747.61890751283,11962.142836126925,4154.660855099084
6.13724657071322,257638.79297644316,38645.818946466476,6296.931123947881
2.674697280453807,65680.67014630756,9852.100521946133,3683.4450739317163
1.8309111314574023,74287.10597450736,11143.065896176104,6086.0768743626795
3.548108407715255,144255.96795776312,21638.395193664466,6098.572170628278
3.9719053375980873,87561.69531695986,13134.254297543977,3306.789357041071
1.6673328194785104,46949.97947099766,7042.496920649649,4223.809930672583
2.981571847322816,131400.5704913507,19710.085573702603,6610.6357931305565
4.559955504360001,138860.62146956625,20829.093220434937,4567.828172998443
1.5152795679089708,36082.30072296745,5412.345108445117,3571.845897660952
2.86442701565868,106086.691333172,15913.0036999758,5555.38808040343
1.7043045136278407,82657.71279611143,12398.656919416715,7274.907048755337
1.3276268828492888,60674.17918637155,9101.126877955732,6855.184235516031
4.08271207704471,157679.56952222955,23651.935428334433,5793.192118865995
2.148969597237309,55909.055617537335,8386.3583426306,3902.502089099821
3.0286485015034463,52926.50369438543,7938.975554157814,2621.2931445220006
4.268576521336962,94319.97841295782,14147.996761943672,3314.453118322539
1.8403154416750054,55670.667035128965,8350.600055269344,4537.591690079421
2.6804035206344783,75661.87077209559,11349.280615814338,4234.168672158679
3.217451209076891,66883.61370181835,10032.542055272752,3118.164473471894
4.8545134422204885,176326.72480437392,26449.00872065609,5448.333604481302
3.1797027846244985,110537.72138308425,16580.65820746264,5214.530832138987
2.519136009900609,69902.16993708425,10485.325490562638,4162.270496453398
2.284707892465309,61907.39262737274,9286.108894105912,4064.462211878542
4.162124525765493,180083.05910241633,27012.45886536245,6490.065037252664
2.2737320644471524,94488.74725704311,14173.312088556466,6233.5014358882445
4.401434255194318,132041.71938683908,19806.257908025862,4499.9554144542
6.168540981468733,178758.2927427814,26813.74391141721,4346.853492903737
4.40222719472046,126724.50029545468,19008.675044318203,4317.967747579018
2.7736339052449286,68997.83850796786,10349.675776195178,3731.449834321678
2.6703325517582748,101391.73154604337,15208.759731906506,5695.455317687803
2.6815028583192912,116180.11304164103,17427.016956246152,6498.973850495552
2.5210825544953854,94405.08759685545,14160.763139528317,5616.937499439682
1.9229077229530538,33853.053132409244,5077.957969861386,2640.7704900488147
6.1791044958893595,132077.60390063186,19811.640585094778,3206.2316794083094
3.7033485775398796,89416.99481314946,13412.549221972418,3621.7355566573005
1.81158331584864,62565.641294272806,9384.84619414092,5180.466231962712
4.530944845115883,115607.51419881574,17341.127129822362,3827.2651119369007
4.178776058585981,139196.2331895516,20879.43497843274,4996.543170944161
3.8454622808202403,121411.87828050161,18211.78174207524,4735.914803509827
3.943170075202454,134310.081787848,20146.5122681772,5109.217173987307
3.7667852849157017,79280.62518230514,11892.093777345772,3157.0936163970678
2.2818194103213223,77871.11907497382,11680.667861246073,5119.015031781687
2.071022829118626,97117.7707920441,14567.665618806615,7034.043958369228
3.948997219034475,178873.92988350368,26831.08948252555,6794.405767924475
0.7908591683738222,38032.27267882465,5704.840901823697,7213.472549801864
3.7679363338317318,175875.04581460787,26381.25687219118,7001.513437294006
4.460585844480856,201074.22300173988,30161.133450260982,6761.697790791262
6.616825659314747,270767.7061369209,40615.155920538135,6138.1632238356915
1.9660052384767088,60989.35799073835,9148.403698610751,4653.2956879092935
4.703365971049318,143480.89844394842,21522.134766592262,4575.900514454478
3.7298795148797073,184251.62695875828,27637.744043813742,7409.822202984777
1.0263974743426003,22030.559580928366,3304.583937139255,3219.5947668867907
4.286242945651305,182093.78070362005,27314.067105543007,6372.496251817701
3.483598184026845,93339.53548842558,14000.930323263836,4019.100247399814
2.575806114568576,68065.32157145295,10209.798235717943,3963.729326509496
4.818523637726994,171065.04937302283,25659.757405953424,5325.232236083356
2.6142729411943764,107643.35461124095,16146.503191686143,6176.2882280797085
2.2175217121701656,98531.46107207684,14779.719160811524,6664.971566996489
2.558701010099879,52174.584828969695,7826.187724345454,3058.656597020673
2.352679969748349,84503.0846030236,12675.46269045354,5387.669744053354
5.1685997010714235,202122.64543740597,30318.396815610893,5865.882167142108
3.0255590971976503,158458.76033564642,23768.814050346962,7856.007199582465
1.24559110339543,32528.703079642168,4879.305461946325,3917.261008564961
3.950947700322243,145683.3490974708,21852.50236462062,5530.952070774895
4.712064133094827,79514.717918682,11927.2076878023,2531.2065691195617
5.511417148052681,261117.3999731781,39167.609995976716,7106.631369722322
2.7135658937571687,111101.86545060808,16665.27981759121,6141.468632079789
4.017676232582789,79837.6612818888,11975.64919228332,2980.740233661062
3.287198319772425,107295.6822351332,16094.352335269978,4896.069774209485
2.1336095929921806,99529.41091016367,14929.41163652455,6997.255583008276
1.6487700307033393,58324.73177037994,8748.70976555699,5306.203777748756
3.6262818735224096,176861.28978100643,26529.193467150963,7315.811178622383
4.390477611472432,125501.41486609392,18825.212229914086,4287.736755728652
2.678028918724365,70172.31229293012,10525.846843939516,3930.445549091879
1.5601413644430222,51780.024081210664,7767.003612181599,4978.3973357789
1.3664214156140355,52734.378563783415,7910.156784567512,5788.9584385743
5.205961622210173,301652.74334831303,45247.911502246956,8691.556869955779
4.608522913713265,160681.97724303114,24102.29658645467,5229.939622245367
2.516125885848244,94314.52413761934,14147.1786206429,5622.603662325727
5.001957267338371,147346.54739809723,22101.982109714583,4418.666719533059
3.4809313327025873,110725.24163616855,16608.786245425283,4771.362792879416
3.098299253509506,152532.73105686184,22879.909658529275,7384.667453478788
3.290836954530769,185654.75139973607,27848.212709960408,8462.349576942563
5.519955550054606,130603.51811671899,19590.527717507848,3549.037223191779
5.543103816797887,169870.05279413535,25480.5079191203,4596.794280111419
3.600558120461369,116427.3026944464,17464.09540416696,4850.3856401932335
5.2811216467476205,328881.2292644235,49332.18438966352,9341.232353555944
2.9464618274187173,63321.19951931546,9498.179927897318,3223.5883185421444
2.717797315146614,37043.26515628848,5556.489773443272,2044.482766421278
3.3354650859748824,82048.08198821399,12307.212298232098,3689.8039646650873
3.5305373119404697,127253.51165587797,19088.026748381693,5406.5500692557325
2.4457179285526114,54979.50301886753,8246.92545283013,3371.985524802815
3.865158590592063,91570.7152343021,13735.607285145315,3553.6982411480567
3.181161966283698,55838.91497004387,8375.83724550658,2632.949008657806
5.211948452923116,137881.5645264626,20682.23467896939,3968.2346949094976
3.1917251908377167,92967.65102062897,13945.147653094346,4369.156747305751
3.8839144987135934,110078.67198261143,16511.800797391712,4251.329632220444
1.7798013037554654,71425.78456865324,10713.867685297986,6019.6987510298
1.8575381280299794,58555.68476826073,8783.352715239109,4728.491212481508
4.191100507262443,107212.57904555368,16081.88685683305,3837.151323134808
5.193108063821307,178545.99607901013,26781.89941185152,5157.200482391709
1.179316879769638,50668.20477463756,7600.230716195634,6444.604369336446
2.9792089355103784,98968.87080511094,14845.330620766641,4982.977341340256
4.987109516508902,160318.1336623305,24047.720049349577,4821.975529060282
3.8514530445314628,151058.08063282445,22658.712094923667,5883.159377237103
4.675409412174058,99834.01497226319,14975.102245839478,3202.9499292289956
3.5415009190527873,100613.22652159363,15091.983978239045,4261.46549815821
4.555816454081598,134619.59426977774,20192.93914046666,4432.3425546206145
3.0877803580746335,104081.47186682757,15612.220780024136,5056.1306082531855
2.07337319602466,110090.2593993067,16513.538909896004,7964.576247806184
2.804557684313263,83501.66423136734,12525.2496347051,4466.033879339548
3.772508133760648,171129.37902023058,25669.406853034587,6804.334395813716
5.736868832647331,297180.25826467836,44577.038739701755,7770.273304145124
4.288883030244421,186610.8945103373,27991.634176550593,6526.55574403841
3.728681259731058,169935.43258323875,25490.314887485813,6836.281546179782
1.6040166914040452,39460.61368786498,5919.0920531797465,3690.168615389272
2.8300314503915702,71276.70222360537,10691.505333540807,3777.8750946606983
4.172757453383237,95969.14748596033,14395.37212289405,3449.84636267857
1.2524141627415415,34593.4762184644,5189.021432769659,4143.215229545842
2.9349048366815627,54100.26816587043,8115.040224880564,2765.009660093809
3.5359771133635847,139989.5179616198,20998.427694242968,5938.507807328056
4.63187733489718,195223.1809279886,29283.47713919829,6322.161625173594
5.002495802103839,164055.37733387796,24608.306600081694,4919.205847155829
4.685246699164067,117340.59749296724,17601.089623945085,3756.704983557309
1.1236698821071998,17398.639489816727,2609.795923472509,2322.5646295497404
4.402635725854789,133225.36230880595,19983.804346320892,4539.054691480513
3.992301484376966,152907.59315934582,22936.138973901874,5745.091913438311
1.889692937422526,81099.55805427402,12164.933708141103,6437.518745629457
3.754197430765098,91028.91114611582,13654.336671917372,3637.085402068118
2.457612485375436,53663.01917723419,8049.452876585128,3275.314120710718
4.1513984689413395,64536.53600089705,9680.480400134558,2331.8600882471314
2.824037812138286,137053.42945411516,20558.014418117273,7279.652676658495
0.9793040836068087,16962.107562635767,2544.3161343953648,2598.085903026735
4.443888945958775,133610.27324523608,20041.54098678541,4509.9104029165655
3.11424692449856,65590.620849286,9838.5931273929,3159.2206289092055
3.2065232247386333,87713.26603644907,13156.98990546736,4103.19495083021
2.05488809802874,53780.104832041536,8067.01572480623,3925.768869139367
1.0160701098601062,45407.29049159323,6811.093573738985,6703.36968644491
2.5407728678813224,92427.83582706175,13864.175374059261,5456.676411071801
3.4661190014236354,112309.62966909517,16846.444450364274,4860.319118716048
5.0178069453490775,181996.15491474743,27299.423237212115,5440.508878587985
3.3037315070605495,77173.85800023974,11576.07870003596,3503.940521587851
0.9790794934515697,38400.99298186558,5760.148947279837,5883.22907976906
3.7952419291031774,191038.03682591973,28655.70552388796,7550.429210888106
4.178173986338108,131623.30094251194,19743.49514137679,4725.388460589371
4.534849213230284,158374.28200289074,23756.14230043361,5238.573805524954
1.2590897998412411,50547.20969957004,7582.0814549355055,6021.87505282906
2.5201685438982553,53302.561294877145,7995.384194231571,3172.5593169511294
3.0315358432419877,51838.52382718378,7775.778574077567,2564.9634298112032
3.4290796630219567,64307.67595587802,9646.151393381702,2813.0438313820932
3.7209701900193535,149919.48249045925,22487.922373568887,6043.564238672904
7.367327466001175,253405.09543022612,38010.76431453392,5159.369457913526
4.821311747470008,234855.89921515255,35228.38488227288,7306.805020596114
4.861070079414195,136972.3460215629,20545.851903234434,4226.610924669163
5.151576335599102,138153.58746181036,20723.038119271554,4022.6596228553353
2.2252865357723257,93746.11144198851,14061.916716298276,6319.148788368431
3.5481394056422593,70845.41880084928,10626.812820127392,2995.038132726299
2.856188766775323,96117.74389092706,14417.661583639057,5047.867196787836
2.9074695926756884,84693.8582163565,12704.078732453474,4369.462285850479
2.9597521876007153,88818.93786944172,13322.840680416259,4501.336543048979
3.496659628695021,120334.15831714527,18050.12374757179,5162.104884171476
2.751466364763361,133306.4091194747,19995.961367921205,7267.38353919182
4.726457336518574,119655.82706810701,17948.37406021605,3797.4264406322795
2.9185315779871637,107224.89443133376,16083.734164700063,5510.899483154677
4.193885688196291,157821.28219514125,23673.192329271187,5644.691841720791
2.244984370417344,80231.63398616057,12034.745097924084,5360.725560724869
2.5846575048614175,125140.12339790791,18771.018509686186,7262.478094053176
3.7177534434795363,79615.30407108905,11942.295610663357,3212.2344292649677
2.4277042752720064,69779.36692363281,10466.90503854492,4311.4415314740845
1.8891255135826908,96097.26283402709,14414.589425104063,7630.297363231873
1.8929654623702146,42605.99609070915,6390.899413606373,3376.131018050492
4.093206692876763,98414.7465725594,14762.211985883909,3606.515158781004
2.7220259390455572,95036.20103795218,14255.430155692828,5237.066242172295
6.53158028304362,119496.86411125108,17924.52961668766,2744.2868096134152
3.0723356710939944,79936.20857744885,11990.431286617328,3902.708743523388
3.071607654693177,98894.78285445271,14834.217428167907,4829.463621599712
2.330528606886087,93430.25945510191,14014.538918265287,6013.4592971122875
4.700827127653817,145586.25232363679,21837.937848545516,4645.552209328922
2.21150109370782,53731.117408224105,8059.667611233615,3644.433020704825
1.9279915574903042,72500.616170489,10875.09242557335,5640.632804289674
4.958924572407465,240962.00012719378,36144.30001907906,7288.737606575791
2.510390334574787,76329.8366210658,11449.475493159869,4560.834757635089
3.617355240461739,127914.30058011811,19187.145087017718,5304.1915464649155
3.6545528261335547,167799.38226315557,25169.907339473335,6887.274185636168
3.493823505107111,88799.00551889247,13319.85082783387,3812.399455314077
2.8214582109111883,70526.0091747045,10578.901376205673,3749.444643657941
4.095160367720316,142397.0456114707,21359.556841720605,5215.804736265063
1.8815215262132907,57621.73062296747,8643.25959344512,4593.760673490861
3.2364972084107206,97143.0735209864,14571.46102814796,4502.2319161224505
2.775626547608836,92173.25977702529,13825.988966553794,4981.213693342389
5.2702338641543784,126800.72129620389,19020.108194430584,3608.9685362534487
4.923449520994536,53078.701587177624,7961.805238076643,1617.1192990048894
2.640794373509898,98444.436817697,14766.66552265455,5591.751357387237
2.8499905031395287,142599.76010228458,21389.964015342684,7505.275541016595
3.1706545979818714,72990.25716879909,10948.538575319863,3453.0846035038417
3.1047714045336248,77085.38154865094,11562.80723229764,3724.205658237347
4.908413577286111,315832.0360611714,47374.80540917571,9651.755024964605
2.445522455113609,88283.88977162815,13242.583465744223,5415.032455765787
3.67125265331613,181573.56149655354,27236.034224483028,7418.730552331111
1.1213529251107472,28085.36634045454,4212.804951068181,3756.8947801622007
3.2328655584789825,67564.51190043615,10134.676785065421,3134.8896518399124
4.678262947425571,76919.74080590061,11537.961120885091,2466.291709241009
5.06171207457006,250380.71501755205,37557.107252632806,7419.842673651659
2.9517081759705714,88113.6835374028,13217.05253061042,4477.763973487802
4.535517107037102,125439.2374211573,18815.885613173596,4148.564578001419
3.815201091836821,163083.69285499761,24462.553928249643,6411.864889793318
1.5253157577214287,42673.715281347686,6401.057292202153,4196.545705240915
2.6184536722206753,59252.80566091532,8887.920849137297,3394.3395460571855
5.256293767699104,160141.74835955564,24021.262253933346,4569.9999496885885
2.930593822924923,109573.25052473963,16435.987578710945,5608.415417427845
2.0417496050075763,43841.12177180524,6576.168265770786,3220.8495349489162
4.102589924655036,130577.49997834333,19586.6249967515,4774.209793438819
3.4513146925025757,139980.84221533118,20997.12633229968,6083.805217157551
2.281546209871334,108075.9869569488,16211.398043542318,7105.443656324868
6.1213020428987726,193791.0789576222,29068.66184364333,4748.771035953933
2.016569817576076,75619.02311510425,11342.853467265637,5624.825566862737
3.3212061703617106,102996.55959649215,15449.483939473823,4651.7690101097305
6.568856424258722,236510.92366941765,35476.638550412645,5400.732830664067
1.076687521522238,34643.78497946788,5196.567746920181,4826.440023724981
1.5114424559238318,54544.28921385809,8181.643382078712,5413.135875608235
3.291487565818253,98289.83124735358,14743.474687103037,4479.274003709583
2.783477527563986,181635.69983242822,27245.354974864233,9788.24319760488
2.538896819830523,86805.44430512599,13020.816645768899,5128.533205472315
3.198169806395804,123669.37588789445,18550.406383184167,5800.319403330762
1.92683386327188,62045.07005795411,9306.760508693116,4830.079378452316
1.7788602844825327,87007.49705686957,13051.124558530435,7336.790119144733
1.8783092677362168,55477.8684545701,8321.680268185515,4430.41005606867
0.8817882304381096,20311.765682508114,3046.764852376217,3455.211520415118
5.605696676195448,266176.2037505526,39926.43056258289,7122.474309416384
5.77624721876253,97064.36873127912,14559.655309691867,2520.608062341737
5.162462055287605,127680.73843264507,19152.11076489676,3709.879231999465
4.358688001096459,115911.93047961677,17386.789571942514,3988.996130846884
3.739877736513397,88319.92389663043,13247.988584494564,3542.358739471885
2.301121718202339,74053.06337679535,11107.959506519303,4827.193372107651
4.381712866411731,140239.55736394948,21035.93360459242,4800.8471221025375
6.19043034537727,185324.76788365876,27798.715182548814,4490.594939543682
3.712147933995603,118562.18940737536,17784.328411106304,4790.845819542538
3.6810133837290113,153618.07337682365,23042.711006523547,6259.882430305204
2.418032899298868,141272.61758865882,21190.89263829882,8763.69078536662
0.882511757082021,16338.677132097575,2450.801569814636,2777.0752629042395
4.1774036488728035,70001.69440385065,10500.254160577597,2513.583805436398
5.7054028728564345,184420.02896428638,27663.004344642955,4848.562837911103
4.239852533646208,81278.56828659314,12191.785242988972,2875.521057923263
2.453862453023101,74975.57452916155,11246.336179374232,4583.11596296647
2.460624897796891,90596.05587618059,13589.408381427087,5522.746841094837
1.2680215433932889,43788.87708899342,6568.331563349012,5179.9842026120705
3.8150502136773157,121659.31903755898,18248.897855633844,4783.396504247787
2.692557276258328,69885.86908583963,10482.880362875943,3893.280360387847
3.584218687824852,111087.25373505715,16663.08806025857,4649.015451222612
3.6420034742374536,100221.16532827585,15033.174799241377,4127.721158308053
5.688267667461759,176002.83623821932,26400.425435732897,4641.2065991109375
1.973359163597481,81100.51970309089,12165.077955463634,6164.65475716362
3.5261280918572955,82516.59161886547,12377.488742829819,3510.220962027021
2.3532847400950283,80923.19635311211,12138.479452966816,5158.100609821084
2.280956982629476,107793.37314512403,16169.005971768604,7088.693953854865
1.6244183361865268,65568.0328132685,9835.204921990275,6054.601024191425
5.227777722027127,122131.3255094145,18319.698826412176,3504.299494070401
2.727637116747614,87502.1003463654,13125.31505195481,4811.972593922319
3.4917629523748204,129434.15942398716,19415.123913598072,5560.264020899083
4.6254240989350075,148874.23190217934,22331.1347853269,4827.910761840972
5.483054318802154,194043.9777799316,29106.59666698974,5308.464037494427
1.7495206365360487,49886.12844068815,7482.919266103223,4277.125465018222
2.3701438789510374,76809.56962390222,11521.435443585333,4861.070058195966
3.840620792134989,108378.52141729386,16256.778212594078,4232.851690509384
2.894719647375208,87269.19559382852,13090.379339074278,4522.157906014837
2.693827511197772,64624.340313756875,9693.651047063531,3598.4676104051623
4.095649490371032,162263.5127761688,24339.52691642532,5942.775858541636
2.3432274838824387,94786.7275511727,14218.009132675905,6067.703298323566
4.169811987240825,107710.67767376326,16156.601651064488,3874.6595051532167
4.74996267346434,66127.04804526462,9919.057206789692,2088.23897968767
4.477510487268276,196716.54518892276,29507.481778338413,6590.153582496888
2.6985444569141426,141839.74199276228,21275.961298914342,7884.235979289358
3.44090013690963,80600.88099212969,12090.132148819454,3513.6538893215147
3.8219382579430907,141247.18357034712,21187.077535552067,5543.542596879792
6.188571060500466,234127.78383591495,35119.16757538724,5674.842743511646
2.609907412028862,63899.725431233455,9584.958814685018,3672.528293727464
1.8137533463965216,56333.72611654103,8450.058917481154,4658.879849495152
1.029065477237763,20738.2303622137,3110.734554332055,3022.8732992597784
3.7284445601901473,108812.36410150288,16321.854615225431,4377.65785483291
1.3182356328188094,52589.61134708165,7888.441702062247,5984.090784433004
3.8104180358509385,188357.8495824082,28253.67743736123,7414.8498069062
5.242944121592166,252655.5935727069,37898.33903590603,7228.4461090913055
3.33440889253895,79267.24516476254,11890.08677471438,3565.8754393678455
3.1454387344735792,107787.16110934899,16168.074166402348,5140.165023467938
3.9717742816878054,106329.29365022923,15949.394047534384,4015.6849096562178
0.8808534357089368,27780.01124478131,4167.001686717196,4730.6413505255505
0.2716300041205254,8238.142591514637,1235.7213887271955,4549.281633036722
5.763675319484286,147417.90116772006,22112.685175158007,3836.559825013976
2.845207434316726,69883.54227450673,10482.531341176009,3684.2766593197025
4.262273955307164,143387.37932951166,21508.106899426748,5046.157784542676
2.337878015803545,41345.500526998105,6201.825079049716,2652.758200867082
4.717379805081694,84022.02910325293,12603.30436548794,2671.6747190699607
2.439431139362869,92582.58625665274,13887.38793849791,5692.879669530257
3.676110714308086,198258.7086054297,29738.806290814457,8089.74718173358
4.2124379990574115,130692.50616713647,19603.875925070468,4653.807588255802
2.794493341500489,119242.89019704433,17886.43352955665,6400.599802450279
4.511207906854897,153282.52595862557,22992.378893793833,5096.723398373265
3.8464671120720775,146538.15915975985,21980.723873963976,5714.5227642731725
5.696559562453902,190627.22920850478,28594.084381275716,5019.535750971463
3.2702271622510293,120261.56420486589,18039.234630729883,5516.202311252516
3.406952084940517,182624.41655208543,27393.662482812815,8040.518856692724
3.1144151370894133,110610.7795459418,16591.61693189127,5327.362025152825
3.268129788693978,131584.3992336156,19737.65988504234,6039.4357510905265
3.885067896141681,128814.48212752763,19322.172319129146,4973.445210138614
3.0608121610722554,97285.68117644901,14592.852176467351,4767.6405504593995
2.9920136069847407,107241.51735644403,16086.227603466605,5376.388518392405
2.8262924948535866,96701.50556644556,14505.225834966834,5132.245109584195
3.0235289153900395,135214.02416145793,20282.10362421869,6708.089848580882
3.846237086663912,103768.64530523254,15565.29679578488,4046.889581964293
4.746070573468286,200512.1667607522,30076.82501411283,6337.205599564777
3.6778709239488196,154630.30522784797,23194.545784177197,6306.514356755595
2.635574702214615,88155.87558099143,13223.381337148714,5017.266756293191
5.7339089571199455,219125.7640177651,32868.86460266476,5732.365973800583
1.7659018791999082,28376.409933507908,4256.461490026186,2410.3612664791412
3.280851584045427,54420.844613661386,8163.126692049207,2488.112151048214
2.8375737927830182,105530.67826129204,15829.601739193804,5578.569191558731
1.806884091294534,54391.72662587979,8158.758993881968,4515.374856190505
3.8727242463140876,57368.960938501536,8605.34414077523,2222.0389559017717
2.446075139906237,64539.088658979505,9680.863298846925,3957.7129667480344
5.168367039782397,123351.02543560891,18502.653815341335,3579.9806153319073
0.7240611136798748,22408.7877345042,3361.31816017563,4642.312778119654
3.5528553232302085,61252.87466542475,9187.931199813713,2586.069615539585
3.194800024157333,141998.15431133826,21299.72314670074,6666.997303632111
4.667078099978166,114912.35270012704,17236.852905019055,3693.2857209095546
3.038388271106375,77461.83237291571,11619.274855937356,3824.157355539818
3.0980232102926584,161816.69940390257,24272.504910585387,7834.836365958813
4.512338575983574,133232.95083657128,19984.94262548569,4428.954585068893
4.355042793209805,208237.54778672627,31235.63216800894,7172.2905264467645
1.607131412538031,45851.92985768664,6877.789478652996,4279.543928390635
2.791152134326023,93754.96930742997,14063.245396114495,5038.509088473722
2.7954567143258826,81660.8564167913,12249.128462518695,4381.798651986118
4.256549053384297,258541.0867407561,38781.163011113415,9110.939994989436
1.6839058261510471,43462.53646637635,6519.380469956452,3871.582584198304
4.9319117469672795,126994.49820470047,19049.174730705072,3862.432198309053
2.9908711082955945,88571.12743662033,13285.669115493049,4442.073440959528
3.6320960298143383,75857.36627392091,11378.604941088137,3132.7929789537466
6.283236065292821,225756.6809230152,33863.50213845228,5389.500217174176
4.921952830260246,169946.00798282417,25491.901197423624,5179.225010182747
2.544024268325911,54827.08521250943,8224.062781876415,3232.698242807345
1.885469092918443,89469.80536746427,13420.470805119641,7117.841843987284
3.2146569856327116,143093.8945920444,21464.08418880666,6676.943849603936
3.4682014488767248,114683.07347397757,17202.461021096635,4960.052429096395
5.3440934228968615,298427.00250565115,44764.05037584767,8376.35999850888
1.381455350413042,64736.00840639004,9710.401260958506,7029.1097414441865
2.2023467918862973,84178.54410578881,12626.781615868322,5733.330310370219
1.8501942766536363,78243.94416678823,11736.591625018234,6343.4374287686605
7.904640573233441,204797.85455973452,30719.678183960175,3886.283999804194
3.291211896594438,136036.71541734066,20405.507312601098,6199.998041364513
1.0391610397795044,43163.69328178454,6474.553992267681,6230.558830074588
3.5771792110119343,114888.89311086193,17233.33396662929,4817.576349985054
1.8151885580094695,89884.82494255941,13482.723741383912,7427.7262722331325
2.483488470689062,103235.83443265692,15485.375164898538,6235.332012877036
2.165299587751614,38806.64424448561,5820.996636672841,2688.3100470716845
3.5546141301035274,123698.70949868832,18554.806424803246,5219.921416410631
4.823935650781444,144297.15288381028,21644.57293257154,4486.911621440321
2.92975868728724,108383.89772633545,16257.584658950316,5549.120727756506
1.502270159684984,78630.0452337683,11794.506785065243,7851.122322457948
2.4811770031439435,100313.80864957228,15047.071297435841,6064.489263913631
2.6649861616916724,106863.9634289241,16029.594514338612,6014.888461620901
0.22255846981945135,3813.072205138918,571.9608307708377,2569.935133157754
3.2139740298934374,159634.08100838188,23945.112151257283,7450.312892556636
3.352080951732258,96449.4520306887,14467.417804603305,4315.951199545752
0.6486773990275557,17681.81602500993,2652.2724037514895,4088.738728569178
3.770931173336084,191068.77547280292,28660.31632092044,7600.328673080793
2.8253051193983034,114849.63837513405,17227.445756270106,6097.552309656022
2.315991625403472,77189.8033517983,11578.470502769744,4999.357672872691
3.189434033120515,103996.27515104656,15599.441272656983,4890.9747342836945
2.8448907226709492,65095.87510207743,9764.381265311615,3432.251786509481
2.9355254584169055,109308.31274793299,16396.24691218995,5585.45553239121
3.761125444029461,106228.74589876423,15934.311884814633,4236.580811232793
1.9733945194427664,48982.56154493004,7347.384231739506,3723.2211599605585
4.2589207627301535,117883.61509689975,17682.54226453496,4151.883364272709
3.2502824325290933,152161.58628118018,22824.237942177027,7022.232195500976
4.916523460405505,124152.83533355159,18622.925300032737,3787.8239471467423
2.253750214739781,69794.5411504264,10469.18117256396,4645.226921818723
3.3152433310924447,95992.52438133067,14398.8786571996,4343.234332803818
3.544162944384557,126446.26841534831,18966.940262302247,5351.599393124362
2.790507790861678,96625.18441319087,14493.777661978631,5193.957067399232
3.2006355902694197,65794.4038739943,9869.160581099146,3083.5002307364803
3.3292076246014446,81693.00597076652,12253.950895614978,3680.7409682302277
4.110391111563134,135531.81292430506,20329.771938645757,4945.945869106014
5.187242860168064,222348.47207653173,33352.27081147976,6429.672122658078
2.694617949062636,67009.24918987816,10051.387378481724,3730.171611889638
3.493858498723868,151694.5671428524,22754.18507142786,6512.623530614886
2.549554094601724,119657.53279806656,17948.629919709983,7039.909432678192
2.1496254908109713,41433.581024921776,6215.037153738266,2891.2185775176918
4.5205206659463935,262335.8025996316,39350.370389944736,8704.831433771698
1.2311992487081085,34483.42697860092,5172.514046790137,4201.199807600298
1.3044499925929374,39024.51734198135,5853.677601297202,4487.4680014842725
4.63917564330347,128019.394966963,19202.909245044448,4139.293426573178
4.099666220076515,213652.6081426684,32047.89122140026,7817.195230299047
4.862309249112644,251487.0361910506,37723.055428657586,7758.259192490054
3.5047497485494965,147926.85452989108,22189.02817948366,6331.1305432483405
2.8641806137954586,88580.89507131258,13287.134260696886,4639.0699653153115
1.5791726431071726,39686.2503414831,5952.937551222465,3769.6559506688855
4.011220177083904,109635.92921289707,16445.38938193456,4099.847092883869
3.170371727441722,143700.17494006845,21555.026241010266,6798.8955536150115
0.19970011425091602,4941.799382096586,741.2699073144878,3711.915289057415
3.14478924257031,121412.73456312384,18211.910184468576,5791.138540522212
4.071331909605845,223302.13341789515,33495.32001268427,8227.116028947645
3.813334818054149,99799.2597660779,14969.888964911685,3925.668654647653
2.6373387631034553,100267.43393298802,15040.115089948202,5702.761928183218
2.9389316109026504,67850.83615958861,10177.62542393829,3463.0358141652637
2.878661053290494,82167.87407460467,12325.181111190699,4281.567326970373
2.507684832767536,80641.7865943441,12096.267989151615,4823.679527463548
0.8487960339080927,33610.59917320512,5041.589875980768,5939.695373890813
5.8128180108819905,177095.99532185914,26564.39929827887,4569.969204015764
2.185592622024447,107349.96721179372,16102.495081769057,7367.564714257598
3.099664710159212,111012.49429469235,16651.87414420385,5372.153346014169
3.2815923676302696,114949.85336061184,17242.478004091776,5254.302202239413
2.2957033232694535,91801.53702097737,13770.230553146605,5998.2622377945445
3.3737924132946837,117426.88786849841,17614.03318027476,5220.840829111279
0.30894690687613524,15203.705556007313,2280.555833401097,7381.707933122084
4.111903811733121,134041.67492929022,20106.251239393532,4889.766920622342
3.1938500151268574,80872.06441464851,12130.809662197276,3798.177624103444
2.4601719459529034,96377.32678163795,14456.599017245693,5876.255536133345
1.8579383692976494,45040.674643490296,6756.101196523544,3636.343006941361
3.489062796716705,103715.55676290662,15557.333514435992,4458.886073668788
4.510894217992929,111336.44103984718,16700.466155977076,3702.25178177815
2.397271237853861,83021.75737352105,12453.263606028157,5194.766203083823
4.002487635846144,147211.723265126,22081.758489768898,5517.008545386978
2.299310725813116,46854.27004678375,7028.140507017562,3056.6292881238
4.927913045994419,194149.43252753332,29122.41487913,5909.685217112693
0.9812448003895744,27884.12474156756,4182.618711235134,4262.563948949893
2.8808899483094446,170706.72917181256,25606.009375771882,8888.228927591603
5.154329102403073,148604.8213432838,22290.723201492572,4324.660447292761
6.094861558603413,107200.51342166911,16080.077013250366,2638.3006174360066
3.3735560146895742,115212.3848119454,17281.85772179181,5122.742188521817
4.211472027946458,123857.1623874188,18578.57435811282,4411.420575710639
2.2599024037546394,87687.17876723125,13153.076815084687,5820.196833824304
4.555584557154668,145649.38422072155,21847.407633108232,4795.741876593267
1.7342380462515785,73589.94070077894,11038.49110511684,6365.038022880241
4.230237531937091,143443.4830734623,21516.522461019344,5086.362715704666
2.0762458551231306,37679.14295595833,5651.871443393748,2722.1590494438665
2.2271832822703983,27558.232544319682,4133.7348816479525,1856.0371364829969
3.7532745853648777,86971.36285794507,13045.70442869176,3475.819349738173
2.7516422327347967,69782.76597606984,10467.414896410477,3804.060997423762
2.3060633047952583,52653.78809659934,7898.0682144899,3424.9138772845276
3.2066403082541193,193127.49801601013,28969.124702401517,9034.104831724637
5.511003434652329,175782.1363587413,26367.320453811193,4784.486303894786
0.7326507992323855,21353.760946381823,3203.0641419572735,4371.883775071555
3.5522279278093984,86044.70233166617,12906.705349749924,3633.411372256532
2.1098043423332573,58674.36451095864,8801.154676643797,4171.550176501437
1.884485096706611,47601.36339113203,7140.204508669804,3788.941881869092
3.8537224881897663,114950.28041272494,17242.54206190874,4474.256284605535
4.861375948776117,248701.26362879045,37305.189544318564,7673.792345500535
4.939442365054869,304750.96128227795,45712.64419234169,9254.616374460704
4.071939618391164,129776.82058162916,19466.52308724437,4780.651215779977
3.7205642803693495,163540.64573924127,24531.09686088619,6593.38073805593
3.2375437689093753,129256.9417122327,19388.541256834906,5988.657649365551
2.079945057608936,51507.20548399408,7726.080822599112,3714.560052601035
5.44063591573813,66838.58815102772,10025.788222654159,1842.7603644001533
1.7630705141227467,78090.2285407942,11713.53428111913,6643.826317376448
2.181491001644577,84191.12308548427,12628.668462822641,5789.007817727495
2.7184623298816257,74789.64982631803,11218.447473947703,4126.762159119639
3.111863559637914,114250.58473646802,17137.5877104702,5507.178377854161
2.9176768489431404,110183.3756880531,16527.506353207966,5664.611678704126
4.844869491585617,146364.97650780666,21954.746476170996,4531.545486271851
4.3401519834650975,203342.3166788281,30501.347501824213,7027.714148727229
4.449761872867721,245981.6838763119,36897.25258144678,8291.961151095878
3.616087113027052,111089.72244679589,16663.458367019382,4608.146276949143
2.9365070504211994,112800.14074760566,16920.02111214085,5761.9548741467925
5.69891348330983,173448.80736755408,26017.321105133113,4565.3125251557085
3.5908169080536245,88349.1453974907,13252.371809623606,3690.6286644414167
3.875742635296304,181635.24126222447,27245.28618933367,7029.694371657045
3.7233041835992626,114211.1789733425,17131.676846001374,4601.2025881378395
3.1613477756125214,122419.34414264065,18362.901621396097,5808.567397441183
2.893895523722644,115767.14906573707,17365.072359860562,6000.5871730719955
7.742626870690305,326479.4997725305,48971.924965879574,6324.975461656647
3.3631720442429196,75872.14792823007,11380.82218923451,3383.9548020495145
1.833801147698712,60806.208196196545,9120.931229429481,4973.784230027117
3.386514479145644,123248.11430129485,18487.217145194227,5459.069275811339
3.1872535414114274,97939.31793490483,14690.897690235724,4609.265469269847
4.7828146490477135,173289.13510174974,25993.37026526246,5434.743382840038
2.7878884705981952,118182.3798517288,17727.35697775932,6358.703787729203
4.624859474802582,163688.41183311824,24553.261774967734,5308.97466371469
4.825661509088204,116055.44394541444,17408.316591812167,3607.446680424426
4.806302683134218,99486.34514115323,14922.951771172984,3104.8714063596262
2.741714054356677,71117.35442994065,10667.603164491096,3890.8518368426903
4.70422780810004,114559.46195994095,17183.91929399114,3652.8671643840826
3.8106882323812434,190300.6867983301,28545.103019749517,7490.799897296269
0.2951785798023864,10380.809913811538,1557.1214870717306,5275.184561542978
5.6888448599924075,175213.79590224056,26282.069385336083,4619.93076488487
2.688242214606224,123852.18435302442,18577.827652953663,6910.771489270344
4.030207447213373,107955.33841243625,16193.300761865437,4017.981946081226
0.27177087227278146,12776.547545592022,1916.4821318388033,7051.830521098651
3.3276085956976935,84835.66547301518,12725.349820952277,3824.1726618343996
3.247988095758536,92586.48679410931,13887.973019116396,4275.869433527894
3.7533768342704903,105810.20596761933,15871.5308951429,4228.600429945293
3.7145277406079034,112173.32033926353,16825.998050889528,4529.781233545414
1.8119542945943568,32639.4280287192,4895.91420430788,2702.00756107037
3.1548331803946232,124669.72224513577,18700.458336770364,5927.558532407476
4.074211148793494,97887.77039358045,14683.165559037066,3603.9284717448254
0.5723400571906513,11895.849576084896,1784.3774364127344,3117.6874901459905
3.5990048321817163,125956.0307295986,18893.40460943979,5249.619128181778
1.7965342139827278,56874.988250670875,8531.24823760063,4748.725724898803
4.362161859834653,161357.75349836203,24203.663024754303,5548.54767027644
3.0490676273881667,145137.65761382217,21770.648642073324,7140.100287221925
2.5759251572786517,59922.699771659034,8988.404965748854,3489.38902217357
3.736208091146107,109383.34174905853,16407.50126235878,4391.484859004646
3.4932005172634506,118615.9778972837,17792.396684592553,5093.436977540297
3.4753945636434276,172657.60194848038,25898.640292272055,7452.000001151303
3.1841455624014436,68745.86466867597,10311.879700301395,3238.5076304502554
3.2617426263454545,234312.5574034425,35146.88361051637,10775.492623676411
7.08004334419502,285318.93048067094,42797.83957210064,6044.855587952142
3.194926334138709,96060.93395660631,14409.140093490947,4510.006988118985
2.749905368482052,101403.21939648196,15210.482909472294,5531.2750336090585
5.534494722272675,189024.4244742678,28353.66367114017,5123.080803932373
3.183941101845699,94176.66296285541,14126.499444428311,4436.796722225584
2.232476569394328,39668.27283024062,5950.240924536092,2665.3094621953396
3.335843482030809,73741.64589724001,11061.246884586002,3315.8770620293276
3.2941696549236252,80138.74586611781,12020.811879917672,3649.1174223376092
3.339784210590594,113178.30179888313,16976.745269832467,5083.186277723724
5.397563176446275,136709.83448684344,20506.475173026516,3799.2098476053156
4.324058274049334,116565.26817164331,17484.790225746496,4043.60651906122
6.204103845665088,197388.4600270286,29608.269004054288,4772.3683775445
3.052020743655683,150120.07523027115,22518.011284540673,7378.066263589284
3.7341483527672477,113245.8503534506,16986.877553017588,4549.063386951191
3.0945930224602725,109426.71213426178,16414.006820139264,5304.092234748772
2.8440010691026165,97439.93811331068,14615.9907169966,5139.235310346935
3.360110442197992,178714.93521850515,26807.240282775772,7978.083085042886
4.068288182929211,220106.87926232102,33016.03188934815,8115.460460221442
4.125477058041509,190109.35232477877,28516.402848716814,6912.267950474175
3.14861758456584,64155.51737637,9623.3276064555,3056.3659599781
3.6287200561526394,123437.52331314122,18515.62849697118,5102.523261770275
4.94518525172473,140655.185424659,21098.27781369885,4266.428200306634
3.996132789293386,139755.38485446534,20963.307728169802,5245.898680928625
1.6189246499525647,48579.640653320865,7286.9460979981295,4501.102690734643
2.7526016189366547,90127.2325966064,13519.08488949096,4911.384486765454
2.8223897796438266,118807.32543716002,17821.098815574,6314.18769445195
3.2564974380854173,72688.30839256868,10903.246258885301,3348.1513393407163
3.7162300382695075,112435.75034141725,16865.362551212587,4538.298861355224
2.1457945858521996,58538.12337546105,8780.718506319157,4092.0592139680075
2.1842883272031997,76146.92944636657,11422.039416954985,5229.181182128992
3.7742390119638585,102694.77371380648,15404.216057070971,4081.409791017888
3.171901309207039,62248.524142329756,9337.278621349464,2943.7481532752167
2.7132476590608388,88055.72800690052,13208.359201035079,4868.099363110483
2.263853163311881,71740.48174688107,10761.07226203216,4753.432084919041
2.919372980811401,52408.96132115814,7861.3441981737205,2692.819399866051
2.91806454118625,82060.20940268777,12309.031410403166,4218.217670195638
0.7440707957932257,29936.036192912383,4490.405428936857,6034.916911568617
2.8873420965294523,111204.12983885332,16680.619475827996,5777.153838430813
7.412472373574344,245952.19646662456,36892.82946999368,4977.12876496074
1.1150666185668858,18465.513058401335,2769.8269587602003,2484.0013256966276
2.793940296402325,110485.50872984724,16572.826309477085,5931.703813004676
3.068801052489252,91172.14823722585,13675.822235583877,4456.405613029479
2.1795511361627393,93235.24427913729,13985.286641870593,6416.59028312257
1.6398563336467649,57353.00031024961,8602.950046537442,5246.160819104151
3.009532198894171,74551.21608497192,11182.682412745788,3715.7543676903592
3.8863828884380984,218464.32501688326,32769.648752532485,8431.914634561987
4.175999570848421,157371.73958727077,23605.760938090614,5652.721112060537
6.304107401852803,136353.08360223914,20452.96254033587,3244.386752409177
2.5897151047098266,64026.04146900516,9603.906220350775,3708.4798257864263
3.831907747345545,138620.6539710698,20793.098095660473,5426.304458938072
4.4542247661126195,174041.0458997741,26106.156884966113,5860.987771335573
4.260498482321782,100492.02637277453,15073.803955916179,3538.037630681569
3.3074976973434467,152858.95636284832,22928.843454427246,6932.383799645119
2.848430113860274,53370.54065263675,8005.581097895512,2810.5239650925187
3.2606170025094494,130844.50696701891,19626.676045052835,6019.313531748032
3.524643024848631,154775.10059072607,23216.26508860891,6586.8415396778955
5.497707592187699,184429.8973696406,27664.484605446087,5032.003638163225
4.6578236406595765,113148.09001860672,16972.213502791008,3643.807669022788
3.2866861594179935,158462.82529586158,23769.423794379236,7232.033313028077
1.1841387226524176,37690.7045116596,5653.60567674894,4774.445399509541
3.9883704874406485,162210.4845725848,24331.57268588772,6100.630009801666
2.544801821615966,143774.47673810882,21566.17151071632,8474.597639599951
3.022859451593333,127158.19090257036,19073.728635385552,6309.829795537432
5.7704893026523285,205231.32623745326,30784.698935617987,5334.850706935408
4.401774689154321,153298.6644744566,22994.79967116849,5223.9838008579
2.308638011061665,97499.97083991839,14624.995625987758,6334.902031376592
4.143661659907571,221079.76085582114,33161.96412837317,8003.057886997675
1.787278050378082,31837.63550962943,4775.645326444414,2672.0214716642276
3.6583136486287566,55134.41784021668,8270.162676032502,2260.6488864431844
2.852801501271714,102684.93927186726,15402.74089078009,5399.163202877557
4.567419984040545,197656.81842967373,29648.52276445106,6491.306441721754
3.8275625257786925,91445.41976305163,13716.812964457744,3583.694027746065
6.498053037642236,246010.77615919866,36901.6164238798,5678.872765444408
3.5739896867722187,90008.29645961945,13501.244468942918,3777.6394595968495
4.539965464038825,153216.32088522447,22982.44813278367,5062.251753857643
2.523463807100325,77761.88176564549,11664.282264846823,4622.329922872988
3.0769642468217873,107126.85533341083,16069.028300011623,5222.364321135486
3.3844011545255728,119006.79446788767,17851.01917018315,5274.498605554789
4.4988097554013,83867.60411619097,12580.140617428644,2796.326428857065
5.75441697817913,175511.54866271646,26326.732299407468,4575.047724076825
4.3187456250452065,106858.7693478619,16028.815402179285,3711.451609751038
2.698245761685523,108251.53903303106,16237.730854954658,6017.884317850786
2.8690104844652073,110690.70585852025,16603.605878778035,5787.223842046363
3.3259089808388995,93090.9146096813,13963.637191452195,4198.442372265438
3.4649203991866124,95910.31552677031,14386.547329015546,4152.0570955664025
4.90490173690719,141696.2690348629,21254.440355229435,4333.306046744889
3.8642828804713942,124948.11707157352,18742.217560736026,4850.115309997624
3.3859666599723237,104852.24790974965,15727.837186462448,4645.006512435951
1.8362968696257462,49831.67705119786,7474.751557679679,4070.5572619110876
4.41491974313066,143975.0470191819,21596.25705287728,4891.653372970077
3.156350249042344,87840.75751089476,13176.113626634215,4174.4776678798335
3.652522228014275,113675.32674886692,17051.299012330037,4668.362832003933
3.282184198460281,119421.18904178357,17913.178356267534,5457.700504642871
2.264145275626977,47724.267407350984,7158.640111102647,3161.740630410877
3.21921903830686,37928.473816645615,5689.271072496842,1767.2829977698875
2.9241877369253433,67994.58505800967,10199.187758701451,3487.870368208799
5.9374629926790545,147723.26720241655,22158.49008036248,3731.9794847873745
3.6016317800326427,176994.98561735824,26549.247842603734,7371.4497938940085
3.0712835662941456,105326.69886646484,15799.004829969725,5144.104895867049
2.081265398244245,43527.80631136157,6529.170946704236,3137.1159834840105
4.543875676245208,201648.1716161483,30247.22574242224,6656.7018768913085
6.200558614764684,184678.94573241862,27701.841859862794,4467.636479380995
2.0967088768646542,81300.51165935553,12195.07674890333,5816.294709993036
1.6409675937621857,52687.81615755062,7903.172423632592,4816.166055731351
4.15191939919201,218255.2614043476,32738.28921065214,7885.097484556955
1.4606317967875766,63626.73839066992,9544.010758600487,6534.1660914071535
2.9599183812910734,73624.77915625084,11043.716873437625,3731.0883108271773
3.1358649137788848,97546.99635007473,14632.049452511208,4666.033089696713
5.78924271945483,176785.6347094069,26517.845206411035,4580.537816681524
2.275259113280676,81713.78999063344,12257.068498595016,5387.108847098147
1.9339351559298854,55432.614860423426,8314.892229063513,4299.467954532064
4.704122078014744,227078.54188768877,34061.781283153316,7240.837018738304
4.4510286588194985,170045.09899056758,25506.764848585135,5730.532603524067
4.7396782462183795,116715.35048187128,17507.302572280692,3693.774484850136
3.998534313980523,105710.89617956831,15856.634426935247,3965.6116921377716
2.1572566447611017,74767.0379281206,11215.055689218088,5198.758208233524
5.408595893699024,170589.51608473883,25588.427412710826,4731.06660501687
5.598285432909212,161253.75650955958,24188.063476433937,4320.619905202714
1.911615641290377,73655.65060313663,11048.347590470494,5779.586310045385
3.0794673873519347,137141.7090323462,20571.25635485193,6680.134506162561
4.349302449423962,136869.1929992144,20530.37894988216,4720.384288887815
3.85701537949654,127863.89301040916,19179.583951561373,4972.649073041784
6.811190568983159,263613.16602702736,39541.9749040541,5805.442455849141
0.22552130771585222,5481.421485488455,822.2132228232682,3645.833873308432
5.128819339176027,174704.1444293199,26205.621664397982,5109.484255806924
4.175366392159382,202316.78571306588,30347.51785695988,7268.228702982158
5.298838896081235,138566.68155382804,20785.002233074203,3922.5578736590364
2.0237673859711656,81898.28126400034,12284.74218960005,6070.2342940984045
1.853545533347686,40134.64905929311,6020.197358893966,3247.936050441068
2.6182184703452798,48311.14074347768,7246.671111521651,2767.7870252614903
4.133872281546016,139300.18380101837,20895.027570152753,5054.589534231637
5.683675601081594,126108.73039269954,18916.30955890493,3328.1824802430997
3.0691222232486766,158201.48949691388,23730.223424537082,7731.925188505056
2.4929386196601984,63755.60617346474,9563.34092601971,3836.1718377660045
3.768667926135919,103427.06250322836,15514.059375484252,4116.589649062312
3.4989785022406914,137398.2730993434,20609.74096490151,5890.216516535713
3.9525958371757177,115293.9881178602,17294.098217679028,4375.377329253154
2.014734285868542,26767.259042443777,4015.0888563665662,1992.8627236497746
5.126232888401281,174006.16349859018,26100.924524788526,5091.638459080743
5.717205258325715,186420.60207042558,27963.090310563835,4891.041872222869
1.8664650836424075,54281.74501234338,8142.261751851507,4362.397037699671
3.851157173445648,91920.8771671567,13788.131575073503,3580.2567784417897
3.2464133225285847,99863.73703094137,14979.560554641204,4614.187740880092
1.0729532530643056,39996.306799935155,5999.446019990273,5591.52600810532
2.2175151967142925,63051.29372013805,9457.694058020707,4264.996276929347
2.74090457648642,119619.84708284219,17942.977062426326,6546.370572822904
3.6534592904141903,127966.48884930344,19194.973327395513,5253.917397617804
2.0462147669212847,51149.617938757,7672.44269081355,3749.5783995134752
2.6455209570106497,74246.50165905312,11136.975248857967,4209.74750524841
4.173231242548546,241295.07599690233,36194.261399535346,8672.9585052737
2.7172546355851837,55524.6703284027,8328.700549260406,3065.1159593906627
3.2752841755550093,104287.82044147262,15643.173066220892,4776.126964180168
2.619791809885708,73012.76545468772,10951.914818203157,4180.4523462041625
5.679561008591083,158204.78614685836,23730.717922028754,4178.266222712094
3.534791314650809,87667.4246626227,13150.113699393403,3720.1952049869346
4.524130215199258,152861.07718872055,22929.16157830808,5068.192224281105
3.7501962126810757,250334.69771211318,37550.204656816975,10012.864001580261
4.851785945617477,171237.64035468132,25685.6460532022,5294.060030905432
3.9954008747509113,151803.50207793614,22770.52531169042,5699.184143345822
3.5130869813522696,118783.42015837051,17817.513023755575,5071.754020988457
3.811627860021182,180339.2791404016,27050.89187106024,7096.939382458474
4.15260604934637,194222.98074069998,29133.447111104997,7015.702131361743
5.390086469846641,167810.1668172519,25171.525022587786,4669.966829549577
3.2660135507289505,89505.23506246098,13425.785259369148,4110.756140730834
3.0801655370525602,85586.91928832761,12838.037893249142,4167.9701103123125
3.3931198390000312,128511.842712372,19276.7764068558,5681.136335148351
2.0551613019876305,91902.85068130957,13785.427602196436,6707.710771346261
3.526491292141209,104704.76233724877,15705.714350587315,4453.637638518355
3.4370477887339725,94248.86698211852,14137.330047317777,4113.218935639305
4.192088606120992,115993.49773797746,17399.024660696618,4150.44296422833
2.593799711194463,58053.43072315487,8708.01460847323,3357.2424928920695
2.8725380699141456,93254.44410934031,13988.166616401048,4869.61922729857
3.592986807228124,96348.61290106436,14452.291935159654,4022.361536670696
4.187925916864331,158227.82827455646,23734.174241183468,5667.286077246133
4.891990746594596,130202.89814382634,19530.43472157395,3992.3286312774494
5.379957020227363,139688.5012929645,20953.275193944675,3894.6919306539676
2.9434216711250563,86982.92468390701,13047.43870258605,4432.74534212387
1.5804554339493875,44824.12812083913,6723.619218125869,4254.228922687349
4.209415576971203,221497.2695131571,33224.59042697356,7892.922383035324
2.1614409623186073,23901.971237839854,3585.295685675978,1658.7525397085017
5.608745720675477,266977.3325613088,40046.59988419632,7140.027713606777
2.524346709092771,62648.223283158484,9397.233492473772,3722.6397858204896
3.8825776930507687,81857.83075292566,12278.674612938848,3162.5058359851582
3.2983876710702766,116582.55860455197,17487.383790682794,5301.797585548336
1.8763151322837497,40200.8153907254,6030.12230860881,3213.8110517017844
3.7614442209152767,169148.87768997386,25372.33165349608,6745.369640845611
3.1798097614420646,48753.510226366256,7313.026533954938,2299.831462445235
4.381289312000852,152494.1610857879,22874.124162868186,5220.865944691976
2.464624687134711,102374.48495810806,15356.172743716208,6230.633338972504
5.211101156788361,61261.685298226424,9189.252794733964,1763.3994271562685
3.171902878058115,91763.61226938307,13764.54184040746,4339.52184842252
4.750405976657398,165403.54745195303,24810.532117792955,5222.8235312323295
1.8822317128528496,97970.52471045927,14695.578706568891,7807.529012618316
3.546485917116245,106956.75468507348,16043.513202761022,4523.77750192971
3.8609881431876043,167111.18417506228,25066.67762625934,6492.295934782247
2.7999137584130707,111783.73150031528,16767.55972504729,5988.598639749094
3.3118655864804203,65744.26109892127,9861.63916483819,2977.668902112158
2.0594203992111533,73076.73451823759,10961.510177735638,5322.619015493082
3.0338852509407213,122344.98372791905,18351.747559187857,6048.926060567882
4.15382649486525,115714.47702113434,17357.171553170152,4178.598112999233
2.573415856738402,88098.56335957632,13214.784503936447,5135.114275966702
3.2167737528392326,90787.11081223702,13618.066621835553,4233.454904876598
6.283088675127903,192008.80558356707,28801.32083753506,4583.943077478332
1.3478357890216088,34652.31453939452,5197.847180909178,3856.4395034222116
0.2560142809072348,12752.465334436634,1912.869800165495,7471.730847931141
3.395352335378395,127366.14953569965,19104.922430354945,5626.786425458198
2.223541367585952,82250.99331647322,12337.648997470982,5548.648285714462
4.297878225512924,159497.06327738927,23924.55949160839,5566.597803908962
3.1906169272350717,65909.17013123343,9886.375519685014,3098.5780321338543
2.586263206965696,37883.44257118813,5682.516385678219,2197.1918288800803
5.435414080142108,132696.10934845408,19904.41640226811,3661.98712900043
3.1505100909234045,85970.00616607824,12895.500924911736,4093.146999294995
3.26295488961795,120101.74855474645,18015.262283211967,5521.14966116535
3.9520773744526596,78347.37758588571,11752.106637882856,2973.6529739654848
3.115481012160141,143203.4199804171,21480.512997062564,6894.766141479032
3.580433679206737,76176.39893143118,11426.459839714676,3191.3619587687117
3.9466934458445415,142435.0250432591,21365.253756488866,5413.4566187258
3.884526192170984,83959.26556340717,12593.889834511076,3242.065881778133
1.7393973914741232,68671.23541230682,10300.685311846022,5921.985029031397
2.2601460909164386,63014.863722593385,9452.229558389008,4182.132118086376
3.015997916377106,75814.38106968834,11372.157160453251,3770.611743032561
5.429160117053631,120283.22435259978,18042.483652889965,3323.2550272769445
6.4850284950164765,110215.67893877825,16532.351840816737,2549.3105933954316
3.663674664829516,153854.52932765373,23078.17939914806,6299.1890684764085
2.6534613614367677,95486.39321875788,14322.958982813681,5397.839663683001
3.0376202695932735,121876.36865249899,18281.455297874847,6018.3478102490635
4.1723391038934645,105371.24847664901,15805.68727149735,3788.207736218779
6.367832317682929,111285.04087526693,16692.75613129004,2621.4189222501473
4.431818367452567,147459.69755952447,22118.95463392867,4990.943400652669
3.958204103439873,118105.68593939226,17715.852890908838,4475.73000985798
2.3366911171836153,66512.04504699478,9976.806757049217,4269.630112290638
4.126668296653305,111060.50802467782,16659.076203701672,4036.9312496504867
4.012730520945312,104721.07843033566,15708.161764550348,3914.5817748184713
4.322510132697896,184506.05783680917,27675.908675521376,6402.7400343530135
2.623187611858139,83575.86529563801,12536.379794345701,4779.063356991663
3.223507977750397,62008.85144197808,9301.327716296712,2885.467565303768
2.473146531218388,82935.24736550337,12440.287104825506,5030.1455849026615
2.952404759678012,126526.28478285979,18978.942717428967,6428.299729302293
3.745719228024325,109944.0459540842,16491.60689311263,4402.787792989788
2.5742545167176387,56791.34867012946,8518.702300519419,3309.1919408891167
2.1960312649227083,75514.304599844,11327.1456899766,5158.007479631794
1.656761418146155,119989.86233195523,17998.479349793284,10863.651913099722
3.3275706839127195,93606.74650615349,14041.011975923024,4219.5984126813255
4.241751528068656,114618.75216531867,17192.8128247978,4053.234309230269
4.325293451551353,131804.5777991246,19770.68666986869,4570.9468944303735
2.3759020782375067,75246.50610443458,11286.975915665187,4750.606525012217
3.4835783740834776,75970.4930882156,11395.57396323234,3271.226520411068
3.6208648072808645,102223.8538841177,15333.578082617656,4234.7833732385625
3.259564983196132,123150.07772674075,18472.511659011114,5667.170850785766
6.030106013412932,205888.9444999566,30883.341674993488,5121.5254932995895
3.754987598426306,96678.88406018219,14501.832609027328,3862.0187760686513
4.620501369088568,136745.47934694146,20511.821902041218,4439.3065305134505
3.8232400462695324,129323.02519714297,19398.453779571446,5073.825745913911
4.31034260744872,178517.7928394336,26777.668925915037,6212.422390656474
2.2422526416557558,62289.77178416017,9343.465767624026,4166.999558410373
2.4415850881853203,95201.96363182887,14280.29454477433,5848.7802099856335
4.780280756843092,206605.2522734816,30990.78784102224,6483.047632015787
1.0002226959709384,34683.19424843955,5202.479137265932,5201.320824074853
5.249272938127079,172078.87519715578,25811.831279573365,4917.220267228652
2.8129527280282955,119509.19468754316,17926.379203131473,6372.797887612121
4.716297792595457,223219.87164615493,33482.98074692324,7099.420396967131
4.4881490304525,149848.1987495768,22477.229812436522,5008.12911067045
3.841114649997006,121861.52876449155,18279.229314673732,4758.834604087639
4.616774107434303,226876.26758981703,34031.44013847255,7371.259530257799
3.915225810748048,60561.43832376371,9084.215748564557,2320.227794684699
2.166292439166217,93769.91370342365,14065.487055513548,6492.884709936579
2.6182209863633124,46438.14309262172,6965.721463893258,2660.4788137339733
3.866939290632827,109170.15719560655,16375.523579340981,4234.750625387014
2.7219394593363653,68897.4537926266,10334.618068893991,3796.7846909474133
3.833230985840938,104251.40725743659,15637.711088615488,4079.5118129790635
2.5784883481382317,113836.27073008586,17075.44060951288,6622.267896553424
3.2208198705073494,46166.211329716665,6924.931699457499,2150.0524642400046
3.901126299532698,136224.72816102434,20433.70922415365,5237.899943562794
3.641911537841304,107910.37597521873,16186.55639628281,4444.522121994534
1.947507439496845,43217.36953622862,6482.605430434293,3328.6678648627544
3.1353405246176482,146951.86009100697,22042.779013651045,7030.425831126952
3.3557368620172063,140548.81453468796,21082.322180203195,6282.47179295523
3.2075050445098654,63898.73715878151,9584.810573817225,2988.2448946489085
6.015735021100709,175990.69246641186,26398.60386996178,4388.259086772672
5.117715387118693,175205.70101876487,26280.85515281473,5135.2709490183315
1.8198192397969806,41440.392398474745,6216.058859771211,3415.7562047012298
2.6222098600405,136369.2297374442,20455.384460616628,7800.8189856706185
5.089684580459575,216748.94412804823,32512.341619207233,6387.889289648578
3.0711826942872857,148107.8999785072,22216.18499677608,7233.7555945793965
3.2287941466893026,201103.7903922828,30165.568558842417,9342.673205033272
4.096226315748103,148433.60311004752,22265.04046650713,5435.500568146908
3.7420923813384257,112292.73015588519,16843.90952338278,4501.200880924874
3.743412276570456,51804.53808392462,7770.680712588693,2075.8281852160394
3.1755377744563726,103959.02364548686,15593.853546823028,4910.618186392878
3.9080974874261014,119953.0638397861,17992.959575967914,4604.0201488981265
4.488784299391739,138804.78480360526,20820.71772054079,4638.386772864568
3.9058952141086816,139531.98738640881,20929.79810796132,5358.515003771668
4.320674052982513,183581.03233905192,27537.154850857787,6373.346962344729
4.51774226767056,186628.0325794086,27994.20488691129,6196.503303705653
2.24535184172859,97415.07246874426,14612.260870311638,6507.78225432249
2.3584921242771135,40509.27595617909,6076.391393426863,2576.3882486100306
2.440820849096577,54663.523328051,8199.52849920765,3359.33237469786
1.0376610695276238,36482.63417182242,5472.395125773363,5273.7789693358845
2.691413269092576,72126.91248661713,10819.03687299257,4019.834856740624
2.442774273790245,94712.49764109822,14206.874646164733,5815.876971768306
4.037186075017786,102572.95702271929,15385.943553407893,3811.0563316901635
1.6026034220693242,55463.880007575244,8319.582001136287,5191.291798437458
3.6200838927665133,122923.8254075333,18438.573811129994,5093.410638348219
1.7347698342676365,42227.779961050874,6334.166994157631,3651.3010942640185
1.052218215362793,41913.2410664982,6286.98615997473,5974.983200425824
0.7444754227827233,26709.21698718993,4006.3825480784894,5381.483962362799
3.4665427338583394,89643.5598932247,13446.533983983703,3878.946551747081
3.954927727145575,127332.96809901587,19099.945214852378,4829.404361489445
2.2743531384742273,109206.00464158972,16380.900696238457,7202.443815399639
3.7817313001844304,103817.67729810002,15572.651594715004,4117.863052289184
3.047480313329226,93206.74192441227,13981.01128866184,4587.728172520418
5.598432956866937,189853.29023790898,28477.993535686346,5086.779417578941
3.000104626550708,153171.3704475238,22975.70556712857,7658.301435155043
3.281717268953666,143765.75175391723,21564.86276308758,6571.212872936877
4.180147483128719,111572.94974439722,16735.942461659582,4003.6727242774737
2.1623485858598075,82838.06864147652,12425.710296221478,5746.395552260453
4.227629402789598,101198.56998384044,15179.785497576066,3590.6140418930036
0.25829397292697664,10754.711964655004,1613.2067946982504,6245.623064361346
3.231949255232073,178957.0390229531,26843.555853442966,8305.68605307989
3.868453254456889,180599.25411470898,27089.888117206345,7002.769927747163
4.985852695014946,151246.66405414086,22686.99960812113,4550.2747465452585
4.199915346096501,110654.2946880484,16598.14420320726,3952.0187516717356
2.3883134506022548,51844.15491925364,7776.623237888046,3256.114994422962
3.02243189541423,95735.25572474329,14360.288358711492,4751.236373762324
3.5362249674441184,70551.60456426661,10582.740684639992,2992.666129012966
5.0032975045229575,154439.09451308282,23165.864176962423,4630.11926754717
3.4122007520686033,153473.6958319,23021.054374785,6746.688148646816
2.8969778553066914,57323.320907451285,8598.498136117692,2968.0924624145614
2.7413806343631584,90279.54940836821,13541.932411255231,4939.822015778234
4.772732568388498,164110.50080537263,24616.575120805894,5157.752873867313
2.7981297917782153,99255.75307887232,14888.362961830848,5320.826433990853
4.133612179844188,146829.3331715152,22024.39997572728,5328.124414554407
2.637881084604192,85290.79547446917,12793.619321170374,4849.960597480848
2.675018638336131,74436.39128961021,11165.458693441531,4173.974167292709
1.1502725810397811,42728.38543490072,6409.257815235108,5571.946963598404
2.711628989890875,77966.47009332365,11694.970513998547,4312.894779336752
4.305787269106172,137020.1098401239,20553.016476018587,4773.346937849334
2.7159309168708607,134534.30226707034,20180.14534006055,7430.286689070484
2.1912985874922435,49623.786678078126,7443.568001711718,3396.8752794343077
4.4300515905075555,155829.64633814452,23374.446950721678,5276.337413498077
3.9230179445712605,157282.57399865828,23592.38609979874,6013.835886844792
3.0982977004698795,98498.5313377505,14774.779700662573,4768.676585991679
2.810567414187483,83323.86682505294,12498.58002375794,4446.995279553257
4.010341498230032,91373.7815977229,13706.067239658436,3417.680824864322
6.167491901797921,182164.00049067146,27324.60007360072,4430.423340423871
2.7355643360547557,42172.30867844127,6325.846301766191,2312.44654654672
4.273519662311211,111031.46165895941,16654.71924884391,3897.190270522046
4.083133147859658,112415.91670595415,16862.387505893123,4129.766749030027
0.6214542548083375,27908.61707453193,4186.292561179789,6736.284334348764
1.6013496551984234,32727.988182041987,4909.198227306298,3065.6628996482336
3.290626305464948,114186.29474270751,17127.944211406128,5205.07119965603
2.540304826726203,80899.81722995457,12134.972584493185,4776.97497435063
4.984843814920366,207628.5143501267,31144.277152519004,6247.793974868306
3.303676735917924,69792.9419673273,10468.941295099094,3168.87581078368
1.1856679762226074,27405.385086955772,4110.807763043365,3467.081717210491
2.5628392954703907,99992.0624994743,14998.809374921144,5852.418995381535
5.610896928743964,80653.97561086867,12098.0963416303,2156.178681460566
2.4463607631348068,152779.55847483774,22916.93377122566,9367.765423877845
4.454255681734887,74810.54939100546,11221.58240865082,2519.294627532501
0.87295588090842,29543.90835209881,4431.586252814821,5076.529466991161
2.378444974919408,81177.80219819697,12176.670329729544,5119.593035841472
3.4508288998440935,104491.02022117887,15673.65303317683,4541.996571862765
2.9607468653896607,101351.897749078,15202.784662361699,5134.780294822967
1.758468174690971,84758.35585334839,12713.753378002259,7230.016193063342
2.460132594213675,73178.2588411912,10976.73882617868,4461.848459711638
2.9068978991712444,97839.23561903587,14675.88534285538,5048.641490655544
4.211279279646759,197369.86939442615,29605.48040916392,7030.0444219522815
0.26283637286674505,5918.317653018774,887.747647952816,3377.567717398435
4.695446325481724,135529.56106044364,20329.434159066546,4329.606335555518
7.245323412831353,209432.41285931482,31414.861928897222,4335.881249036033
4.414444639591466,129817.75882186662,19472.663823279992,4411.124255277124
2.6545115891638797,69742.51450388921,10461.37717558338,3940.9800350046744
4.669804234273826,174209.74944307486,26131.46241646123,5595.83680717716
2.451314128073478,57259.692669816,8588.9539004724,3503.8160968878265
2.4463883767491015,91229.55653903168,13684.433480854752,5593.728947911123
2.673949847386282,144054.24289023146,21608.136433534717,8080.980447204767
4.2331267271184085,179028.17322786065,26854.2259841791,6343.827557097356
3.490332932340793,133364.16054491955,20004.624081737933,5731.437220896239
3.532807951719784,153653.77831199986,23048.066746799977,6524.00783223444
4.692950974383772,155308.0908301782,23296.21362452673,4964.086297020339
6.0754734914113175,292206.9449515516,43831.04174273274,7214.42399587376
5.141732457683582,168122.3415384161,25218.351230762415,4904.640884820292
5.034647258618954,245484.23824376828,36822.635736565244,7313.846203133206
3.014996446806333,114460.0108363968,17169.00162545952,5694.534613347876
1.2886263832877407,44477.009173892264,6671.551376083839,5177.258096378841
1.7781926321571626,43298.904980601415,6494.835747090212,3652.492778136861
1.7817622441158631,55524.60477623927,8328.69071643589,4674.411944658032
3.6511247324542713,72009.64117021252,10801.446175531877,2958.38870677836
4.094649201292606,147254.5484108331,22088.182261624963,5394.401614343941
1.2149692064679203,56808.945159799136,8521.34177396987,7013.627776413003
6.234915820287253,184157.11996875954,27623.56799531393,4430.463664871303
3.9456709418885425,133349.03518365102,20002.355277547653,5069.443339837608
3.233096955073605,72631.8291951931,10894.774379278964,3369.7642015288507
3.8200373812553154,108656.90118758507,16298.53517813776,4266.590494143762
0.22577172924286473,4657.031018247484,698.5546527371226,3094.074953847215
3.6143350745943024,156390.03804835465,23458.505707253196,6490.40701072419
3.2031391992419707,124702.92564004504,18705.438846006757,5839.720874582484
1.8948620201363493,93643.36382478879,14046.504573718317,7412.943224598257
4.360953156321649,173784.38978229207,26067.65846734381,5977.513982133943
1.5643041185107784,61355.09545496318,9203.264318244477,5883.296099102526
3.8677060216994104,179893.69920267162,26984.05488040074,6976.759538860806
3.103607104046139,81722.19538712787,12258.32930806918,3949.703972544762
3.0533974991406545,82242.51812592587,12336.37771888888,4040.2134744529067
3.599265528398502,127635.53595133263,19145.330392699892,5319.232560543715
4.411059789426171,163186.81610836065,24478.022416254098,5549.2384108986225
3.2329952240431408,128413.73090642142,19262.05963596321,5957.961055035007
2.6387903605130596,57214.30559924032,8582.145839886047,3252.3030128916425
1.4572167775838312,51821.88774702824,7773.283162054236,5334.33548229035
3.856621090518728,109691.43923835433,16453.71588575315,4266.35531455336
5.0594690871537935,161370.2805507377,24205.542082610653,4784.205944467484
3.0654248469986176,121374.11295902195,18206.116943853292,5939.1822838778935
3.498832384120661,110364.4823162912,16554.67234744368,4731.484829789655
2.5579922252629466,93268.83266700077,13990.324900050115,5469.260133741021
5.646829548603122,171296.93928921546,25694.540893382316,4550.259693908854
4.291854275998495,166458.5054044525,24968.775810667874,5817.712859055289
2.5907189382523237,64882.7871836878,9732.41807755317,3756.6475984147373
2.787674426829685,59779.622773491064,8966.94341602366,3216.6394072859575
2.3685731792878384,64455.472394764096,9668.320859214615,4081.9177316369005
2.770367663869281,54431.28802237913,8164.693203356869,2947.1514953915944
5.764725930466641,217699.89756527895,32654.984634791843,5664.620491706272
3.963677241943282,171312.93119213326,25696.93967881999,6483.105992308669
4.657026550215241,116791.36663683694,17518.704995525542,3761.7790679582567
4.381999534382525,65444.055598832696,9816.608339824905,2240.2120910330445
3.175740607610441,90606.30701515065,13590.946052272599,4279.614657350428
4.753000981710756,119986.96913477813,17998.045370216718,3786.6698196512148
3.002700468568396,94385.23967303683,14157.785950955526,4715.017731257612
4.643161577653032,127134.57405181245,19070.186107771868,4107.155391609531
0.19201553730786378,8051.067346158894,1207.660101923834,6289.387405080452
5.3792909414658805,104303.49213401461,15645.523820102191,2908.473252394621
6.489351085758467,235922.23121473845,35388.33468221076,5453.2932822626935
3.7185614533997517,211043.7348672569,31656.560230088533,8513.120094101454
2.253725865460333,75520.37361554013,11328.056042331018,5026.368209168694
2.207058962351674,59902.08782427381,8985.31317364107,4071.1704249473273
3.8176417975715453,182018.65105083832,27302.797657625746,7151.7442194271425
4.154428667609851,150089.97678521185,22513.496517781776,5419.155874141983
3.1110685113064003,80125.48416260796,12018.822624391194,3863.245885042965
4.3725482543791525,137611.06801873574,20641.66020281036,4720.739258197442
2.4653421782338096,53173.23038011378,7975.984557017067,3235.2444327753014
4.275864017790523,129001.99827921757,19350.299741882634,4525.471264140331
3.761452216499973,133300.7590161056,19995.11385241584,5315.796320555488
5.195932978531567,169613.53209098268,25442.0298136474,4896.527710955506
3.388445437870459,156521.9773255386,23478.29659883079,6928.9286279864755
5.08525614737577,145435.10268786576,21815.265403179863,4289.904927294087
2.918658505576801,107772.45159678288,16165.86773951743,5538.800688271218
2.722398204361541,91564.89875817815,13734.734813726724,5045.086641521571
1.1259937517487724,38733.19204106152,5809.978806159228,5159.8677143064015
4.115944513847842,122128.90427389667,18319.3356410845,4450.821817313188
4.183243986677124,109171.05068181519,16375.657602272278,3914.5834320029594
4.6647488307118685,160324.35129541697,24048.652694312546,5155.401408963445
2.256353175621371,62624.145848387576,9393.621877258136,4163.187739734606
4.704164325080746,200580.95541149512,30087.143311724267,6395.852957625546
3.9144617595377427,140032.81091462792,21004.921637194187,5365.97952094304
1.9812320051854364,65489.30135693673,9823.39520354051,4958.225577736452
4.824481464691125,173885.0036448665,26082.750546729974,5406.332418856096
1.263268162771325,45660.91674037086,6849.137511055629,5421.760567471414
0.5428751481903885,19971.404955339083,2995.7107433008623,5518.231499980645
2.8949016647955377,103911.91435163106,15586.787152744659,5384.219900210506
1.244035395671242,66455.91578761605,9968.387368142407,8012.945132291658
5.296966413788103,266928.92692287936,40039.3390384319,7558.91880571656
3.6908106006211407,102265.73351134257,15339.860026701384,4156.230618856405
2.5265753641886035,106910.76433697256,16036.614650545882,6347.174470964557
2.4526467028720806,77480.15933062049,11622.023899593072,4738.564215540516
4.158199637741715,131899.9056562224,19784.98584843336,4758.065406205083
4.094247545323836,114764.05872499298,17214.608808748948,4204.5842656510285
2.7679530684772926,69199.85902635062,10379.978853952593,3750.055942842568
2.601967779225244,64729.92763000395,9709.489144500592,3731.59468845985
3.816851111604771,144995.42530426508,21749.313795639762,5698.234790849728
2.867007241235069,167850.35625272,25177.553437907998,8781.824153001386
1.6745771083939491,69639.74038321387,10445.96105748208,6237.969577585219
3.6290726135033604,83262.08788605574,12489.313182908361,3441.461363004165
2.397395109275831,120232.9828773587,18034.947431603807,7522.7263799047005
3.590850567961597,99363.55646984171,14904.533470476257,4150.697220167825
3.637900037362019,119529.90799825304,17929.486199737956,4928.526351905842
1.4461215818430981,33964.29883854918,5094.644825782377,3522.971297675535
1.9151908237177533,38993.03386681411,5848.955080022117,3053.9803175686543
2.705287263066718,132041.7230903354,19806.25846355031,7321.314351326189
2.9402029650116357,112411.73489020676,16861.760233531015,5734.8966837275075
4.69226850428343,181113.6278780635,27167.044181709523,5789.746293697718
3.369159949830509,106657.64178754775,15998.646268132161,4748.556467002108
3.2339850391551392,111104.17266055572,16665.625899083356,5153.278601263152
4.387007016929509,83466.14037902234,12519.92105685335,2853.8639232941355
2.235502206320713,67451.67399121694,10117.751098682542,4525.941003357263
3.869419470778649,85119.05700796017,12767.858551194025,3299.683233522555
5.2987076092634755,180543.6726748261,27081.550901223916,5110.972882119131
6.072419901160415,173082.27442622697,25962.341163934045,4275.4522227576435
2.652183870012036,129287.98684036873,19393.19802605531,7312.161967853043
5.770480172287336,171555.83849289248,25733.375773933873,4459.486040263705
1.2375149888779655,32508.89208613984,4876.333812920976,3940.424040715877
2.4703363334764705,118884.48519542464,17832.672779313696,7218.722623982954
4.76376661931091,220332.04025750342,33049.80603862551,6937.746678154071
3.5641360853835806,93199.76561420952,13979.964842131429,3922.3992875757076
3.2130156369443825,101879.17506436232,15281.876259654347,4756.240861058367
2.7855917328433875,78185.5736652012,11727.836049780179,4210.1776478956635
0.9044371792044293,34575.92893981674,5186.389340972511,5734.38317245496
3.452595797997464,132855.8393596899,19928.375903953485,5771.997960349751
4.195717802722487,85521.90129193534,12828.285193790301,3057.4709255866487
5.603520878391431,262274.5966953496,39341.18950430244,7020.798237053393
4.453780937078119,139886.3565490985,20982.953482364774,4711.267522764722
4.538658908916029,111216.10889582273,16682.41633437341,3675.6268027988212
3.535909735089507,109967.32691277718,16495.099036916577,4665.022659719854
3.5096951458590215,138430.1209917693,20764.518148765394,5916.330987682732
3.150565829306179,104143.88052268898,15621.582078403346,4958.341747089775
5.1384612985549625,118471.57474267439,17770.73621140116,3458.3769690741165
3.9811399567140646,87625.22640833263,13143.783961249894,3301.512658223262
3.800382687043841,143446.45795795636,21516.968693693452,5661.79000000408
2.1025957039819168,71721.09376930678,10758.164065396017,5116.610884832542
1.9063988525150408,31181.29356994987,4677.19403549248,2453.4184068155687
2.8095561742143964,159125.92302204363,23868.888453306543,8495.608193340617
5.295497525650093,214401.28607962234,32160.192911943348,6073.120184867852
4.56806686307714,120740.78605327934,18111.117907991902,3964.7225951049004
3.6475089490415797,89184.76054058429,13377.714081087643,3667.63022873536
2.276801637759125,65230.26288659892,9784.539432989837,4297.49314596417
3.1399905141250404,114803.7191325344,17220.55786988016,5484.270666556034
6.5394585398752145,377148.0125999558,56572.20188999337,8650.900001129585
4.290053918492896,170727.77520632607,25609.16628094891,5969.42760335876
1.6472554843821376,56703.62976159791,8505.544464239687,5163.464043605839
1.5119908171523622,59149.206348350504,8872.380952252575,5868.012458542936
3.024953164970168,118228.87181551638,17734.330772327456,5862.679454907313
3.3426474335330276,177375.6439902553,26606.346598538297,7959.662850358282
3.265262461653519,115411.89513107525,17311.784269661286,5301.804823644912
0.2809221050977164,10548.026975102948,1582.2040462654422,5632.1806563249465
3.445001039205133,128628.68717398494,19294.30307609774,5600.666837694054
2.368277268009198,58478.41845879658,8771.762768819486,3703.8580268066057
1.425436217979097,64525.406840011885,9678.811026001782,6790.069526733265
2.037960968467595,75309.31739651527,11296.39760947729,5542.990167260856
2.5781294870338654,102654.99009579951,15398.248514369927,5972.643574270427
4.080705072545732,103011.16586688953,15451.674880033428,3786.5208598361064
4.6688118209569,91612.3650794172,13741.85476191258,2943.330185258165
3.682951336108091,146203.03837682123,21930.455756523184,5954.587436851093
4.668901944389508,86498.74178507067,12974.8112677606,2778.9855992482508
1.3619736995582168,51732.90028342351,7759.935042513525,5697.565999277824
3.1275478797959337,107835.15950386613,16175.273925579919,5171.870918451078
2.515477186613166,94309.6336540138,14146.44504810207,5623.762013579943
2.7189216355917583,123802.73606007647,18570.41040901147,6830.064598375128
3.753161935802969,131569.0066933444,19735.35100400166,5258.326536816319
3.748287211961641,71434.57547537753,10715.186321306628,2858.68870643424
2.8690699718617148,103472.83235990957,15520.924853986435,5409.740789247828
3.8223986429181553,131225.99470657145,19683.899205985716,5149.619661584624
4.405976463083528,125116.25564327963,18767.438346491945,4259.541217194232
4.68844548989051,105527.33883751712,15829.100825627567,3376.1938492745976
5.065561930568979,196228.2324681651,29434.234870224765,5810.65541664765
2.2377700417002915,93521.11376521285,14028.167064781928,6268.815295303139
2.4889075100078837,76253.33757600567,11438.00063640085,4595.590872866393
1.0072692307873394,43647.150005549665,6547.07250083245,6499.823781686334
4.025789352340623,108502.84736526651,16275.427104789977,4042.7915323804327
3.650627299930072,149044.35333814478,22356.653000721715,6124.057912225101
2.043203659819649,61447.95398599242,9217.193097898862,4511.147507788065
6.481490221278358,185482.5342900523,27822.380143507846,4292.590005330653
1.6343891491880402,44701.707174353396,6705.256076153009,4102.606823769089
1.0955740494191986,54149.62062995609,8122.443094493413,7413.869558885041
4.069766562699669,118934.73467745371,17840.210201618058,4383.59545363796
3.0215042927995306,81491.59113402723,12223.738670104083,4045.58044125046
3.5351890031072792,214255.3469327434,32138.302039911512,9090.971377106946
4.489481531918819,195176.79904206976,29276.519856310464,6521.136048375186
4.364151474215623,158917.89547302847,23837.68432095427,5462.157870044752
2.2921861708120184,65752.48305898004,9862.872458847005,4302.823472385331
3.70234715139292,159206.23055399477,23880.934583099213,6450.214851979664
3.771261142771271,112890.89594665669,16933.6343919985,4490.178152859232
5.515438354001082,183255.17709500968,27488.276564251453,4983.878850592273
2.4855174974767924,88075.20697400393,13211.281046100588,5315.303979759629
5.563144059158852,201239.5131848431,30185.926977726464,5426.055240836344
2.342285062292698,84785.37460084101,12717.806190126152,5429.657728200506
2.939546374173884,101597.00454506851,15239.550681760276,5184.320552195108
1.9829751620689262,68807.37290431776,10321.105935647664,5204.858907500987
3.84286000217138,105629.97611795634,15844.49641769345,4123.100089188946
4.051437687897852,127300.5474287644,19095.08211431466,4713.16198971887
2.5120268936226946,162344.9990986465,24351.749864796977,9694.06415457533
4.010189958714205,137058.6034975933,20558.790524638996,5126.63757485214
2.658397044481266,53367.88837616768,8005.183256425151,3011.2820329241695
3.6012354794092247,127418.92207381442,19112.838311072162,5307.3003474373145
2.670495303256056,75132.19824775706,11269.829737163558,4220.127151477326
0.5847921733018535,24113.535979577384,3617.0303969366073,6185.1552774965
4.745071137368837,157066.55992264664,23559.983988396994,4965.148741997809
3.980914922862463,103921.91023158052,15588.286534737077,3915.754754067533
2.8029721370952956,88511.49269599505,13276.723904399258,4736.659251332357
6.271142706294476,225443.78530181674,33816.56779527251,5392.409227321541
2.748752677372431,89136.42293996733,13370.4634409951,4864.192966890023
2.876507273980911,61934.611931249,9290.19178968735,3229.6778366321632
2.8313321557493043,78477.11338392022,11771.567007588033,4157.607218102152
3.8346929569665544,170516.5617360209,25577.484260403133,6670.021445637796
2.114940099587184,68550.89697348504,10282.634546022755,4861.903440210825
5.164107984918028,157300.31406308716,23595.047109463074,4569.046034353522
3.993209880136617,110263.46047167644,16539.519070751467,4141.910785361878
3.368484044531282,89018.37698531887,13352.75654779783,3964.0254699962043
4.6841839614374114,111648.23632228149,16747.235448342224,3575.272787365739
3.2508907257334725,62971.83956161958,9445.775934242936,2905.5962599640325
3.4542030601550846,128554.44571674499,19283.166857511747,5582.5226605658745
2.7726636107110436,69199.07760364008,10379.86164054601,3743.6426115478603
2.45763554192575,65618.39022017122,9842.758533025682,4004.9707798875297
3.5089387197389175,106776.24340102074,16016.43651015311,4564.467432860957
3.0427693973395757,134556.75021795055,20183.51253269258,6633.270516766697
4.118374239430374,107609.1135647036,16141.36703470554,3919.354117982756
0.21470770297153677,8336.24992556895,1250.4374888353425,5823.906043096692
3.2196063248495115,120978.16403896807,18146.72460584521,5636.317852212385
4.333637003186844,97773.96726741981,14666.09509011297,3384.246322275702
2.3521992387400017,30180.22145979026,4527.033218968539,1924.5959884731221
4.893554178605225,164774.4056847783,24716.160852716745,5050.758600114532
1.8733380815787268,92737.51722806359,13910.627584209538,7425.583092020726
4.47729115718467,149963.429621298,22494.5144431947,5024.134829180799
1.340211774092129,83827.84303023339,12574.176454535007,9382.231000807958
4.031980765837718,184213.51879415658,27632.027819123487,6853.214195177944
3.8132975333089907,110395.81904425226,16559.372856637838,4342.533650204954
3.4882266094102006,141223.33579417737,21183.500369126607,6072.856709475183
2.546967370254268,104094.45172180836,15614.167758271255,6130.493833814788
2.870677256366743,106759.17468272362,16013.876202408543,5578.431419586476
4.249921981553911,170971.02142547158,25645.653213820737,6034.382119279245
2.884510466435865,113141.1716838548,16971.17575257822,5883.554922075912
1.5646895977879525,45728.78521092772,6859.317781639158,4383.8201463960495
2.2874602369236072,138679.38107547292,20801.907161320938,9093.887983511928
6.771715460437319,187464.50907111075,28119.67636066661,4152.518889039475
3.785009088410446,109875.32167912502,16481.298251868753,4354.361605718163
2.764310340527604,130504.16990808606,19575.625486212906,7081.558535311433
3.444012269180169,98618.49655368931,14792.774483053396,4295.215384518577
2.409475261688226,68585.48614797983,10287.822922196974,4269.735857337127
5.034835002700031,243778.03353234337,36566.7050298515,7262.74148214229
4.5065697393398585,123041.12474527644,18456.168711791466,4095.391790052495
3.453368822985575,84948.8458712433,12742.326880686496,3689.825076277328
1.822842775156093,70572.83318567227,10585.92497785084,5807.371388321931
1.5480685191532462,56036.34103133768,8405.451154700651,5429.637674757586
5.991658079193358,103360.13312771164,15504.019969156745,2587.6009218543413
3.6592798114080023,137276.49222407117,20591.473833610675,5627.193025637352
3.6310469734533206,104423.12969093872,15663.469453640806,4313.761173611038
4.559608052354615,101193.5119689665,15179.026795344975,3329.0200870459503
2.6119983032393064,117644.19456796606,17646.629185194906,6755.987997124727
2.762008801468638,85631.9431368645,12844.791470529675,4650.525177073924
1.7622238785754722,60123.81186859017,9018.571780288525,5117.721925081881
4.691347829122118,130547.27466618487,19582.09119992773,4174.086406121817
1.8372139182383829,36337.63922371988,5450.645883557982,2966.799799113403
3.7172748981154697,131059.13184771304,19658.869777156957,5288.5165385867285
4.707385563147269,177692.03536113544,26653.805304170313,5662.124962279505
4.993553706349054,91007.27105369493,13651.09065805424,2733.7426331667484
3.6317597467652964,169562.68722072427,25434.40308310864,7003.32754823948
2.600277365158392,91179.35185733222,13676.902778599833,5259.786114304281
4.893781642616098,198753.0443299841,29812.956649497617,6092.007945323921
5.669289027920855,139560.26831453832,20934.040247180747,3692.53360414014
2.407023490173586,50708.967332383865,7606.345099857579,3160.062679450227
4.242569574557022,119264.09840646078,17889.614760969114,4216.693314413593
2.7353145115466595,126906.3293772189,19035.949406582837,6959.327465352102
4.144969519624212,195730.66162707112,29359.599244060668,7083.188212858667
5.044623587921722,288643.4628888694,43296.51943333041,8582.70566251855
3.8417473243557447,118984.03802014346,17847.60570302152,4645.700041195327
3.26740206125041,150247.50585996298,22537.125878994448,6897.567381214682
2.9921096584911218,129299.28840307325,19394.893260460987,6482.012851842321
4.364116642588374,81781.05210603525,12267.157815905286,2810.914285881596
2.0420633222305726,58254.123306944064,8738.118496041609,4279.063435945192
2.635795444861271,81963.79839539583,12294.569759309374,4664.462784196241
2.7366677976173794,71132.59008898753,10669.888513348129,3898.861426526682
3.408345353565273,113651.77819173118,17047.766728759678,5001.772109427525
3.981418680338858,121541.77913526146,18231.26687028922,4579.088092472997
3.235277744103863,114238.59620426389,17135.789430639583,5296.543538454691
3.8695427955863924,112876.53504860954,16931.48025729143,4375.576431562796
3.288734974088582,160081.13129456164,24012.169694184246,7301.339233283405
5.354036547920742,155082.92617241832,23262.438925862745,4344.841264652328
3.336577738537198,128330.83820284193,19249.625730426287,5769.272361945803
4.140159278904444,129150.0420489033,19372.506307335494,4679.16932714284
4.142582216846869,182985.34042997478,27447.801064496216,6625.770987205206
2.8110288690682834,98529.07138710225,14779.360708065336,5257.633911445371
3.4662018019837064,82875.70298273176,12431.355447409764,3586.4488444658077
2.848559542790979,145473.6541971166,21821.048129567487,7660.379852262989
2.995518961933582,93756.33232977256,14063.449849465884,4694.8291859211095
2.5427466635499965,132846.67064691187,19927.00059703678,7836.801393818825
4.343735031796322,102379.03578028466,15356.855367042697,3535.403346343613
3.250679414031083,127477.30146969749,19121.595220454623,5882.338054598386
2.2814106877536346,114123.88177892873,17118.58226683931,7503.507526606237
3.9980278025208706,148709.08172929497,22306.362259394245,5579.3414556370635
1.8092990361032375,45596.048531577835,6839.407279736675,3780.1420015493904
4.0125271371623485,100707.4122691934,15106.11184037901,3764.737613977117
2.9105972008399585,117798.88226595634,17669.83233989345,6070.8614489130205
4.818568185594209,189786.93480351663,28468.040220527495,5907.987419507049
5.1025734168053205,126518.85518851908,18977.828278277862,3719.2660894940586
4.370286051970475,126614.06460335411,18992.109690503115,4345.736060443904
3.2121830444895556,77655.02798607321,11648.254197910981,3626.2734833537456
1.8485445943701617,63784.34874027547,9567.65231104132,5175.775764447393
4.458741888664188,197067.5785567102,29560.136783506532,6629.703517635681
2.760263202766091,110671.4657537233,16600.719863058494,6014.180041389794
4.677169277160022,204536.17820653328,30680.42673097999,6559.614354947861
3.636914925669085,91587.42593978015,13738.113890967023,3777.4086476437487
3.268107020457687,150012.9451065594,22501.94176598391,6885.313615841316
3.960590631749148,109545.36975514295,16431.80546327144,4148.82702886527
4.817004615986647,183003.9744602357,27450.596169035354,5698.68587585166
0.24136496451801712,10524.508945548487,1578.676341832273,6540.619285755659
0.8832580438540464,33802.09850153152,5070.314775229727,5740.468270298107
2.549888568749406,83983.31727720567,12597.49759158085,4940.411022650805
3.5730409027962278,104537.86549871686,15680.679824807528,4388.609101154139
2.515703546392168,70331.4543991802,10549.718159877031,4193.545847246843
3.0310565921900645,171554.1669641412,25733.125044621178,8489.82005513395
2.4926634599890503,84575.67598589846,12686.351397884768,5089.476217515739
2.607164100571368,112112.56905109742,16816.885357664614,6450.259634205281
4.429319986942828,108088.89820454488,16213.33473068173,3660.456859851387
2.1453372697644073,41194.94500632581,6179.241750948871,2880.3124981963565
2.6002523340652592,52234.554623945354,7835.183193591803,3013.2395579248273
3.4317947197175727,114636.1087830093,17195.416317451396,5010.619142996564
2.5311396925364793,43695.51361038889,6554.327041558333,2589.4766143824245
3.328023740248772,112056.53788532164,16808.480682798247,5050.589176849382
3.9630563601158126,81379.41982711655,12206.912974067482,3080.1764761454865
2.96730178804334,72386.63040746245,10857.994561119367,3659.2147805360933
1.087027762961836,37089.89056952333,5563.4835854285,5118.069450470721
1.4105583710135272,35172.606935203155,5275.891040280473,3740.285512955832
1.4526520801755949,41617.635001572824,6242.645250235923,4297.412529420892
2.593336863468274,92223.9653385341,13833.594800780114,5334.283793073977
0.22869143648534465,16927.12308313063,2539.0684624695946,11102.595276374972
2.074736843126916,66197.8822518163,9929.682337772445,4785.996050856762
4.162817830928384,131822.52632233506,19773.37894835026,4749.998619070111
3.2750094667797853,131414.54673365748,19712.182010048622,6018.969474745059
2.1549020265390424,59123.75719717851,8868.563579576776,4115.529834003845
4.388890538639503,173212.18967054595,25981.828450581892,5919.908054630114
2.946675798798601,53241.469041616394,7986.220356242458,2710.2473775698522
2.914141487684741,141640.21445324962,21246.032167987443,7290.665967240741
2.0636165904863235,113971.60251079052,17095.740376618578,8284.358855919887
2.6975468122400867,83900.41616192977,12585.062424289465,4665.373133539293
3.7908894170680565,116328.30942274489,17449.246413411733,4602.942606251833
2.5652602796831006,76575.57864317823,11486.336796476735,4477.649651167444
3.3959782521862047,121928.96502536366,18289.344753804548,5385.589481331497
4.166714175925111,122734.93160019325,18410.239740028985,4418.407157947538
3.181347664135726,128325.87860437603,19248.881790656404,6050.543298883912
3.4425355571776164,88732.02326843061,13309.80349026459,3866.279162320901
2.7899323638268494,35116.41978072629,5267.462967108943,1888.0253282856486
2.1754695271603866,128856.58080872348,19328.48712130852,8884.742755527242
2.724202381433289,102726.80355946076,15409.020533919114,5656.34206876067
4.925549105346446,140761.50740813176,21114.226111219763,4286.67457366353
3.780395304107349,144044.58702888613,21606.68805433292,5715.457330839858
3.378324317371648,170726.33769869636,25608.950654804452,7580.370695353587
4.874121070027984,119992.67483659464,17998.901225489197,3692.748080503847
4.167347380564637,138588.11600711706,20788.21740106756,4988.3572216748935
4.225363243571079,65948.14290474082,9892.221435711122,2341.1529057915222
6.443203809997964,137819.08928101262,20672.863392151892,3208.4757834407887
3.462595745438821,172909.80275773935,25936.470413660903,7490.47024846209
1.8869067984142576,54297.77409763713,8144.666114645569,4316.411452590179
2.797251777355188,183758.43559024294,27563.76533853644,9853.873563214993
2.794435510099931,151098.0040439515,22664.700606592727,8110.654378916843
3.1475374217140493,131081.51080179896,19662.22662026984,6246.860318363559
4.96197517379499,199364.62521621725,29904.693782432587,6026.772149196597
4.291048846858963,109833.20569613868,16474.980854420803,3839.3832003288535
3.234622359704809,100251.26612550071,15037.689918825106,4648.978534915415
0.6783049745737876,17609.639098726824,2641.4458648090235,3894.1861903176723
2.9068503505192873,79246.27160587838,11886.940740881757,4089.285414626949
2.336713025230955,84930.43573985415,12739.565360978122,5451.916954893926
3.242214658559036,187057.6752080398,28058.651281205966,8654.162119443474
2.8312815023179536,189722.48561826433,28458.37284273965,10051.410578369176
3.1020010643730633,90195.57565154794,13529.336347732191,4361.486687776674
2.8347098314284085,54153.43437841675,8123.015156762513,2865.5543741030206
3.4503284145856954,194998.8686878178,29249.83030317267,8477.404695600519
3.110452509669849,70262.35745107764,10539.353617661645,3388.3666716970124
3.156021466889389,119122.77831292372,17868.416746938557,5661.69049684883
3.7598632704501944,57858.40030238882,8678.760045358324,2308.2648014269826
1.7799721605394578,47921.51310137091,7188.226965205637,4038.39291678983
4.696118565259581,139587.79122750534,20938.1686841258,4458.611594481416
4.303901247126012,246426.30622914323,36963.945934371484,8588.474458853965
2.0296955351698207,44935.3290742822,6740.29936114233,3320.8425817315415
3.0057949118305887,67940.80686583866,10191.1210298758,3390.491144210902
2.662279369476929,86405.16654175833,12960.774981263748,4868.300122766686
2.644819170389978,60613.42388892879,9092.013583339318,3437.669268707963
3.153917347040908,113616.65104577776,17042.497656866664,5403.5967914176335
5.457971861246052,194626.97272889852,29194.045909334778,5348.8817186151255
5.546850090904568,119430.68328385097,17914.602492577644,3229.689318979985
3.562198212518204,96179.60834667512,14426.941252001267,4050.0108054915095
4.830514530048927,208027.4026392825,31204.11039589237,6459.79019456056
3.636548440926908,129623.89365155007,19443.58404773251,5346.713886417143
2.9010403563539255,182220.7378756256,27333.110681343842,9421.83055864019
2.614887274193786,77588.16928206128,11638.225392309192,4450.756064005648
3.2974507177447996,99115.40735216372,14867.311102824557,4508.728825822344
0.6866281159191239,25541.160116445324,3831.1740174667984,5579.692891454597
1.9484874482588261,56523.90789750643,8478.586184625965,4351.368130291244
2.3939209842423663,48365.42154975272,7254.813232462908,3030.514908477202
4.696843469869189,88652.9683819078,13297.94525728617,2831.2515293716033
2.896589147109034,104864.47604753287,15729.671407129928,5430.411635294934
4.118378512953699,145037.04903652176,21755.557355478264,5282.554113724527
3.7227869551020665,104548.1262023827,15682.218930357405,4212.494327365411
4.741798026033345,107877.57959185568,16181.636938778352,3412.5529704002956
3.546520050705712,134565.83071582185,20184.874607373276,5691.459323162925
4.056087745991666,108163.3717785587,16224.505766783805,4000.038160618515
3.1560086981768323,121775.84872740488,18266.377309110732,5787.80955821284
6.010020669666189,235323.81485017133,35298.5722275257,5873.286327563706
4.195819493939575,138908.0674895524,20836.21012343286,4965.94530663881
4.260855152936822,146230.80547755555,21934.620821633333,5147.93862600909
1.4465599973819054,72426.53636119713,10863.98045417957,7510.217670778972
2.0325002608890568,47814.0761629579,7172.111424443685,3528.713655026277
3.0543462526142973,82684.7330422701,12402.709956340515,4060.675814251479
2.025426451969116,97949.48383788775,14692.422575683162,7253.989677778334
3.5709039570541274,150322.49369594353,22548.37405439153,6314.472280848786
3.553997643151151,180809.38651719718,27121.407977579576,7631.239719543649
0.4777904947906396,10364.451837784547,1554.667775667682,3253.869201288555
3.5921055197305267,111506.57508876249,16725.98626331437,4656.318187604112
4.016564066460685,94898.6394599791,14234.795918996864,3544.0231211201067
2.5982980766293156,106555.62240195583,15983.343360293373,6151.466417212619
4.68342961166731,194744.99680077934,29211.7495201169,6237.256015836109
2.394999123365208,53433.826855560066,8015.074028334009,3346.587458066392
2.8812449230587616,128034.94326399548,19205.24148959932,6665.6053207760015
2.264069093381463,58749.36499077357,8812.404748616034,3892.286138429818
6.911508173380964,174967.9640123064,26245.194601845957,3797.3180300830577
3.7100096235297744,126298.29186031818,18944.743779047727,5106.386694766396
2.248937850972336,33138.95928965792,4970.843893448688,2210.3073641183664
4.682788554601657,204513.31906394742,30676.997859592113,6551.010685598138
1.1542215101469622,49583.342407772274,7437.5013611658405,6443.738308272261
3.1263834132849815,126468.90831931205,18970.336247896805,6067.821421801917
2.1146891316281926,40783.23382924267,6117.485074386401,2892.8531304628586
3.2867027722536486,67767.62599412602,10165.143899118902,3092.808995365528
1.3157407698192662,39659.816934838076,5948.972540225711,4521.386489409216
2.981012605199315,105852.33725333583,15877.850588000374,5326.327892846584
3.519555442030421,72651.52761447139,10897.729142170707,3096.3368305071617
3.0436601314078406,39394.179739077415,5909.126960861612,1941.4542707593157
2.8151445822944745,95518.02688899792,14327.704033349688,5089.50912271509
3.5063865034333186,153612.33432084907,23041.85014812736,6571.394832134355
1.5303470736573075,25269.86534857143,3790.4798022857144,2476.8759110487385
3.224565718028303,118955.63445878302,17843.345168817454,5533.565363253929
3.250041067347344,95981.97721540398,14397.296582310597,4429.881433486485
1.5449860416758778,35480.217528720466,5322.03262930807,3444.7124347707067
8.993484247138923,241662.65392240975,36249.398088361464,4030.6289633957385
4.396305273311833,152227.60998607535,22834.1414979113,5193.939018868416
1.4746622798064009,52508.84212995107,7876.326319492659,5341.105165127498
3.0884073871802427,52467.380609322005,7870.1070913983,2548.2736260982115
3.5529067354161117,176830.57596845404,26524.586395268107,7465.60165254706
4.253035081225994,183571.02901799,27535.654352698497,6474.353920626721
3.0714687504831675,67003.70111612196,10050.555167418293,3272.2309695767726
3.990538903683978,192783.25413857668,28917.4881207865,7246.512017234191
4.563999450505218,178742.17432188694,26811.32614828304,5874.524403221636
4.580437990269947,61266.72625201518,9190.008937802277,2006.3602994570101
3.971997165307978,148914.36481272065,22337.154721908097,5623.6582737279305
4.2904486109890705,115381.78344713044,17307.267517069566,4033.9062616297715
6.63909841718064,287995.8739555546,43199.38109333319,6506.814386354321
4.00895384372105,113542.78425268918,17031.417637903374,4248.34465594522
5.1596416597988615,205256.92467382347,30788.538701073518,5967.1854619209635
3.836948264668166,133398.45751362699,20009.768627044046,5215.021743008716
4.118417237460266,160031.07617946627,24004.661426919938,5828.61328584645
3.989103755451504,87100.75107856392,13065.112661784588,3275.2000105110883
4.331871427348597,145305.98987089517,21795.898480634274,5031.52017463613
3.061669807039896,113608.98291577659,17041.347437366487,5566.030470752336
3.3061515384839506,111864.11374500002,16779.617061750003,5075.271616087012
3.4830681286323584,132627.3941883724,19894.10912825586,5711.662360181099
4.12692781975898,125562.23879003449,18834.335818505173,4563.766714874391
2.362510109993213,127718.19102209213,19157.728653313818,8109.056791874999
2.9093669100178876,54564.21220536471,8184.631830804707,2813.2002885653174
2.809971447778372,94121.21792659677,14118.182688989515,5024.315353862999
5.255872485832906,178525.27353529775,26778.791030294662,5095.022967637882
2.0726048087481344,76332.80476797657,11449.920715196486,5524.410957104893
3.334728228066133,129902.03320559485,19485.304980839228,5843.14632204349
0.6731466538379549,12520.33089676219,1878.0496345143285,2789.956131857156
2.17475669683553,85516.01885176769,12827.402827765152,5898.316278979712
3.234457686442337,157899.98105305296,23684.997157957943,7322.71046773522
3.8630935842105742,124121.85025983497,18618.277538975246,4819.525370825285
5.398326309105846,236984.30501570602,35547.6457523559,6584.938315491316
0.8535510259139755,34353.31533441416,5152.997300162124,6037.128588351629
0.7402228328197027,16151.962440440855,2422.794366066128,3273.0608387707653
2.306229060827671,97148.85588409721,14572.328382614582,6318.682142260748
2.45700973897567,72229.01534704397,10834.352302056595,4409.568318021176
3.938959170565104,79517.71558084825,11927.657337127237,3028.124136512954
5.184115048148929,133461.38388281077,20019.207582421615,3861.644156521911
3.2731748280749304,117260.99882465455,17589.149823698182,5373.727572640225
2.966173392760716,112354.55892509963,16853.183838764944,5681.793208683302
5.480765153214604,136739.909923811,20510.98648857165,3742.3582137142753
3.6430700473528748,89914.45047320699,13487.167570981048,3702.1433559261604
2.0829376614318065,36100.70642662774,5415.10596399416,2599.7446127465137
3.680814118662781,126850.79036055665,19027.618554083496,5169.404903553272
2.0852216116533784,53776.75935569138,8066.513903353706,3868.420439474413
4.30596737444922,119178.94204295779,17876.841306443668,4151.64346402655
3.801403666563562,98850.58478805976,14827.587718208963,3900.5559574295303
2.712367034970099,99951.68110899624,14992.752166349435,5527.552861781008
2.1335478388840765,51617.45042814411,7742.617564221617,3628.9870904752192
3.2218376154392505,131657.81058591968,19748.67158788795,6129.629716051195
0.7730678651820906,24831.91835539667,3724.7877533095,4818.189865429413
4.537544927851846,128009.4370370001,19201.415555550015,4231.675027103325
2.9797500743612897,66304.29651360972,9945.644477041458,3337.7445184470075
2.7282952564008527,81626.3603358597,12243.954050378956,4487.7672318102
2.861446303633064,58349.72329765694,8752.458494648541,3058.753359633516
3.209888112269024,95589.58525630679,14338.437788446017,4466.958749633918
3.2584134244420624,86709.10987879302,13006.366481818954,3991.625612715499
3.0048800239794495,136826.15504584162,20523.92325687624,6830.197243514507
2.5322223745347285,101190.86982885253,15178.63047432788,5994.19333269133
0.8913255686487024,28412.030652515827,4261.804597877373,4781.42302631181
5.1821220128762215,155653.2888614714,23347.99332922071,4505.488923496405
3.553993005029404,64207.667777060684,9631.150166559102,2709.9519196941746
2.4941911594943726,103675.42261018931,15551.313391528396,6235.012634188387
3.997489290253236,62873.53220399642,9431.029830599464,2359.2382982974846
3.8959696449645653,200593.31538687448,30088.997308031172,7723.108763673346
4.562828552938542,64442.922778554916,9666.438416783238,2118.5188758753343
4.0294554845526465,83776.47602587371,12566.471403881056,3118.6524958660007
4.154521346754507,128780.55867840648,19317.08380176097,4649.653278795015
2.6690057478116764,75048.32720315592,11257.249080473388,4217.768766404205
0.8102427014057066,37734.27950473235,5660.141925709852,6985.73639218219
4.527351083396174,151117.72459231937,22667.658688847903,5006.82590576648
4.236593884133032,77081.21259455393,11562.18188918309,2729.122074335702
4.725155253972057,129077.90144073077,19361.685216109614,4097.576518746936
6.020986996893714,227879.79712792204,34181.9695691883,5677.137251221953
2.1536404063444743,83250.40541067609,12487.560811601414,5798.349982111187
3.163409570385112,117035.17036531132,17555.2755547967,5549.479181938344
4.5119798904022765,106638.6093492636,15995.79140238954,3545.1823347916998
3.7709582827594224,118494.64248262615,17774.196372393923,4713.442854474524
3.681050100449499,200974.48103782273,30146.17215567341,8189.557689527836
4.312580672917449,183500.73797457124,27525.110696185686,6382.514968135082
1.5015976820675971,34911.60822539671,5236.741233809506,3487.4462689625843
3.8159496814700056,188455.73002363305,28268.359503544958,7407.948705616902
3.0856846187649603,102181.55301349492,15327.232952024238,4967.206583205168
2.7367983809866505,91153.49244302735,13673.023866454103,4995.992383452377
3.7600464094120247,116658.80602813655,17498.82090422048,4653.884287283797
3.326038252477926,136813.76663413667,20522.0649951205,6170.122962305497
3.574866739152277,158656.9511006743,23798.542665101148,6657.183162789614
5.576606019178061,255721.05448289687,38358.15817243453,6878.405618134049
7.163409548612382,181557.88158193888,27233.682237290832,3801.776521707634
2.8485608791624157,106403.55881520388,15960.533822280582,5603.016575504464
4.258353359187992,93863.42235787572,14079.513353681357,3306.3280958830815
3.250673159145837,73828.93659529099,11074.340489293647,3406.7837482017403
3.0210369841616838,91268.91498404753,13690.337247607129,4531.6682051166945
4.765510977449301,163021.05964666867,24453.1589470003,5131.277435455336
4.772036823325506,195715.51532013516,29357.327298020275,6151.949028247844
2.929262896648762,70860.11473909741,10629.017210864611,3628.5637670230253
1.733992765829828,42768.27764314512,6415.241646471768,3699.6934317668038
1.593344720762325,59791.84290234195,8968.776435351292,5628.898956065353
1.7704298511555607,55984.547120412215,8397.682068061831,4743.301217261253
1.7402407482048232,57409.1422907702,8611.37134361553,4948.379327687129
3.068518205261068,99754.84140234608,14963.226210351912,4876.368725692096
6.3873173645132635,219578.52897032537,32936.779345548806,5156.590390911116
3.347607924660253,169246.02153397046,25386.90323009557,7583.595152551228
2.5239473189302877,94058.14330263932,14108.721495395897,5589.942939607602
2.2448523353394347,51759.05569591351,7763.858354387025,3458.516282859685
2.276818015106767,77172.37900293928,11575.856850440892,5084.225780732003
2.7852404900610037,132602.48051336085,19890.372077004125,7141.34817010666
3.428802300021108,175971.67780626978,26395.751670940466,7698.242523570977
3.7660576184416934,253019.6736041265,37952.95104061897,10077.63419624021
3.243238984079691,104591.43208374163,15688.714812561244,4837.360086497946
2.1956041606190877,71521.0298885051,10728.154483275765,4886.197009323748
4.109946401024597,128960.31448975552,19344.04717346333,4706.6422006479
5.721221768110686,248452.05305127733,37267.8079576916,6513.959686970588
5.10468538652831,211463.45810933626,31719.51871640044,6213.804831167636
3.522356310688662,119005.12759821952,17850.76913973293,5067.8487822383
3.1443291930278963,106782.19365808912,16017.329048713367,5094.0369361546245
4.02776890511359,121117.96044655597,18167.694066983393,4510.6098425651935
2.105762951625854,37726.34395083387,5658.951592625081,2687.3640208437605
1.4439407037232024,38939.87690203518,5840.981535305277,4045.167173585661
2.907586062229192,94875.02079973758,14231.253119960636,4894.525154330187
2.2893044330760786,115446.7876947274,17317.01815420911,7564.314253714471
3.542286956929235,151294.9581052161,22694.243715782413,6406.6643927277355
4.664399745294555,162658.63982493512,24398.795973740267,5230.854409156025
4.836344424827844,208238.9835996344,31235.84753994516,6458.565560300647
1.6939694374558267,54186.75052589976,8128.012578884964,4798.2049729848895
2.7666033928270046,83904.27566181717,12585.641349272575,4549.1310326241455
3.2448271778476077,122798.74244292756,18419.81136643913,5676.669467080078
2.2365912903551752,124161.54764674934,18624.2321470124,8327.061017954173
1.633931159538979,66174.80499384631,9926.220749076945,6075.054442243254
3.726460984419504,84384.73788294944,12657.710682442415,3396.710910261735
2.904254459374771,78657.23191260737,11798.584786891106,4062.5175761737864
3.79315646938293,99516.93495312404,14927.540242968606,3935.3874176978034
3.3523396439390245,103615.91024693445,15542.386537040167,4636.280385592954
5.124289334272252,130800.95291456784,19620.142937185174,3828.8515064834087
4.4731802103498275,112959.96627042285,16943.99494056343,3787.907963412526
4.375767234271188,115940.85013434762,17391.127520152142,3974.417876696941
2.0012517359237436,70817.47994930117,10622.621992395174,5307.988896005606
3.5285303069049827,80032.25284733994,12004.83792710099,3402.2204382398863
3.3579940471954033,150037.50652469462,22505.625978704193,6702.104191489229
2.1045269104799305,64533.483550213175,9680.022532531975,4599.6192704062305
2.4075974658573887,28702.655112229007,4305.398266834351,1788.2550251402267
2.9796546548592073,65764.44130771759,9864.666196157637,3310.674336057833
3.190686828020953,102412.58254193071,15361.887381289605,4814.602061969814
3.825327270569491,186450.10035808475,27967.515053712712,7311.1430932676985
3.8727766581062126,113088.74839373029,16963.31225905954,4380.142145184948
3.9150740779583657,43256.38056043585,6488.457084065377,1657.301229776214
3.296963774251861,76812.24555937458,11521.836833906187,3494.6810528789306
2.7794600953079587,107094.85540428277,16064.228310642415,5779.621854532338
3.251854532835962,114550.2594900614,17182.53892350921,5283.919914008028
4.720051999123451,155452.28693744133,23317.843040616197,4940.166558535053
4.530714484941127,266804.1129665084,40020.61694497625,8833.180081859935
2.4856136877292325,88226.91368798706,13234.037053198059,5324.253369914534
3.679790959185943,118992.00022982966,17848.800034474447,4850.492930832958
1.948658768263943,64829.61191363663,9724.441787045494,4990.325625716905
3.2804579215147154,104887.88264051871,15733.182396077806,4796.032374898801
3.586598798297782,127064.83124136021,19059.72468620403,5314.150190216389
3.8166593762654393,78324.69490654391,11748.704235981586,3078.268998549608
6.343999588113673,145239.42954077775,21785.914431116664,3434.0977057967457
6.256676619514151,105491.20297991805,15823.680446987706,2529.087151097872
4.294316392811473,187612.7848445246,28141.91772667869,6553.293971023471
1.6241437601133726,69121.05769706974,10368.15865456046,6383.769041378896
4.451789608618904,182970.1798550087,27445.526978251302,6165.054818654342
3.0119126233865856,98976.42970205654,14846.46445530848,4929.248059864087
2.587122743643504,120735.96414897249,18110.394622345873,7000.206954557012
2.0009921542010414,82513.2232510042,12376.983487650628,6185.42329697066
1.2605710306075346,34315.16322222538,5147.274483333807,4083.28793725576
2.733331417675335,121285.72057719328,18192.85808657899,6655.928355022456
3.6250768967236247,76430.38791735447,11464.55818760317,3162.5696541678703
3.5443978483620997,107526.73254701734,16129.0098820526,4550.564178201939
2.7596258093443904,59910.99834202025,8986.649751303037,3256.47401936642
6.090233428662085,216648.175506506,32497.2263259759,5335.957431949362
2.4277030604313974,74217.96946062555,11132.695419093832,4585.690729868576
5.821303076782855,210774.76532406523,31616.214798609784,5431.123303767667
3.0104863416767547,156219.8480986043,23432.977214790644,7783.784596657279
2.4180066904157336,164064.71243091754,24609.706864637632,10177.683528413409
3.851702089283807,91534.00620899067,13730.100931348601,3564.684031391847
4.414371519655741,161298.9884349885,24194.848265248274,5480.927048735385
2.271688030689627,91328.99166251991,13699.348749377987,6030.470982064914
3.710858965484959,105085.50797668524,15762.826196502785,4247.756743954508
6.062206704696143,283684.498155038,42552.674723255695,7019.337478263795
4.370909269304142,211642.945919854,31746.4418879781,7263.120767782993
2.2126405580435633,103530.77677408597,15529.616516112896,7018.589829088337
4.712953152835223,143715.3444570319,21557.301668554785,4574.053882879426
2.366582789180101,48930.178296988204,7339.52674454823,3101.318398031196
2.8065772402959364,94019.09735982023,14102.864603973034,5024.933716944834
2.665168910565982,98932.60702405284,14839.891053607924,5568.086508429398
3.5193643666573804,61419.69984900444,9212.954977350666,2617.789469210584
3.8045627775813955,115961.13060101242,17394.16959015186,4571.923400146793
5.0989569389312415,175187.01645869802,26278.052468804704,5153.613333771882
2.4990416170334706,44981.69806623247,6747.25470993487,2699.9369133933483
4.467847747109752,132494.2783109231,19874.141746638466,4448.25850645762
1.969422418091675,75065.18933381257,11259.778400071884,5717.299801523713
4.838673104304678,195757.96531302534,29363.6947969538,6068.542793442831
1.9370245504399815,82273.88107829576,12341.082161744363,6371.15423185585
3.67244222630725,99103.29376515235,14865.494064772853,4047.8496729737662
4.602100710940389,180486.24714024484,27072.937071036726,5882.734596980314
3.975664895210479,79031.40938630186,11854.711407945279,2981.8185688202143
1.2906712507312939,20537.96166230419,3080.6942493456286,2386.893058631397
4.607775012824938,175181.46331037596,26277.219496556394,5702.800033295536
1.072004775179583,59418.234740180706,8912.735211027106,8314.08163227075
7.202243191871686,283745.54716341855,42561.83207451278,5909.524427409956
1.527925010003927,61297.78857212485,9194.668285818727,6017.748401012885
3.711989066879027,166051.61192567364,24907.741788851046,6710.079512651427
1.7808371559471423,72537.69145857696,10880.653718786543,6109.853268981039
3.138592382576084,104273.46019647387,15641.01902947108,4983.450261430027
5.332287058503497,219124.83295941696,32868.724943912544,6164.0951777898335
6.384865044007325,325258.17881648283,48788.726822472425,7641.309015335305
3.4756248459735697,109610.39380372771,16441.559070559157,4730.533299532117
4.644561692342768,143823.26430674247,21573.48964601137,4644.89247318609
4.04848933881878,95567.18608036943,14335.077912055414,3540.8461557757078
3.548213889859049,185259.4194222337,27788.912913335054,7831.803204636842
4.669139112922616,95582.57383929315,14337.386075893972,3070.6701447838386
3.219602269616298,63802.074516998415,9570.311177549762,2972.513489590229
2.3211166718782374,86058.96516812309,12908.844775218464,5561.480356251409
3.8977738898667793,117554.19363908435,17633.12904586265,4523.8973691378815
0.745804798560649,24351.873713859513,3652.781057078927,4897.770923609688
2.7660967515010406,110768.9164152941,16615.337462294112,6006.7810185155995
7.773523174568398,226989.05014834506,34048.35752225176,4380.041939495754
3.478801643432276,115649.19940391603,17347.379910587406,4986.596445743894
2.7139106155081905,99393.42545459392,14909.013818189087,5493.55374233551
3.076369701876846,110189.60040473567,16528.44006071035,5372.709284786741
5.6103530371135735,185823.69777137766,27873.554665706648,4968.235417863667
2.9458944035688024,120822.04318546368,18123.30647781955,6152.055707042344
4.3951080185033256,189787.63733004377,28468.145599506566,6477.234570721854
2.232550352090522,89715.46681742034,13457.32002261305,6027.778952448641
3.7501401861259622,173310.75143741362,25996.612715612042,6932.17091238062
2.765255608711018,100765.09886239073,15114.76482935861,5465.95576255033
2.836225767177984,70692.38806153828,10603.858209230742,3738.721484002832
3.3471041648812494,71780.83578561463,10767.125367842194,3216.848008739578
5.418869127362894,178661.1820493872,26799.177307408077,4945.5295334748125
1.1529716916651414,37877.02300168039,5681.553450252059,4927.747568586582
2.877294590350383,97298.89460190108,14594.83419028516,5072.4156779886325
5.240377111936379,147798.30401087392,22169.745601631086,4230.563016377864
3.493147287637608,134599.65460483675,20189.94819072551,5779.873142532114
3.0025961466294784,105792.12760482967,15868.81914072445,5285.032806872069
4.912494721842187,117540.87559581784,17631.131339372674,3589.0382255232216
6.333931712699611,207649.95663370375,31147.49349505556,4917.560672876289
2.517429611315592,68252.7191734997,10237.907876024956,4066.809983487361
3.9317285720167705,101200.51800048281,15180.077700072421,3860.917004320529
0.7722570567860018,25306.29599310106,3795.9443989651586,4915.389721090038
3.0791260367235513,144838.57077412726,21725.78561611909,7055.828620525437
2.242437393806283,80616.58479445953,12092.487719168928,5392.564248424034
3.1807497700842142,39692.85587471535,5953.928381207303,1871.8631805637654
3.3656004013912426,94108.94422622642,14116.341633933962,4194.301149981641
4.036312835480658,46332.45818906466,6949.868728359698,1721.8359952845638
1.2526460151385959,73672.47876123368,11050.871814185051,8822.022886459552
2.6385186650383856,96216.0079758833,14432.401196382494,5469.8878532180215
3.4705145135355395,98320.2141034749,14748.032115521233,4249.523250227493
3.3381659202546015,107281.4870928362,16092.22306392543,4820.678015518797
2.647522549894113,90446.95945380682,13567.043918071022,5124.4299764750385
2.1540443994485035,48397.699529380865,7259.654929407129,3370.2438683556416
2.1493526569023014,60352.7729589145,9052.915943837175,4211.92674676498
2.833714919048033,88468.0372018794,13270.20558028191,4682.971279531515
3.560521205099922,155640.4383253296,23346.06574879944,6556.923664816162
3.9097045065793976,181904.2650604353,27285.639759065296,6978.951916480643
3.8245793520419853,116601.0362114306,17490.15543171459,4573.092573533976
2.410109656995604,92349.14406298182,13852.371609447273,5747.610516077252
4.538921939763677,140601.43842999692,21090.21576449954,4646.525330109031
4.355805061569529,120034.80632308172,18005.220948462258,4133.614956123502
2.463047336997419,82969.28244872983,12445.392367309474,5052.843353989715
4.128008878808798,266555.0458796464,39983.25688194695,9685.845659683939
4.468864263928488,132967.10307787402,19945.065461681104,4463.117312081393
1.977974441501014,63629.10954317535,9544.366431476303,4825.323437563442
1.8756126580195378,56645.63162937028,8496.844744405542,4530.170292931043
1.3636041964470937,68231.53391244626,10234.730086866939,7505.645783089986
2.9915603977720218,67518.08522232644,10127.712783348965,3385.4281501024097
2.212726700946166,105200.48552656571,15780.072828984856,7131.505586404895
2.0748986975285693,51564.02977041517,7734.6044655622745,3727.702212534536
4.878603178558106,136935.85395417138,20540.378093125706,4210.299001854156
2.9063818544448434,122870.55803855727,18430.58370578359,6341.418515807542
2.105076849753218,92804.36946642627,13920.655419963941,6612.896541803633
2.5839526271390634,54474.53509397827,8171.180264096741,3162.2794389786554
3.6422166123121444,83438.39914844667,12515.759872266999,3436.3030002001365
4.396926248116906,193315.88836108093,28997.383254162138,6594.92145600145
4.889739525775976,174848.4696457306,26227.270446859588,5363.7356977000645
3.887150559858899,159692.71840295597,23953.907760443395,6162.330836321634
5.476214168088584,145242.77617710445,21786.416426565665,3978.3718747745743
4.345577351505246,129838.27291074682,19475.740936612023,4481.738411552128
1.7892826610357064,48316.729751440376,7247.509462716056,4050.5112023613506
2.774815885554003,98278.75610762312,14741.813416143468,5312.717680798562
3.3395823781481684,99602.57275187226,14940.385912780837,4473.728814279296
3.1538717107700993,98720.87637225041,14808.13145583756,4695.223145973104
3.9282277115282938,101348.8183253976,15202.32274880964,3870.0207485922733
3.0015943336670943,92550.07014612766,13882.510521919148,4625.045552027902
2.675819137736291,91027.23401351651,13654.085102027477,5102.768311007245
3.9006543804408955,165036.74298539097,24755.511447808643,6346.502159212193
3.2523930036712394,194908.5056756501,29236.275851347516,8989.158388406986
4.44417353601083,180548.2030943337,27082.230464150056,6093.873302809763
4.665788005034232,228059.64510394575,34208.94676559186,7331.869070922539
1.3978739535891163,53244.187531963,7986.62812979445,5713.410790213491
2.6407117470610983,78013.23718744674,11701.98557811701,4431.375590743816
3.1046608764910975,101946.73022729218,15292.009534093826,4925.50076882372
5.332006546873285,190045.7369560295,28506.860543404422,5346.3663806116265
1.3993120015399647,24594.160456598718,3689.1240684898075,2636.384211976935
4.03720610380397,77384.12315747765,11607.618473621647,2875.16123159643
3.9870377172090716,77746.08112150217,11661.912168225324,2924.9565706111925
3.711160095020777,89008.42962742141,13351.264444113212,3597.5986220660375
2.5834791997482833,46921.30353029285,7038.195529543927,2724.308959108198
1.9048059440865266,92784.67314911308,13917.700972366962,7306.624076628114
3.82380532208832,46762.865848512614,7014.429877276892,1834.4108254564735
2.113674384217591,60049.84692990207,9007.477039485311,4261.525382879429
2.190819876729695,47502.78738439249,7125.418107658873,3252.397964498664
1.9111900802027713,82806.97418468083,12421.046127702124,6499.116051494098
3.4356372041011825,65861.48074128278,9879.222111192417,2875.5137764253486
6.230171869730858,124296.24172715776,18644.436259073664,2992.6038396560475
3.570879381139138,147934.57454987697,22190.186182481546,6214.207710203503
3.339381700426396,92787.08029684877,13918.062044527314,4167.855996440945
5.195651490678358,195598.97069276223,29339.845603914335,5647.000314889027
2.4004544243104875,87399.20492759954,13109.88073913993,5461.416224515758
3.246351538191334,126513.16807790707,18976.97521168606,5845.631623203339
1.8287837745156554,69122.6013248126,10368.390198721889,5669.555003279656
4.7126001826016015,341091.2636916785,51163.68955375178,10856.785547529038
2.4006195470714244,48290.3484679549,7243.552270193235,3017.3678619878874
1.9935736658080252,56640.77359752095,8496.116039628143,4261.751740277197
5.152516240091041,140676.2609557899,21101.439143368487,4095.365867880436
3.6886914517408447,161000.13320534086,24150.019980801128,6547.042575058356
3.0555780755434667,89388.90037421213,13408.335056131818,4388.150040560494
4.300802417642693,148991.6724177141,22348.75086265711,5196.414225163744
3.2157013473577694,159300.85888790307,23895.12883318546,7430.76742895271
4.712766784162583,189084.70887992432,28362.706331988647,6018.27071674807
3.054934761738269,64352.88825167522,9652.933237751282,3159.7837566451753
2.861593699034798,62269.781443934226,9340.467216590134,3264.078761335206
3.023877594163904,165281.05045158925,24792.157567738388,8198.796676025297
1.9626324527159895,58735.905334450705,8810.385800167605,4489.065585344495
6.170478629661823,144019.11043340014,21602.86656501002,3501.0033842697185
5.563405892934897,192334.0552731243,28850.108290968645,5185.691794949941
3.244518468647891,96825.08876999223,14523.763315498834,4476.400259651293
2.309142076712755,90501.03655762693,13575.15548364404,5878.874072126969
4.499126932969438,64268.212341972394,9640.231851295859,2142.689458404161
2.753602101465741,75414.35320865919,11312.152981298877,4108.129121225403
1.8803388348470156,40726.79816042742,6109.019724064113,3248.8930244112853
1.2694639586003642,65202.941340467856,9780.441201070178,7704.386670302569
4.9469761714196805,193511.97284756688,29026.79592713503,5867.583534125844
2.4156515526269358,72707.13534690229,10906.070302035343,4514.753086046444
2.8184319942460605,113204.49997215519,16980.674995823276,6024.865964653392
3.4998748322269657,47197.468664941305,7079.620299741196,2022.820997640205
3.502022916295274,166661.9222347354,24999.28833521031,7138.527911649589
3.716424222258783,145194.60058393114,21779.19008758967,5860.254046657954
4.464079195896107,135977.5861995628,20396.63792993442,4569.058261485447
4.18744905854614,163760.2197949899,24564.032969248485,5866.109085940017
5.133427149058966,180457.71378555876,27068.657067833814,5273.018644629232
6.789747996006448,300021.8668360412,45003.28002540618,6628.12228846725
2.048321920855132,53353.94552928189,8003.091829392283,3907.145526251634
2.1001072320098917,86448.37368287251,12967.256052430876,6174.568543350361
1.398280281353101,37114.13286736848,5567.119930105271,3981.404875936624
4.675933758031179,188789.78817561598,28318.468226342397,6056.216724136401
1.2338471602981946,61019.22801404085,9152.884202106126,7418.166930735626
2.7425415869799257,111635.21337764763,16745.282006647143,6105.753176595208
2.818483037489532,50095.34500376956,7514.301750565433,2666.08017526284
4.606529170557913,189505.6372657424,28425.84558986136,6170.772948002109
2.966862315208685,82191.16242224097,12328.674363336146,4155.458883325014
6.793408154431782,175584.43377698038,26337.665066547055,3876.9443065724354
0.7681924125524918,39069.68576711014,5860.452865066521,7628.886681650304
2.172692875945479,45281.448922113355,6792.217338317003,3126.1746257446857
4.423756624951902,145787.04277043333,21868.056415565,4943.322671102586
3.994183905082469,123395.01133248307,18509.25169987246,4634.050945005321
2.2780640371206573,82931.63543349279,12439.745315023918,5460.6653335114515
4.907183000441006,170317.2066362951,25547.580995444263,5206.160233508372
0.9119197982622205,30572.81124043097,4585.921686064645,5028.865142311532
1.245930666336796,84594.46395680823,12689.169593521236,10184.490948303812
3.143695943502105,96661.9027812132,14499.28541718198,4612.1780470377325
3.8029918753124328,80793.53909039253,12119.030863558879,3186.7096383326475
3.2399260055283645,91653.16620377061,13747.974930565591,4243.299046677945
3.5679723886756585,98055.14648144413,14708.271972216618,4122.3054356863895
2.791358904757792,65244.042601505374,9786.606390225807,3506.036566471196
3.967300255630788,150951.788667879,22642.76830018185,5707.349290753827
3.636655414146168,122215.88237649231,18332.382356473845,5041.000663731571
2.7646414189247293,88772.0132141563,13315.801982123443,4816.466211846905
6.444301760265571,168237.1115040331,25235.566725604964,3915.9505039324854
3.6811270199740522,91367.01850911975,13705.052776367962,3723.0589170119338
0.7582165341638438,13086.41604589871,1962.9624068848063,2588.9206030696078
5.30879567864001,189065.76232476372,28359.864348714556,5342.052334547502
4.027254718697525,71276.8664183572,10691.529962753579,2654.793577648692
0.20224459667621028,6983.657097933094,1047.548564689964,5179.612122676726
3.9295729213344024,143769.20322393737,21565.380483590605,5487.970554384685
1.8213616333057212,43862.28524238701,6579.342786358052,3612.3209504620595
4.392306542692255,198331.3242123897,29749.698631858453,6773.138063725269
3.550673237663802,100166.82254890435,15025.023382335652,4231.598453768588
3.027502231105576,93716.69221121812,14057.503831682718,4643.267868558839
3.963507516174439,107395.36250611668,16109.304375917502,4064.406163020509
3.0352270605341665,121299.53427534305,18194.930141301455,5994.5861638764345
4.109915207558512,153789.40709762482,23068.411064643722,5612.867881609526
4.008343839566988,97821.34110316254,14673.201165474382,3660.6642924773373
2.112160317925404,40918.80095111323,6137.820142666985,2905.9442555457367
4.736749324119265,122576.81983624746,18386.522975437118,3881.6753256951897
4.84450705086107,231365.61540408272,34704.84231061241,7163.751016616627
3.1846126795924015,131126.96321908315,19669.04448286247,6176.275252844849
3.380939388971467,126437.93674812911,18965.690512219368,5609.5919891628155
5.321498238128736,203749.96072354267,30562.4941085314,5743.212294904088
1.7031089156427646,60875.92168177441,9131.38825226616,5361.599700639177
3.5940955799129215,66329.71360865337,9949.457041298005,2768.2783665811867
3.220830019576636,114129.77444605259,17119.46616690789,5315.234291425962
3.912560252968152,135931.64910323746,20389.74736548562,5211.356770804366
3.864771636379278,132367.5979016325,19855.139685244878,5137.467760927324
2.2176589646331495,72508.63764408063,10876.295646612094,4904.4040675619735
1.6505045239269145,81168.10055622646,12175.215083433968,7376.662654923504
1.4365703834183465,55405.59041235357,8310.838561853036,5785.194138610346
3.5664917845758457,96611.01701248999,14491.652551873498,4063.279386916338
4.2103625221514225,130530.26001055709,19579.539001583562,4650.321414978479
6.731177492718264,240538.39246773213,36080.75887015982,5360.2447579478785
3.1297816330320525,108259.58521469716,16238.937782204574,5188.521017190808
1.8763157935011328,78894.7648727956,11834.214730919339,6307.155102519897
6.30692693474266,220993.78222191014,33149.06733328652,5255.977701387323
2.4163781686992767,38581.19204304168,5787.178806456252,2394.980587650094
3.519394681679965,41148.24627067355,6172.236940601033,1753.777992769696
2.1436491375644104,116289.74485271166,17443.46172790675,8137.274623087718
1.3681983196171523,50968.84934342371,7645.327401513556,5587.879543407758
2.926567432000137,175032.42882348824,26254.864323523234,8971.214548635764
3.976877100254666,170077.10366432177,25511.565549648265,6414.974590996184
2.069365364347636,50048.108700903314,7507.216305135496,3627.7867767938283
3.9806874600322906,116364.99135180707,17454.74870277106,4384.857861367863
4.115333784953061,157831.7873083667,23674.768096255004,5752.818442775483
3.416302918230409,154262.75436356623,23139.413154534934,6773.232265516076
3.343853906416751,84451.7164063697,12667.757460955454,3788.3704897054336
1.779738028543479,72076.41392695394,10811.46208904309,6074.74915726282
5.656375955299741,185417.94893156787,27812.69233973518,4917.051582060431
4.435577151354227,166357.00318530534,24953.5504777958,5625.773067700384
4.0103251577587,178266.22825934156,26739.934238901234,6667.772109991628
1.278922768190935,49824.687228151284,7473.703084222692,5843.748559418028
4.421204329181855,106975.60053416352,16046.340080124526,3629.404769694032
4.5810201216237285,112862.1245074494,16929.31867611741,3695.5346684041338
1.9396497864925795,68498.28484332937,10274.742726499406,5297.2154035491985
2.3664304066991915,53226.96034400328,7984.044051600492,3373.876547984782
3.5713723592476936,80061.55074434131,12009.232611651196,3362.6380572035705
4.297898156715745,154449.4298137496,23167.41447206244,5390.405641851203
2.1848866609484454,69330.57476507149,10399.586214760724,4759.782921758664
1.7823249869639315,83440.00654958154,12516.00098243723,7022.288905772106
3.97062299009921,66684.85557674339,10002.728336511507,2519.183604551078
2.579133137704368,62994.17721678303,9449.126582517454,3663.683136159432
2.387869167607564,124406.05391577828,18660.90808736674,7814.878780005915
4.700944764831091,153946.4209713512,23091.96314570268,4912.19622882176
0.7426584124114263,21952.46296972501,3292.869445458751,4433.895032262195
3.5059533022146656,155487.90785459825,23323.186178189735,6652.452034502792
2.9585039991572675,82411.97741242619,12361.796611863929,4178.39442346037
1.4067527575515468,29032.81102107717,4354.921653161576,3095.7264023717407
5.060252945720612,207376.29359816387,31106.444039724578,6147.211290303359
2.8978486177003036,78484.50741360651,11772.676112040976,4062.557319292829
2.6415654835690763,110178.91773962672,16526.837660944006,6256.45578871444
3.4492781951152978,91305.15983914945,13695.773975872416,3970.62028666395
3.3158993295798673,209018.22806285185,31352.734209427777,9455.273243593992
4.140598958047085,196400.34167262068,29460.051250893102,7114.925050550644
1.8491101319163121,90604.58759393916,13590.688139090873,7349.853264286784
3.818354450670363,149354.96849629423,22403.245274444133,5867.251341873446
4.302777941272287,226942.03654627848,34041.305481941774,7911.471599642002
2.4189044872269707,81482.37075508814,12222.35561326322,5052.847550535124
3.185189735411108,107343.89861297673,16101.584791946509,5055.14149218125
3.7265464564397734,98053.71496869026,14708.057245303538,3946.8331918650383
1.2598099723873248,46203.4625800486,6930.51938700729,5501.241884816992
4.153740887917589,71475.00951679933,10721.2514275199,2581.107420230737
2.405407315034501,90015.55130905396,13502.332696358093,5613.324866838375
3.597259178058922,131516.95189152108,19727.54278372816,5484.04821761359
5.206140475382041,170129.8676719152,25519.48015078728,4901.803989243028
5.262683659043573,145008.06300183188,21751.209450274782,4133.102207824476
2.349056090937493,83135.60145698668,12470.340218548003,5308.660047181406
3.840088634697413,64987.930004927584,9748.189500739138,2538.5324215328337
2.410076939875651,83166.5674035138,12474.98511052707,5176.177118715023
3.3869654832459055,103415.43758712974,15512.31563806946,4580.004052241831
1.8026460528302088,40946.512323243434,6141.976848486515,3407.2006752758957
0.7368606923658877,33585.824278056396,5037.873641708459,6836.941763758659
2.340621213880393,98288.81863999163,14743.322795998743,6298.893092384035
1.624985146197448,69763.88925120384,10464.583387680575,6439.802488144744
5.114600758314022,162750.50926092526,24412.576389138787,4773.114763543373
2.304590047313692,70541.03475478284,10581.155213217426,4591.339455601302
2.857833060361746,71365.82223551105,10704.873335326656,3745.800790047417
2.493264429260285,78213.20675751782,11731.981013627674,4705.470015913386
3.243152779887279,114638.05752544901,17195.708628817352,5302.158052947175
2.883320067008953,99923.74770948589,14988.562156422882,5198.369174453618
4.595252768916024,107237.46264034686,16085.619396052029,3500.4863072736853
3.400432849842182,90234.49389149326,13535.174083723989,3980.4268107668036
2.6096226260456143,105096.72934098261,15764.50940114739,6040.915358338802
3.0185050495304844,102677.92377252862,15401.688565879293,5102.422660606435
3.0708539933410828,95470.33084529598,14320.549626794396,4663.376916599564
3.1110961351198503,51071.49542322206,7660.724313483309,2462.387525414155
4.172587326960053,89972.79568823552,13495.919353235327,3234.424661656586
2.544507053442321,101349.29428669554,15202.39414300433,5974.593044431873
6.259330196649563,170520.67812323323,25578.101718484984,4086.3959744728277
2.750369911298026,69538.13940765441,10430.72091114816,3792.4792837140308
3.7792537051136654,91977.92247333917,13796.688371000875,3650.638313149692
3.4990731733499945,78757.75332185812,11813.662998278718,3376.226335663732
3.002325837594108,119856.84847501661,17978.52727125249,5988.1998969370525
2.6541508458878655,88088.34071279554,13213.251106919332,4978.334644163467
4.564544255178999,117256.04346015779,17588.40651902367,3853.2667306418602
8.439711263088876,229103.9752965439,34365.596294481584,4071.892417075891
1.2146540870690792,30608.79736938747,4591.31960540812,3779.9400292529576
1.9961793817108011,65617.36487180159,9842.604730770237,4930.721567885725
2.397835471384741,93531.86206418037,14029.779309627056,5851.018335934829
2.009708266389313,63259.48291525289,9488.922437287933,4721.54222380542
2.7155793181667356,58599.84477583832,8789.976716375748,3236.8698117460203
4.204867935850141,123179.16557285946,18476.87483592892,4394.162936342795
4.655240666111468,108654.93999796451,16298.240999694675,3501.0522910963978
4.831111119046052,148139.35094469835,22220.902641704753,4599.5428575636815
2.609777126807452,62548.30074172302,9382.245111258453,3595.0369151774203
6.203107322043462,293575.7917265486,44036.36875898229,7099.08219748092
4.099332559799231,131199.92493064664,19679.988739596996,4800.778773742826
4.1795891170691455,178882.08346701507,26832.31252005226,6419.844575264827
3.2497382544354116,138438.802994045,20765.820449106748,6389.9978469849
3.53985685099598,83789.2940088178,12568.39410132267,3550.5373890434034
3.3619359154091577,115892.77259555762,17383.915889333643,5170.805252311887
4.9030765480408744,211548.66272346373,31732.299408519557,6471.915969004982
3.660661027082479,216405.0879559287,32460.763193389303,8867.459443318165
4.321333861451345,225862.62849278227,33879.394273917336,7840.031656924269
2.7368979294015365,102858.66237328527,15428.79935599279,5637.330932310847
4.174317199933631,165264.50501595772,24789.675752393658,5938.618117661926
5.3924530480532615,181830.54041674465,27274.581062511697,5057.917207523604
1.9880824107235655,55918.91878659815,8387.837817989723,4219.0594176309605
1.4078495911635796,58293.6279861122,8744.04419791683,6210.922141682712
2.9327609025733388,75832.08682503927,11374.813023755889,3878.53405089215
2.2036797729604665,59137.92772924255,8870.689159386382,4025.398457721162
4.766099317092956,75980.19044343427,11397.02856651514,2391.2696333543186
4.160947011923589,188432.37382773482,28264.856074160223,6792.890174559923
1.4823113263661,41644.26242549675,6246.639363824513,4214.121050493628
2.206717023306631,73453.81061812893,11018.07159271934,4992.969862628526
5.625284466926797,177293.81829631625,26594.072744447436,4727.596071061682
3.1457936039319887,143799.23619944652,21569.885429916976,6856.738917313696
4.029318345857319,163350.82413802945,24502.623620704417,6081.084073661345
1.3203491635710012,65943.48342283082,9891.522513424623,7491.596000767044
2.5259176300489976,98243.63743870413,14736.545615805619,5834.135460513714
5.782249629108685,256410.42047828092,38461.56307174214,6651.660778898413
2.486172155646417,79909.92601523119,11986.488902284678,4821.262628600284
1.7827751919464594,32706.184377922873,4905.927656688431,2751.848734967009
1.7000571102830944,89069.63054571026,13360.444581856538,7858.821036683732
3.920901774100293,86335.3753994143,12950.306309912145,3302.889757518544
4.541322708352231,106817.04012311356,16022.556018467034,3528.1694447740847
3.4397341016046887,57236.978003588185,8585.546700538227,2495.9913897219376
4.439308188875542,224869.12285223766,33730.368427835645,7598.113713384563
3.9549692194147554,168049.2418299087,25207.386274486304,6373.598598629907
4.579200499541697,145640.48503481134,21846.0727552217,4770.717673840255
2.320670929883657,78119.93336797661,11717.990005196492,5049.397505825591
1.6286253177715588,53812.51296941582,8071.876945412372,4956.251666563238
3.1739844544082008,131159.27340270794,19673.89101040619,6198.483733303114
2.959421421297204,72255.07453136863,10838.261179705294,3662.290575349879
2.2505829194701414,48666.282605532215,7299.942390829832,3243.5785092283872
4.035566836008435,102233.97607363202,15335.096411044802,3799.985735389949
3.6353955146111074,120375.09911940667,18056.264867911,4966.795165846638
2.450580942082516,42337.44257310178,6350.616385965267,2591.4738325551825
2.4559612915089293,67542.93032200648,10131.43954830097,4125.243986266684
5.2079737196852145,240420.6720010038,36063.10080015057,6924.593467866103
4.447018855322911,137287.57107255157,20593.135660882734,4630.773183305382
2.480502461537633,83252.07165354509,12487.810748031763,5034.3875652881725
4.609155613757214,155932.8493115618,23389.927396734267,5074.666458845736
1.5432028236043274,78266.58888093269,11739.988332139903,7607.547208033104
4.157463678726952,209529.84116017292,31429.476174025935,7559.771678787075
3.165112896588336,83441.62205369338,12516.243308054007,3954.438188143374
3.188015103982734,81702.52174621269,12255.378261931903,3844.203324702403
5.122130833622766,169130.43070602487,25369.564605903728,4952.931783657782
3.4324686792595127,106695.73390207958,16004.360085311935,4662.638345986178
4.013351507545148,110086.07449147853,16512.91117372178,4114.494118613162
3.375754030307706,76828.00132202276,11524.200198303413,3413.8151342895567
2.4386351958997694,73996.65463065072,11099.498194597609,4551.520544466795
2.0147642166403643,77544.75730626652,11631.713595939977,5773.238128745384
1.0733074399748677,44601.68838817773,6690.253258226659,6233.305583331573
5.650114583067406,202346.08018941246,30351.91202841187,5371.910884669888
3.750759115240538,106452.32406810517,15967.848610215775,4257.231168307579
1.7173594305623616,52888.371830698765,7933.255774604814,4619.449856228997
3.0825365024114237,73690.21133247629,11053.531699871442,3585.855898616099
4.293010871137611,155983.35817390596,23397.50372608589,5450.138475863155
5.392106327808126,151495.03301040988,22724.25495156148,4214.3558694991125
2.8293683355295385,143541.56124708144,21531.234187062215,7609.908514450267
2.0732927232181924,72775.41628688728,10916.312443033092,5265.205593394766
3.0501390822982324,153883.05206108952,23082.45780916343,7567.673862193574
2.7116692984446864,53106.63099701785,7965.9946495526765,2937.671881346917
2.976586475524824,64614.4428483433,9692.166427251495,3256.134672029845
4.001141675740316,152980.74591630837,22947.111887446255,5735.141054009401
6.2160498168512675,179469.37423973475,26920.406135960213,4330.789959723443
1.529062561486177,46970.32402467158,7045.548603700737,4607.756923204499
1.2172402078340216,65099.425373177495,9764.913805976625,8022.1748699482105
4.499253040748861,240684.4709248553,36102.67063872829,8024.1476333412265
4.630784103959084,116666.99479302163,17500.049218953245,3779.068258438478
4.477980540420758,148480.17075953813,22272.02561393072,4973.676283961253
2.8162468115579964,62031.82498814544,9304.773748221816,3303.962461682914
1.5143960479836565,40553.217032999986,6082.982554949997,4016.771281891014
1.0201937174395845,45246.139332289495,6786.920899843424,6652.5805676168975
5.213866488756808,157621.68873466834,23643.25331020025,4534.687138841128
2.4121206068213503,95738.37903281389,14360.756854922083,5953.581597168325
3.4807907750152527,162888.38229633603,24433.257344450405,7019.455900604466
4.47227233769392,215426.6162373779,32313.992435606684,7225.408024295106
2.2288761803111488,96712.00265273644,14506.800397910465,6508.571685613029
2.076970076144659,60889.52759237402,9133.429138856103,4397.477481144013
3.9864195921220986,152290.70864407485,22843.606296611226,5730.356719537103
1.3128463967598578,50941.82364119607,7641.27354617941,5820.386577621182
5.332091635401157,162829.049609686,24424.357441452896,4580.633475856486
2.6250082545716844,69887.73000830546,10483.159501245818,3993.5720137216585
5.094338865615848,159388.8351607696,23908.32527411544,4693.116399359349
2.7015710491536087,115084.2877594222,17262.64316391333,6389.853477783472
5.9403679359656145,215015.0383667612,32252.25575501418,5429.336381631306
3.492540462136431,108815.24205393257,16322.286308089884,4673.470926119303
2.086582651969922,51352.77347102743,7702.916020654115,3691.641935861907
3.4555188754771353,85553.06253180165,12832.959379770247,3713.757569331258
3.833732352996715,118023.89083311937,17703.583624967905,4617.845481865613
4.3981642007694575,132995.74352881286,19949.36152932193,4535.838276759152
3.6367474965461115,108096.14241781732,16214.421362672598,4458.495229067111
3.122239230491114,140666.75670916695,21100.013506375042,6757.974629335531
3.103046271859804,110333.51856992093,16550.02778548814,5333.477600889566
3.7107897724421437,81760.72695116328,12264.10904267449,3304.9862144583954
2.3684509319036713,68489.5729672768,10273.43594509152,4337.618232535694
3.439648768923113,118568.52757831289,17785.279136746933,5170.667219698468
4.260537531808165,115477.0874028625,17321.563110429375,4065.58162699206
4.647157134858981,142182.86614459025,21327.429921688537,4589.3498547119225
1.6101631773305798,62559.022679604626,9383.853401940694,5827.889703388809
3.9044678494144955,142931.9045619184,21439.78568428776,5491.090338342219
2.374806851940008,66692.44527837892,10003.866791756836,4212.4970220565765
2.956425858874817,109495.83074199695,16424.374611299543,5555.4833421564235
2.8713563265621813,37187.40622667562,5578.110934001344,1942.6745759137134
0.952717545498804,17855.336200264323,2678.3004300396483,2811.2219016995214
2.1199005843850887,79854.9797838858,11978.24696758287,5650.381464023868
2.270930067201443,105573.27235004891,15835.990852507335,6973.350294323529
3.8322411626770716,103395.84667476581,15509.37700121487,4047.0775044805778
3.8196179482476804,57131.15649960874,8569.67347494131,2243.5944094546953
1.7943701360752775,54029.3970895755,8104.409563436324,4516.576262890015
1.8778803879852708,58414.38009998726,8762.157014998089,4665.982493378495
3.366608580313966,100832.93759568065,15124.940639352097,4492.634138638583
4.568780902947938,83321.26375862109,12498.189563793163,2735.563343763955
5.784887447695484,240400.06005002963,36060.00900750444,6233.484978496792
2.981351781351295,130352.50274452032,19552.875411678047,6558.392583519857
3.7919161210719308,187029.77942795533,28054.4669141933,7398.493536893592
2.8980948279348135,68504.49018315844,10275.673527473766,3545.665044644597
4.065526900487476,105872.63346130152,15880.895019195228,3906.23292082781
3.3968380052368805,141018.95806274223,21152.843709411332,6227.215921630689
2.8639306422569613,113163.57484866989,16974.536227300483,5927.006742706401
4.597829809273927,233522.18469962044,35028.32770494306,7618.4480848530175
3.309910831216766,166919.59708408083,25037.939562612122,7564.535976761601
2.6282467690582085,63360.56329613666,9504.084494420498,3616.13095326895
1.9712364575256058,64850.00943597956,9727.501415396933,4934.72073239117
1.7738600019617938,42985.66956458291,6447.850434687436,3634.9263344099645
2.095011092926553,43662.84742000562,6549.427113000843,3126.2016392723954
3.483703109629562,118831.8971487918,17824.78457231877,5116.619875857952
6.027534551151137,207059.11004835708,31058.86650725356,5152.8309367089305
3.94357794049397,136736.38627646616,20510.457941469922,5200.976943009473
5.196439245777002,66750.53766709447,10012.58065006417,1926.8156859913468
2.1214913742011925,72688.38548447346,10903.25782267102,5139.430664325201
3.2705169533316587,115311.89263570061,17296.783895355093,5288.700270376201
4.14624053440715,108081.12703349406,16212.16905502411,3910.0888914883476
3.5924785170530136,70672.44779839196,10600.867169758794,2950.850539380514
3.5782639233730635,126412.8003106273,18961.920046594092,5299.195490510261
4.174560674653901,131279.06270589534,19691.8594058843,4717.109401581973
4.399309834963585,134743.23208401192,20211.484812601786,4594.239908262584
5.783687241828591,228583.52416085327,34287.52862412799,5928.316520325453
3.923091560623834,154630.7591572185,23194.613873582774,5912.330496281984
4.654853428027772,92254.20931846554,13838.13139776983,2972.839341073076
4.1959915124104645,214726.0924764495,32208.913871467423,7676.115115152942
3.0810617454331846,103754.74884187394,15563.21232628109,5051.249735371001
3.3549636344510843,62942.20526116213,9441.330789174319,2814.138040789537
0.7198554351111195,27575.488069183986,4136.323210377598,5746.047065323748
2.9506927627270456,95120.65241387916,14268.097862081873,4835.507797462187
4.148539414579614,133469.6656542884,20020.44984814326,4825.90325110169
2.5403035758514103,73681.79573262505,11052.269359893757,4350.767154350625
3.026100636278112,87980.48865036035,13197.073297554052,4361.08209335216
2.396088969173788,50549.50012930636,7582.425019395954,3164.5006161897663
5.57673810603354,210722.0516457756,31608.307746866336,5667.884549333405
3.5066650315571404,127542.22059849044,19131.333089773565,5455.7058965162305
2.516695669973834,91254.6119209001,13688.191788135015,5438.953923371008
4.765019776324732,144549.80624764157,21682.470937146234,4550.34227662114
2.0033470709253063,48648.4189737012,7297.26284605518,3642.535510676499
0.7667112005594772,17428.84435788976,2614.326653683464,3409.7932204143654
3.5844482197168595,136579.42604336864,20486.913906505295,5715.500029771272
7.734582062751523,154281.49073433812,23142.22361015072,2992.0457786077245
2.768495856676103,167887.6542686272,25183.14814029408,9096.328636203682
4.261833594495654,166519.7620949706,24977.964314245586,5860.849270723693
4.305228441169168,145887.91181785075,21883.18677267761,5082.932780852579
2.266604847918967,79297.26537289712,11894.589805934567,5247.756271612725
3.71921141061302,114399.98406294716,17159.997609442074,4613.880663109085
2.328597741689792,75203.21737689768,11280.482606534651,4844.324292073199
3.642902550957413,97299.18041116225,14594.877061674337,4006.386900972295
1.3556741304041966,41814.065227090636,6272.109784063595,4626.561533776228
4.5794221669587465,119734.99733230431,17960.249599845647,3921.9466878226867
5.414387414776094,163179.64665282512,24476.946997923766,4520.7232365983145
2.503108477377835,88829.55732638066,13324.4335989571,5323.154677225691
5.590945663225717,140003.27020782875,21000.490531174313,3756.160727746727
3.893927175056359,160677.5682878093,24101.635243171393,6189.54442639841
2.596256873178969,138729.83810118024,20809.475715177035,8015.183678530628
3.4541490279103733,85728.19066144919,12859.228599217378,3722.8354930003457
2.254940640024823,44064.21780968717,6609.632671453076,2931.1781224450838
4.569097297535427,193842.68588442876,29076.402882664315,6363.708406548519
2.6017337859133662,42163.705431263836,6324.5558146895755,2430.9004437474655
5.798534273686633,154974.07031466646,23246.11054719997,4008.9632051826075
3.5374573489259666,184331.72321235124,27649.758481852685,7816.280382927481
1.8077588275555294,74202.92490475938,11130.438735713906,6157.037413427875
1.7225717224737054,33927.990921506,5089.1986382259,2954.4190072489628
2.844134459091499,112279.61775385372,16841.942663078058,5921.640803317672
3.7074812796896808,192939.2364489413,28940.88546734119,7806.0773026380775
2.305591344588563,41538.82441694495,6230.823662541743,2702.4839753870797
2.371449436749026,136671.4924511533,20500.723867672994,8644.807496202424
2.318552619325488,84292.37782281668,12643.8566734225,5453.340402125893
3.989505646724911,85881.64724949612,12882.247087424417,3229.0334262340975
2.838883367133917,98404.22216258913,14760.633324388367,5199.4504231043575
2.428826896285615,40810.924533755315,6121.638680063297,2520.4096222028293
2.970951675462947,67652.25380912663,10147.838071368995,3415.6860090252776
1.8578533385430243,48079.98053579275,7211.997080368912,3881.897957577611
5.727700603839895,133227.67116263555,19984.150674395332,3489.035488516596
2.9895872891061894,74853.57125819374,11228.03568872906,3755.71428526041
4.430953674523397,197836.49464143885,29675.474196215826,6697.310867148208
5.23503299152248,224248.56609477857,33637.28491421678,6425.419852881235
3.1169364771166848,88085.26800934131,13212.790201401196,4239.030951835008
5.01961603444158,150347.93347359027,22552.19002103854,4492.811774107621
4.125413582486356,133529.12787544084,20029.369181316124,4855.117864145047
2.142072354273912,95679.27140783945,14351.890711175916,6700.002771867483
2.25421383617534,88688.50949134513,13303.276423701769,5901.514847532414
1.4413483596185233,34541.433313634596,5181.214997045189,3594.7000338047937
1.3346726475899982,59237.41096469776,8885.611644704664,6657.521348586339
2.280511380023332,83477.12569537335,12521.568854306002,5490.684661340253
2.7541441942764324,69998.52597621753,10499.778896432628,3812.3562732310484
0.946049210023978,35952.56183484552,5392.884275226827,5700.4268045318095
3.082221268321302,84481.20501207018,12672.180751810525,4111.3793101272995
4.310975027905014,63051.77273010623,9457.765909515934,2193.8809314124196
3.4467864448360306,69259.04765982747,10388.85714897412,3014.0704436559126
1.9778567757063517,44394.56913258574,6659.185369887861,3366.8693566093366
4.252363029680827,172387.33462059277,25858.100193088914,6080.877858405652
4.657084731246773,204748.91345152498,30712.337017728743,6594.755902048314
5.24359008544213,213872.03833695495,32080.80575054324,6118.099475321257
1.3735190205971903,29997.504182919914,4499.625627437987,3275.9834847293205
1.1058552772923032,32868.81075312952,4930.321612969427,4458.378699463609
3.9673360975791367,143334.53044781633,21500.17956717245,5419.298753209196
3.7670826621033813,94153.2285516826,14122.984282752388,3749.0508039095444
3.2619151094641707,128046.600992794,19206.9901489191,5888.255673236757
2.7781963526529228,71923.31458944254,10788.49718841638,3883.273829120953
2.655855346217311,75650.55079461721,11347.582619192583,4272.665917349282
2.604015203723086,66679.55720034864,10001.933580052297,3840.9658921161636
3.117520821811827,177854.30867101898,26678.146300652847,8557.487768485267
2.058801443659308,47902.059059188476,7185.308858878271,3490.044599010541
2.802754135755454,85008.0968066769,12751.214521001535,4549.530177596036
3.1297870267494154,108582.83875798246,16287.42581369737,5204.004513563796
2.36197782170242,90366.84949371814,13555.02742405772,5738.846190472607
5.608215973802073,164054.47380562042,24608.171070843062,4387.878638375623
2.0238931124219683,83969.4402179668,12595.416032695019,6223.360292788504
1.6694611811460693,56733.70344702868,8510.055517054301,5097.486310650379
1.8411739431236025,39340.47123174873,5901.070684762309,3205.0587652522277
3.8825598779243817,101065.1605524774,15159.77408287161,3904.5821724650473
3.8094157726765325,174706.02190724478,26205.903286086716,6879.244705724047
2.8517506600691394,73025.70758358014,10953.856137537021,3841.098834801865
0.8418280213637053,34927.622663390874,5239.143399508631,6223.531726850299
3.3102670697329835,96598.82400459524,14489.823600689286,4377.237031167422
5.345171114265669,111122.59138891177,16668.388708336763,3118.4013293513995
4.21878005611279,136238.55602329446,20435.783403494166,4844.003036821935
2.899773948002691,58232.948758775594,8734.942313816338,3012.2838781391215
4.231891013829405,126470.00708636668,18970.501062955,4482.748019965841
4.8092397646682645,171119.00243740212,25667.850365610317,5337.194987486937
3.5392836414919415,91491.62120723233,13723.743181084848,3877.5482756447777
4.458456971434178,108967.66589591184,16345.149884386774,3666.100175265106
4.47766045472203,172142.7600948439,25821.414014226582,5766.719981412605
2.356547553711873,97658.42114980114,14648.763172470171,6216.196719389955
1.9720136830148527,95618.44939905431,14342.767409858146,7273.15815980072
0.9712034505806357,52270.64286397489,7840.596429596233,8073.07307743678
1.6468004786905865,45887.007777855935,6883.0511666783905,4179.650938741092
3.243628259239317,125155.96950753019,18773.395426129526,5787.776503874766
5.353111721771105,175872.17317346166,26380.82597601925,4928.129160601754
2.560201888123785,145451.25325399594,21817.68798809939,8521.86231457248
3.2618561677768145,122189.20601691626,18328.38090253744,5619.003401682646
3.9051248095738607,194554.20503428316,29183.130755142472,7473.0340714326685
3.49581309291466,106687.82668299545,16003.174002449317,4577.811678457487
2.9502057513854067,77988.40348998792,11698.260523498187,3965.235481628603
3.230764320779208,74141.49900870337,11121.224851305504,3442.289113996172
1.707968230013225,34342.10884838939,5151.316327258409,3016.0492664541666
3.257960301998158,74656.91444793511,11198.537167190267,3437.2847208488174
3.769443932973859,134575.1188267628,20186.26782401442,5355.23758489457
1.8583935613189648,43022.10462555145,6453.315693832717,3472.523704425978
5.419089229726005,275926.7352736829,41389.01029105244,7637.632180702275
3.5715468678050724,121001.58188957757,18150.237283436636,5081.898111725196
1.7684085768155098,48249.971321134166,7237.495698170124,4092.6603687950674
4.005653005705139,68333.39970402046,10250.009955603067,2558.886139414539
4.110319166250308,130032.80877809816,19504.921316714725,4745.354442756897
3.828485990267314,85872.00896724235,12880.801345086353,3364.4634923130498
3.6473915943675967,125322.16239977354,18798.32435996603,5153.90899869236
3.071360093595415,59747.83436393889,8962.175154590834,2917.982548929805
2.997500545107367,92532.1901796494,13879.82852694741,4630.467390440542
4.287658740044418,85012.27680112308,12751.841520168462,2974.080329918318
3.2823175737309125,123409.42834829971,18511.414252244955,5639.738945553517
2.442071106758613,87840.25276448602,13176.037914672903,5395.435816019952
3.7886760454822483,134761.48124030008,20214.22218604501,5335.4316767592645
3.965791372146419,132643.06385499644,19896.459578249465,5017.021247761915
3.595571680063709,134186.1141279191,20127.917119187867,5597.974094297913
1.5365410620464581,62911.699724182894,9436.754958627434,6141.55728845866
3.2656994667626433,123340.77902582448,18501.11685387367,5665.284586708837
4.7808708654838385,176180.4275772247,26427.064136583704,5527.667422974665
1.6938224524358472,47876.00618827243,7181.400928240865,4239.760146001995
1.6615333336431028,51942.559291440535,7791.38389371608,4689.2732971132
1.153636039799861,42106.40437851904,6315.960656777856,5474.82952931462
4.137012524760117,161468.7625611632,24220.31438417448,5854.5421942078565
2.8432899241506746,132733.82094376528,19910.073141564793,7002.477296616938
4.304385273469574,191086.4231223149,28662.963468347236,6659.014388190045
3.020911431608689,104971.67024739488,15745.750537109232,5212.251631198714
1.737144917220718,61602.62428262936,9240.393642394403,5319.299242563042
3.9426373108280712,119828.63661886206,17974.295492829307,4558.952314346706
5.332506041541158,142118.55455679135,21317.783183518703,3997.7044596760757
3.685930829277985,137308.9833661462,20596.347504921927,5587.828002989525
3.5696211907116506,87995.66889881308,13199.350334821962,3697.689370840635
0.18319165408196866,6854.294871090322,1028.1442306635483,5612.396677217116
3.391099503544695,137162.63720768515,20574.395581152774,6067.175427806376
3.124658996168302,152742.32737218216,22911.349105827325,7332.431837817499
2.887264371731948,92556.22062901627,13883.43309435244,4808.507745352171
3.2549781838494956,141609.6241476903,21241.443622153547,6525.832869648417
3.441932798997205,152837.7671991398,22925.66507987097,6660.695143888423
4.741413360447283,214522.90271428798,32178.435407143195,6786.675820246905
2.835768372752278,56963.751309950465,8544.562696492569,3013.138441980567
3.4783692821606462,95129.15290990623,14269.372936485934,4102.316855679647
0.8535712044928789,24933.62488327375,3740.0437324910627,4381.642343140062
2.411509481201841,126834.80831779273,19025.22124766891,7889.341259478347
5.728731192032425,207498.97313450687,31124.84597017603,5433.113359109041
1.3821844721759242,57182.53108392882,8577.379662589323,6205.669239711728
2.7554223113537817,68827.9626541512,10324.19439812268,3746.8646296364795
2.178121987124082,85094.56783975077,12764.185175962615,5860.179205488857
2.8471257773054957,77133.09489035605,11569.964233553406,4063.7348464819697
4.448193929002209,83434.77089168473,12515.21563375271,2813.549911156874
5.239414393855909,133975.12222707004,20096.268334060504,3835.594366734333
4.298842843608204,115840.97968309195,17376.14695246379,4042.0521485915124
3.3849806038156762,119939.53717140439,17990.930575710656,5314.928704593051
1.9624475164572477,61086.535683486036,9162.980352522905,4669.159442829116
3.4858378872634397,145142.7665948111,21771.414989221666,6245.676274496327
4.235266972541918,175058.102859012,26258.7154288518,6200.014213765578
2.835881891147065,46899.02762464312,7034.854143696467,2480.65836791637
3.192682341543083,158214.20295040504,23732.130442560756,7433.288972648175
0.5388438830932791,20042.746790419602,3006.4120185629404,5579.374866991858
3.9712711653923343,172557.97676647882,25883.696514971823,6517.7358676827325
3.9774743390693796,101881.5128768277,15282.226931524156,3842.1937211290165
2.752524810229941,96674.70132689265,14501.205199033897,5268.3286069354235
3.0343284645257684,119636.19682606871,17945.429523910305,5914.135445028353
3.0687648575260185,111943.49404438386,16791.524106657576,5471.753257821973
6.53999840343739,89423.81021508925,13413.571532263388,2051.0053221440057
6.60620347701035,272675.3532272096,40901.302984081434,6191.347742529934
3.376262112053969,80218.72182198148,12032.808273297222,3563.943756125318
5.108582716755014,118040.9044226581,17706.135663398716,3465.958494775182
3.659711159550051,119032.89853353577,17854.934780030366,4878.782505400117
2.8902255954569345,112494.45966696818,16874.168950045227,5838.357039176895
2.5670387143606117,45717.40193609216,6857.610290413823,2671.4089865691376
2.890157127082893,121369.17590573241,18205.37638585986,6299.0957187974755
2.986809053596443,51251.60897293908,7687.741345940862,2573.8978314278193
4.343970263504526,177868.53633404674,26680.28045010701,6141.911392501688
2.4510183070359157,96842.98808470642,14526.448212705962,5926.699189070194
2.078319479182116,110528.56892515965,16579.285338773945,7977.255424319275
2.6887701915288496,168990.53038840834,25348.57955826125,9427.57385444232
3.424568093981072,88380.84354725349,13257.126532088023,3871.182049318391
3.443521766607885,57571.89914605459,8635.784871908189,2507.8351342657706
4.960816147952322,136434.3690068692,20465.155351030382,4125.360573880125
2.549686575605297,74024.89224106353,11103.733836159528,4354.940698357599
4.413434375160831,134203.6472856248,20130.547092843717,4561.197784233539
1.7570603706320866,44836.70316992341,6725.5054754885105,3827.70312728018
2.558562897565585,76199.27679526736,11429.891519290104,4467.309179760789
3.8260227280177084,183154.11700565252,27473.117550847877,7180.59444594097
6.019255403475131,260337.5375449996,39050.63063174994,6487.6181544322935
2.8474175236378287,64616.939835789824,9692.540975368473,3403.9760220992775
3.580518887739653,108171.13417566223,16225.670126349334,4531.653270119305
2.6858338605891943,64966.86026539655,9745.029039809482,3628.3067180006824
2.4730154884475057,62777.5482202574,9416.63223303861,3807.753035525922
4.473548679781269,130667.17415497042,19600.076123245562,4381.326219122287
3.077472833959004,89767.1954008801,13465.079310132014,4375.369024073532
4.101338387043606,168550.93976148608,25282.640964222912,6164.485487004051
3.8829208259442907,166684.2433977366,25002.63650966049,6439.131167084788
3.692304005458608,80232.12864519298,12034.819296778945,3259.433480825787
3.1740479243237223,62377.823919281705,9356.673587892255,2947.867773573656
6.030702584746343,202404.2375356182,30360.635630342727,5034.344705894616
4.122843126558389,130767.15345835348,19615.07301875302,4757.656892739216
1.4191869020361627,38914.95721851955,5837.243582777933,4113.090090109352
0.6423744722332589,18700.180884194277,2805.0271326291413,4366.654115125827
1.952411762602569,69938.77788793042,10490.816683189563,5373.26033582449
2.7686862080935355,139045.9240706067,20856.888610591006,7533.135589588052
1.3558154845132202,20215.13613563298,3032.270420344947,2236.491952615238
1.7411180891594524,60442.807984939616,9066.421197740941,5207.240826564426
3.7101613222982346,98179.60997326326,14726.941495989488,3969.353409912371
4.351432817997724,117396.63571978842,17609.495357968262,4046.8268946114918
2.0473412033723393,63279.47030923019,9491.920546384528,4636.218198876488
5.863165405955501,175749.68687344185,26362.453031016277,4496.283356467934
1.1906276870165622,50446.09149559801,7566.913724339702,6355.398758868642
3.342093492204728,72396.42431600935,10859.463647401402,3249.2997795335705
5.129010208606473,144631.420028447,21694.71300426705,4229.804995876855
3.286329524171266,147963.09533996403,22194.464300994605,6753.5723784703305
4.405355602194191,128053.09555813424,19207.964333720134,4360.13935495994
3.431252218437241,70221.10811179633,10533.16621676945,3069.773233273643
4.374989899654935,155537.4641305433,23330.619619581492,5332.725367302363
5.434977361118964,184068.6389602025,27610.295844030374,5080.112392288956
4.966813688846556,150441.95174728104,22566.292762092155,4543.414385115124
2.8865400799904464,105686.23328288457,15852.934992432685,5492.019702870419
3.5540220363935586,93343.75503476174,14001.56325521426,3939.6388406815668
3.302700279070378,133728.83122610816,20059.324683916224,6073.613403866726
2.448627373853107,33135.81924255076,4970.372886382614,2029.8608679528656
2.2794616381305013,57123.3312692166,8568.49969038249,3759.001488355794
2.0998990424216712,68292.85085528919,10243.927628293377,4878.295299606285
2.613168413420222,35539.19223485422,5330.878835228133,2040.0058441892995
4.0847375685053935,204100.809307437,30615.12139611555,7495.003260960442
2.5852241281526482,80222.30984073087,12033.346476109631,4654.662760210439
6.426701100785352,100195.02243785954,15029.253365678931,2338.564238477239
2.3462482776351776,64675.72797282417,9701.359195923626,4134.839133777345
4.305526101584108,70064.3147103971,10509.647206559564,2440.9670174088155
1.946886779810429,50553.937164997464,7583.090574749619,3894.982827654721
4.179051551781969,168448.62491616516,25267.293737424774,6046.179001225929
5.3383608771720406,229417.06747069975,34412.56012060496,6446.278345055379
4.525838426606903,112481.77197720081,16872.265796580123,3727.9867742051815
2.5922189022178856,87633.4001706369,13145.010025595535,5070.949067746073
2.7885926084092025,58529.50503608881,8779.425755413322,3148.3357335662186
1.7375755726913498,67007.60918947027,10051.14137842054,5784.577969666216
5.852949185530815,229664.5617775574,34449.68426663361,5885.867649730723
3.731055043184193,72655.684144406,10898.352621660899,2920.984144034477
4.130604062717883,118593.2112899403,17788.981693491045,4306.629593005854
5.42389317009388,119756.45556401528,17963.46833460229,3311.9141124771395
3.9303879376483266,87557.70192857817,13133.655289286726,3341.56716783153
5.593567730269755,147852.64993970972,22177.897490956457,3964.892991451613
3.2019590757242096,90754.14513605968,13613.121770408952,4251.497738874123
4.096393470583127,133705.89549072974,20055.88432360946,4895.985814749988
6.520637065389432,170517.65657575038,25577.648486362556,3922.568949915169
1.7914274865555366,66744.3123793091,10011.646856896366,5588.641980784965
3.471732090654326,183996.92637641204,27599.538956461805,7949.789394970293
5.466478672663487,204510.3228835776,30676.54843253664,5611.756721185523
0.6383885377965608,27193.540930027786,4079.0311395041676,6389.574527110412
1.219626592795179,41230.72553223643,6184.608829835464,5070.903558819082
5.589156062276702,152050.35847827265,22807.5537717409,4080.679357958455
3.9628654190777453,195335.0754372951,29300.261315594264,7393.705871145416
2.408657414438634,69090.02540791384,10363.503811187076,4302.605986664324
2.838483325050645,111029.47642504046,16654.42146375607,5867.366320870994
5.496565813668639,155220.1042743979,23283.015641159684,4235.920469333855
2.0120752932562427,105137.46264755823,15770.619397133734,7837.986704568768
1.422615943221608,92691.7928405516,13903.76892608274,9773.381911211212
3.8567200802632686,129997.31332300398,19499.596998450597,5056.0052564456555
4.496612909740023,101177.36285027044,15176.604427540566,3375.119169067639
3.85358825956577,188767.87785473626,28315.18167821044,7347.744432198641
4.1691831502897,134723.57765769446,20208.536648654168,4847.121347319548
5.825384147218855,110785.21767189434,16617.78265078415,2852.650096683801
0.7152484811902993,39198.82953226998,5879.824429840496,8220.673772079088
5.08886231002603,223382.71084490762,33507.40662673614,6584.459273091385
3.5914721807886774,148757.1586144756,22313.57379217134,6212.932376736757
4.7384366248510155,163736.138349961,24560.42075249415,5183.232930390067
3.1132452192055955,102599.48912468205,15389.923368702306,4943.3701122423445
3.531503678704782,111914.16357299587,16787.12453594938,4753.534489338616
3.5912700566278652,128584.23323733275,19287.63498559991,5370.700248510589
2.399273375303699,87446.665280692,13116.9997921038,5467.071792285218
1.2852185006587071,44454.89939678246,6668.234909517369,5188.4056338278115
1.3221642170394194,38537.79052444194,5780.66857866629,4372.126021993185
3.4829214085707965,85829.22362917419,12874.383544376127,3696.4324008847166
2.1153290387053865,72476.88079720594,10871.532119580892,5139.404754843452
1.4462131615529537,26618.8076938089,3992.8211540713346,2760.880111050722
4.563116870644251,142114.0816556835,21317.11224835252,4671.612157359194
2.712084240536826,90114.72274749573,13517.208412124359,4984.066575103428
4.9518177808339034,256809.25313727907,38521.38797059186,7779.241820991386
2.173971371143654,87277.25397340639,13091.588096010959,6021.968950365667
4.552491709837192,150843.82713606075,22626.57407040911,4970.15162521148
4.936889141241802,208182.871708317,31227.430756247548,6325.3254960456225
3.0623658462443566,69793.30808701615,10468.996213052422,3418.597495753636
4.250126025003686,103136.91932265318,15470.537898397975,3640.0186270675486
2.2612673109798767,120187.42902032699,18028.114353049048,7972.5710735352695
3.5715105569277728,159754.35209705494,23963.15281455824,6709.528764538061
5.357165094027173,194316.8685735878,29147.530286038167,5440.84973571851
3.2767870652469204,146221.71772051623,21933.257658077433,6693.525463005532
3.658179828154223,128617.85231891535,19292.6778478373,5273.846217005588
4.677227759465349,152961.00593116973,22944.150889675457,4905.502162737996
3.249858501903525,97659.37233015696,14648.905849523542,4507.551895241994
2.357813705922638,76765.60325091559,11514.840487637339,4883.693931676192
5.003981138089863,291763.23342086485,43764.48501312973,8745.933249028125
4.309961903818166,103371.20283760081,15505.680425640121,3597.6374667961095
0.24546219333308078,11273.743159201154,1691.061473880173,6889.2950515824705
2.441671014984742,51525.176922588704,7728.776538388305,3165.3635936029664
1.3066783767804202,55899.94062566176,8384.991093849263,6417.027512546274
3.6412922474101816,165129.11943526394,24769.36791528959,6802.3564801497205
2.782387504450277,78614.25650116878,11792.138475175318,4238.136656491749
0.6333324929355438,22591.172723207117,3388.6759084810674,5350.548008004926
3.839093568791826,197822.31758548188,29673.34763782228,7729.258770621881
2.3942122292383075,81312.12094169461,12196.81814125419,5094.292808425958
3.9505551840689686,122378.05691726682,18356.70853759002,4646.614888868124
4.90988029425279,159408.48131862158,23911.272197793234,4870.031602559095
3.692751054676208,129736.4213872289,19460.463208084333,5269.909322330608
2.4567817346195686,36635.520221038634,5495.328033155795,2236.7994501582143
4.416863561755199,142499.76413431516,21374.964620147275,4839.398890477198
2.5300798146717036,117990.63111372397,17698.594667058594,6995.271281335097
4.854274067278256,90240.25519726881,13536.03827959032,2788.4783784323586
2.4404059258028217,78659.95528774725,11798.993293162086,4834.8486489109655
4.7750034994805945,151674.84391806042,22751.22658770906,4764.651290870017
3.758620985261246,135865.9476537619,20379.892148064282,5422.17271387042
1.5716318527340396,55905.774006586886,8385.866100988032,5335.770006442556
2.374116873926374,98247.14717884107,14737.07207682616,6207.3911519164685
3.3934476175741395,150974.0529293763,22646.107939406447,6673.480923095958
2.78514994226212,85895.9653096611,12884.394796449165,4626.104541425286
3.052046882267685,90603.52379468267,13590.528569202399,4452.9226101220875
5.205745975996029,157485.85401528215,23622.87810229232,4537.846873669723
3.3706255354920387,176891.0489351572,26533.657340273578,7872.027628367277
2.687373268650115,78436.20709725902,11765.431064588853,4378.041264992825
2.873617216930992,103471.48958744845,15520.723438117268,5401.110261544618
1.6505493771306896,32668.208636041814,4900.231295406272,2968.8486532434554
2.2129229891784647,72412.0024144493,10861.800362167396,4908.349913342343
2.2263562722865395,58795.24431614375,8819.286647421563,3961.3096777021547
4.629408905500249,164211.00696711426,24631.651045067138,5320.690297156948
5.122180053305014,160037.5168761585,24005.627531423776,4686.60361049481
1.8617311479567766,74116.84924731072,11117.527387096607,5971.60733938299
2.2651291281942756,75421.38177523036,11313.207266284553,4994.508756903965
3.9064330071798694,163661.49550716343,24549.224326074513,6284.307008709482
3.551590691485637,98522.84194629574,14778.42629194436,4161.072481514619
2.9913570261829094,144979.2485122646,21746.88727683969,7269.906964127777
2.8543402085335927,93604.16794266949,14040.625191400422,4919.044040168479
2.3024616166620455,71357.00217049068,10703.550325573602,4648.742132383902
4.038182248790637,110106.60125974692,16515.990188962038,4089.9566120147947
5.4902667539290375,202826.75693058688,30424.01353958803,5541.445416621239
3.2052530518506073,103980.44522248172,15597.066783372258,4866.0952914051595
3.600448700199814,157973.82678498756,23696.07401774813,6581.42248115716
3.9053921427308036,105139.94760496252,15770.992140744378,4038.2608363923937
3.468387757004735,99576.96328284343,14936.544492426514,4306.480572208445
3.254899060060621,61198.40885720411,9179.761328580616,2820.2906324258324
2.842272276714459,83475.18673812078,12521.278010718117,4405.375977980604
2.2098915375631822,79021.39050379887,11853.20857556983,5363.706034478147
4.039648972472565,123953.54491884074,18593.03173782611,4602.635492470969
3.3735609387746024,135453.97373852314,20318.09606077847,6022.744639721471
1.1056584955816453,26641.043442151953,3996.156516322793,3614.2774032777324
3.762855917823176,121208.70396742446,18181.305595113667,4831.783621848484
4.366860836514975,170151.23127897087,25522.68469184563,5844.629734574805
3.2178862478009393,82387.02037688873,12358.053056533308,3840.4257033568656
6.1161861854438255,186152.28654657194,27922.84298198579,4565.401074355873
2.927365586283757,169092.11498446148,25363.817247669223,8664.383214215542
1.4667854295579703,48357.749862620796,7253.66247939312,4945.278520784788
3.264770758865057,78796.21418800313,11819.43212820047,3620.2946550248134
1.8458479719263245,55963.857569894215,8394.578635484131,4547.816918380098
3.495500897814728,93240.80175677294,13986.12026351594,4001.1777059647166
4.935267461326991,187384.00112103586,28107.60016815538,5695.253679442497
3.143506675477842,135091.4967742445,20263.724516136674,6446.216473536326
5.5327280982471585,246898.69062849507,37034.80359427426,6693.76895748905
5.445532863690891,93001.73658414355,13950.260487621532,2561.780607484256
4.554200573338085,126255.23353304891,18938.285029957337,4158.421379336873
2.259352269361829,74954.55664463445,11243.183496695166,4976.28619014373
5.752379475335513,276399.2459089166,41459.88688633749,7207.432517987577
3.1990081693260293,70954.76424066129,10643.214636099192,3327.0357788243837
2.484743533047768,44993.007571027556,6748.951135654133,2716.156032158345
4.769679526473377,123758.11108210274,18563.71666231541,3892.025986081526
1.8649804805105379,97334.81786755155,14600.222680132732,7828.6195661071615
2.8567185135173885,99048.04141784781,14857.20621267717,5200.794597849249
5.022762686305231,122153.94161227686,18323.09124184153,3648.0105444360715
5.564838420051584,228347.46183368945,34252.11927505342,6155.096822152819
1.9288514483995565,33223.96738175417,4983.595107263125,2583.7112087601195
1.7233410248608263,46278.45246125786,6941.767869188679,4028.087168498343
3.80177116901399,89008.8228655205,13351.323429828075,3511.8692936194825
2.368788357794784,83486.10996935148,12522.916495402722,5286.63375695619
3.3877932037903307,94195.75709101613,14129.36356365242,4170.668843613065
3.420988537656836,104274.12298177712,15641.118447266568,4572.104897486666
3.159706333261481,78938.53772279345,11840.780658419017,3747.4307449948496
4.003950482567847,110632.53598706181,16594.88039805927,4144.626780553116
3.3717433931182996,177256.13008447143,26588.419512670713,7885.659260706926
3.1970728335847762,84239.36837234096,12635.905255851145,3952.3357501001647
2.980755110260482,83325.03513076731,12498.755269615096,4193.150663934568
4.620212296330507,204893.93124730318,30734.089687095475,6652.0946908663245
3.6737628401436138,159365.95754697226,23904.893632045838,6506.923465726861
4.171269401223308,82598.19103635356,12389.728655453033,2970.2537677905675
3.0221040276979743,71270.92874065593,10690.63931109839,3537.482235263015
4.32734315043683,96154.92789218019,14423.239183827029,3333.0472491813025
4.584349902580524,160843.68455217377,24126.552682826066,5262.807856190311
4.700585857614902,150436.28719015024,22565.443078522534,4800.559709374682
3.0531392555918417,91164.52102510579,13674.678153765868,4478.891072105741
3.50612637510972,136485.77139094853,20472.86570864228,5839.16936194338
3.1033643890276097,150641.93068534302,22596.28960280145,7281.223462734147
2.8450905539318234,131220.43824902902,19683.06573735435,6918.25633112204
4.549888136029631,216186.4716909244,32427.97075363866,7127.201764994662
2.868655006090825,71723.46814160446,10758.52022124067,3750.370887540613
0.8246949322196928,40122.23285534458,6018.334928301686,7297.649946875683
1.935713681405656,39440.691196649284,5916.1036794973925,3056.2906778657984
4.057467635384923,95323.43482457104,14298.515223685656,3523.99982170879
0.2069551567201696,6893.345841778293,1034.001876266744,4996.260507124495
2.6760326005014594,71887.23090218741,10783.08463532811,4029.5042120591047
4.0499156955888305,247921.68361670733,37188.252542506096,9182.475719929565
6.926330670838736,164299.59086352444,24644.938629528664,3558.152187750562
3.040133900136962,118807.59845966387,17821.13976894958,5861.958832848354
3.743592383937589,138228.9420136151,20734.341302042263,5538.621509918088
2.654784296518568,70188.53052989198,10528.279579483797,3965.7758987388825
2.595044103520601,41433.86256851611,6215.079385277416,2394.9802536479615
3.496495917641811,139422.2180702995,20913.332710544924,5981.226119849093
3.5830662893256995,139560.34271474107,20934.05140721116,5842.496263486869
2.077812820653422,75967.50264231957,11395.125396347934,5484.192456163805
0.6956669345937962,33052.17803585694,4957.82670537854,7126.724670726865
3.1499029774758562,117726.23802223321,17658.93570333498,5606.184009351868
1.8116796582629515,40968.16018509645,6145.224027764468,3392.00365789642
3.8790622802765062,143561.0983157835,21534.164747367526,5551.384121069727
3.303186430652919,59379.06276102231,8906.859414153347,2696.444660676566
3.526513953659113,114063.99742567998,17109.599613851995,4851.703364479549
4.273669062978488,173936.6459849366,26090.49689774049,6104.9408630524595
3.3929194918185273,129383.92805067255,19407.589207600882,5720.026441652719
2.7639884028770196,85816.2374490791,12872.435617361863,4657.195957827833
3.004200457182021,97956.04063808607,14693.40609571291,4890.953951020803
4.505046404896381,178911.20300967665,26836.6804514515,5957.0264187031735
2.246122617937234,77353.69334349077,11603.054001523615,5165.815040044199
3.661633727290235,117141.26248747905,17571.189373121855,4798.729387421632
3.0860907186715316,167923.39861926346,25188.50979288952,8161.947294839216
2.0295407371796057,108349.46822640905,16252.420233961357,8007.930038668195
3.2767117322434927,41356.19618053996,6203.429427080994,1893.1874189718978
2.091888399161955,74668.98528481291,11200.347792721936,5354.180365075393
1.9289540176771118,74799.81264853096,11219.971897279644,5816.609309739263
4.629775138789986,187641.06849375795,28146.16027406369,6079.37954442855
2.965145814697244,67578.85643712027,10136.82846556804,3418.6610369456857
2.6163909215302765,124748.95476209454,18712.34321431418,7151.967643799074
3.8517830660545203,108490.09197882023,16273.513796823034,4224.929991577228
4.230279018603002,86732.51396651818,13009.877094977726,3075.4182023846924
3.273451215182286,87452.32170969626,13117.84825645444,4007.3449683972017
5.4812855063837365,152607.65818590357,22891.148727885535,4176.237253327808
3.875570035671349,85534.7655466249,12830.214831993735,3310.536182781486
2.9601243904501997,90088.55232038395,13513.282848057594,4565.106416356504
3.799164605119583,91572.40926457255,13735.861389685882,3615.4951989119013
4.351087379831594,72827.00446363664,10924.050669545495,2510.6484232381245
5.088163391053137,254030.34010147117,38104.55101522068,7488.861517737912
2.2233868221185955,111543.31561852725,16731.497342779086,7525.230057285384
3.364060060075389,174015.36403777858,26102.304605666784,7759.167238257282
3.1615506912178506,104547.86708950542,15682.180063425812,4960.281075672056
2.7930658618749926,102558.52497587938,15383.778746381906,5507.846755913853
4.067255392780658,129267.057634359,19390.058645153847,4767.357043664145
2.7873122078529344,83132.5251147054,12469.878767205808,4473.800506478372
2.418137415568177,55553.5585529922,8333.03378294883,3446.0546903993304
3.419425809791105,38296.404608365614,5744.460691254842,1679.9489185600357
1.8573059903507407,85101.89593512057,12765.284390268085,6873.010939816891
4.451709513308445,191352.3855904754,28702.857838571308,6447.603499905763
4.209068408588926,173376.69006982638,26006.503510473955,6178.683971352354
4.465895006505594,157487.85530920204,23623.178296380305,5289.685104994131
4.403864729394418,154605.47353562913,23190.82103034437,5266.015751018168
1.8760660074416622,53047.31269671794,7957.096904507691,4241.373636612369
2.581452062365415,87078.68676626906,13061.803014940358,5059.866578723788
1.8032248606573218,33087.078309188946,4963.061746378342,2752.325488995964
4.065726230189789,137343.4641394919,20601.519620923784,5067.119243777047
4.2223396977292795,137131.76984429394,20569.76547664409,4871.651015598353
0.22748015330188243,5228.609167063039,784.2913750594558,3447.735389990902
1.909441864099558,115867.23561503901,17380.08534225585,9102.180940424618
1.9573094865299263,54229.24392827244,8134.386589240865,4155.902091734175
5.169903534363863,182485.63757671285,27372.845636506925,5294.653073227032
2.893006842284348,124662.3670272711,18699.355054090665,6463.640106473258
3.221203202253337,124790.12672556941,18718.51900883541,5811.033279658109
1.3187494136557283,53193.50760546993,7979.02614082049,6050.449052865693
2.6852610213874617,55219.502773927234,8282.925416089085,3084.588555867592
3.283793549100732,121340.98472539769,18201.147708809654,5542.719856366745
4.3849700690965285,192593.3409024667,28889.001135370007,6588.1866193267415
1.1595602628656831,39375.46727129394,5906.320090694091,5093.586146266764
2.9110397863550976,109029.56192990886,16354.434289486328,5618.073090633933
3.685002638640326,114447.27840297103,17167.091760445655,4658.637576113076
2.83053566232725,70119.2025974647,10517.880389619704,3715.8621704034504
1.1140817933598193,38621.41944974017,5793.212917461025,5199.988862568162
4.815080910055335,235825.704887494,35373.8557331241,7346.471719561943
2.534545862767829,62126.50403839505,9318.975605759257,3676.783183391501
2.669433666937734,85895.41397143259,12884.312095714888,4826.60882541998
3.453640792091764,147537.89706326462,22130.68455948969,6407.928876148645
4.471969736942147,142301.13318037151,21345.169977055728,4773.10251022655
3.7794759857209486,94835.0683790186,14225.26025685279,3763.818135264397
2.1004684692864966,55696.45463104665,8354.468194656996,3977.4309002100404
3.3782742416390024,106730.38552785073,16009.557829177607,4738.975193858275
4.131784685195931,122827.81654125541,18424.17248118831,4459.131800164129
4.443646949367668,144559.019526102,21683.852928915298,4879.742512397595
1.8812055093760884,38628.867737898945,5794.330160684842,3080.1154535245655
4.977351002613917,174918.99219511336,26237.848829267004,5271.448369923655
3.321890474643617,124236.05277478023,18635.407916217035,5609.880295110061
1.974731474017807,69761.83171050836,10464.274756576253,5299.087442651401
4.435998961442658,92804.03288890507,13920.60493333576,3138.099231837637
3.6445314353367806,123971.19735512177,18595.679603268265,5102.351271542782
1.8634170615898311,49434.43474383221,7415.165211574831,3979.3374035377547
3.2879327520706587,87967.02199458597,13195.053299187895,4013.1761487147137
5.122094746640635,156623.75570405702,23493.563355608552,4586.710031284952
2.447228984149849,60122.83178687503,9018.424768031255,3685.1577136596375
3.016265467812253,104388.3427895674,15658.25141843511,5191.270989085817
5.839308593780909,201519.9473728173,30227.992105922593,5176.6389154559465
2.8461304755219983,90558.2318648383,13583.734779725744,4772.702761363884
3.6811519288883576,82561.46140295733,12384.219210443598,3364.223876025517
2.872514301110352,70445.09496257687,10566.76424438653,3678.5767229433864
3.2349115013395906,120730.40146376069,18109.560219564104,5598.162488236497
4.212476472360227,147304.53270669386,22095.67990600408,5245.2945555857295
3.307846239365447,83520.70177488723,12528.105266233084,3787.39045277884
4.388667730641729,183017.98046363337,27452.697069545004,6255.360112562168
3.5081716216220546,107642.19701177649,16146.329551766472,4602.491352547051
3.380191263230727,172371.68877661254,25855.753316491882,7649.198315417043
4.297286040386294,174204.1601562781,26130.624023441716,6080.727179401994
3.638660613721667,155025.58080950918,23253.837121426375,6390.7683595810995
3.2971482308576854,83901.98708961651,12585.298063442477,3817.025254023435
4.424680146868703,226871.2307508465,34030.684612626974,7691.106132656867
4.7654103818135765,165918.98008339715,24887.847012509574,5222.603095735479
2.7957983534514605,85141.6993764686,12771.25490647029,4568.017178600867
4.379479464800781,152180.3063658896,22827.04595488344,5212.273773253512
3.7475255307236317,96804.00954335666,14520.601431503499,3874.717146676685
5.135821722778818,141933.88590021312,21290.082885031967,4145.409251766751
1.2916620251774127,55089.13740127675,8263.370610191512,6397.471203085435
1.97836048900809,32538.365814838227,4880.754872225734,2467.070536104796
3.427851805570344,108480.5794289538,16272.08691434307,4747.0217026011815
3.5640938211832878,188229.75369757818,28234.463054636726,7921.9191388353565
5.910545192994908,148156.42753341765,22223.464130012646,3759.9685653958913
3.4353999168512157,112703.89799120699,16905.584698681047,4920.994675396103
3.056523809566354,104842.31836391235,15726.347754586852,5145.174300742005
3.3148635927855654,116466.34509266651,17469.951763899975,5270.187226382828
1.7805725395260008,71967.40497877555,10795.110746816332,6062.718876755257
6.222713576098689,248612.26067754618,37291.83910163192,5992.8580426502485
4.187715603335235,127499.32564788575,19124.898847182863,4566.904885315316
3.2530116335582187,153183.77399593577,22977.566099390366,7063.474923468681
3.515636842085578,110755.98530957718,16613.397796436577,4725.572788849552
2.2888834573936294,52102.40119130458,7815.360178695687,3414.48585049197
1.7635837066329851,45814.45363728767,6872.16804559315,3896.706473158237
3.525733814282786,125010.0268523977,18751.504027859653,5318.468442483408
3.148907028403855,151996.47869159994,22799.47180373999,7240.439809141263
2.7874714514920838,64519.1684449749,9677.875266746234,3471.91906183141
0.2709401707725646,6962.67028537352,1044.400542806028,3854.727557851617
3.371209628394106,83955.98918896842,12593.398378345262,3735.572618290188
3.419264934603474,152426.37095348866,22863.9556430233,6686.804351320262
2.8954872015955697,109871.89775297945,16480.784662946917,5691.886551549983
5.245612532626408,127774.28267755487,19166.14240163323,3653.7472568598196
3.0242265339166097,45648.05877366775,6847.208816050162,2264.119019940775
4.468451715952749,141510.80887403523,21226.62133110528,4750.330244215118
4.104501477749112,77447.50268624014,11617.12540293602,2830.337731856974
2.6075723521398384,82493.4101211612,12374.01151817418,4745.414449581719
5.476365338505639,275105.1406669325,41265.77110003988,7535.248024796727
3.3224070292052814,142881.26041803558,21432.189062705336,6450.801745333385
2.72718032091574,117743.01482994358,17661.452224491535,6476.085240509921
5.180906268951544,176587.44024326964,26488.116036490446,5112.641430174112
6.86454919984576,214086.90201103486,32113.03530165523,4678.0982067077
4.75515496903052,228404.3845428355,34260.65768142532,7204.950817493625
5.219982919101739,210573.88769095537,31586.083153643303,6050.993584300593
4.916118750795337,190793.56321656867,28619.0344824853,5821.4693202549815
4.343530886645031,147071.04962284726,22060.657443427088,5078.968705220114
4.638077037954466,206855.52058999185,31028.328088498776,6689.912184421848
0.2460624855254185,11133.0097197224,1669.95145795836,6786.696697761562
5.013439808317299,150850.67302633723,22627.600953950583,4513.38837586349
4.0272610320353355,202474.08507461665,30371.112761192497,7541.381728078166
5.852888649708584,190846.6755224602,28627.001328369028,4891.089347786306
3.715947588245076,127346.41020680557,19101.961531020836,5140.535779204056
5.239824924007364,112401.12089454442,16860.168134181662,3217.6968464982942
2.994554485464485,59138.21787899262,8870.732681848893,2962.287954654782
2.291527644623694,78833.04422932303,11824.956634398453,5160.294121758371
4.519233612975122,123815.82742569146,18572.37411385372,4109.629132809328
3.0970692622859572,150350.68888338734,22552.6033325081,7281.917652646214
3.2764386018260887,100528.12087607547,15079.218131411319,4602.319763601575
5.3370982184008104,193346.92642235392,29002.038963353087,5434.04632565356
4.486576332184577,189994.35074562466,28499.1526118437,6352.093556818427
4.856121747837995,154112.41058556718,23116.861587835076,4760.354617988519
2.3407194048909266,76852.84294544377,11527.926441816566,4924.950174604011
1.9623275556568203,46099.790183133584,6914.968527470038,3523.8604826886276
2.7518282208636116,156712.40121866544,23506.860182799817,8542.27019135032
1.0024200692950438,15763.61212692416,2364.541819038624,2358.833279047873
3.8588167937171383,102284.49009255788,15342.673513883681,3976.004649628448
2.172513574791595,70589.44866502933,10588.4172997544,4873.809500025852
3.8693360106188956,176259.8076954275,26438.971154314124,6832.947844735057
3.4899221118322226,111803.870726372,16770.5806089558,4805.431202059458
4.217588026218969,208596.4767924412,31289.471518866176,7418.806987394858
4.269149904701626,106987.87040062402,16048.180560093602,3759.104486450499
2.7236913840749897,99699.35718759369,14954.903578139052,5490.674775262023
4.975663628206034,253734.83360580134,38060.2250408702,7649.2761337632355
4.237657545992865,115584.4437429054,17337.66656143581,4091.3326226255194
3.6585115896301366,84951.31239760769,12742.696859641153,3483.027604930834
1.727333718302642,73162.06008520779,10974.309012781168,6353.322983566274
3.926096733593502,111887.60348732039,16783.140523098056,4274.76490313999
4.5107507106151745,195063.58576095194,29259.537864142792,6486.622680186285
3.458938676676457,76998.67229768686,11549.80084465303,3339.1169732302765
3.442235040099391,89000.61390166602,13350.092085249902,3878.3208960839675
4.784915782997739,188751.59507759925,28312.739261639887,5917.082044002458
3.999382088382999,162314.22919688074,24347.13437953211,6087.724013730323
3.240855609886433,109158.26074969185,16373.739112453777,5052.28898890301
2.0126246069882616,93444.29413875699,14016.644120813547,6964.360900758527
4.302514176408617,109912.17051933825,16486.825577900738,3831.904998314864
3.8673306517058905,88275.55301534873,13241.33295230231,3423.8947079587106
1.4679509160733104,32194.906652953443,4829.235997943017,3289.780295148398
1.1452452374443818,46348.214006873895,6952.232101031084,6070.518238124274
5.6752804281071345,168124.2914444215,25218.643716663228,4443.594292145728
4.315678168435695,249392.98407363912,37408.94761104586,8668.150439170837
2.7640116673511335,99113.6403447174,14867.046051707608,5378.792798640866
4.613303866183486,67478.74678544026,10121.812017816039,2194.048411163875
2.8033621898079835,64899.95130116492,9734.992695174737,3472.613253673631
2.344583565425074,93149.1524833697,13972.372872505455,5959.426261683387
4.274222049320389,98405.80310906532,14760.870466359798,3453.4636469592897
3.48087117445112,90614.00523504202,13592.100785256302,3904.7985702600927
3.188582775525124,72573.90386145942,10886.085579218912,3414.0827902534525
4.490303126933335,159519.54952545319,23927.932428817978,5328.801141574517
1.4686482649336308,53652.213002748336,8047.83195041225,5479.754507983528
2.373853873267553,120631.58387103006,18094.73758065451,7622.515347057793
3.0325855145402376,62597.33864419054,9389.60079662858,3096.2361165443053
3.828705665764169,131140.511215136,19671.0766822704,5137.787649274487
3.239723616438289,125382.75258204667,18807.412887307,5805.252272718138
3.5851069052345776,65032.94026158989,9754.941039238483,2720.9623860854454
5.019621827849106,120057.96439487317,18008.694659230976,3587.65964386358
5.1597401368613935,221801.8654003648,33270.279810054715,6448.0533762486375
4.029286098764116,155367.47142096888,23305.12071314533,5783.932970233512
4.883612897160001,186209.470059951,27931.42050899265,5719.417385689147
2.894445055459998,81210.74252891737,12181.611379337604,4208.617246459235
4.478086203734192,123012.09128132166,18451.813692198248,4120.468622692351
5.722029499301413,193522.74275551527,29028.41141332729,5073.097126967152
1.6420292599851394,68326.4911279022,10248.97366918533,6241.65105881127
2.7972246530526492,65041.155728980506,9756.173359347076,3487.8047241218296
1.9633051726937456,86217.22811625639,12932.584217438458,6587.149261005793
3.6916160210354967,136988.93109155158,20548.339663732735,5566.218032060911
0.3163675410215789,14593.603841286525,2189.0405761929787,6919.295731554421
3.1918749436678846,42715.666846228465,6407.350026934269,2007.393817118468
2.771798496187357,92594.79637126235,13889.219455689352,5010.905184772322
2.8558802608710803,59700.51034121524,8955.076551182285,3135.6624694240054
3.5068815218392437,126827.01192716334,19024.0517890745,5424.777447028496
3.1582066850171886,115056.05820132376,17258.408730198564,5464.622949496617
3.0694555868845224,73242.17059977593,10986.325589966389,3579.2424027602365
3.9166692654156803,102150.65463202987,15322.59819480448,3912.15013483613
2.654394843705957,103165.43546654828,15474.81531998224,5829.884486355067
4.665924546918813,112903.54666807671,16935.532000211508,3629.619774154952
2.4206170955807513,81431.71692378484,12214.757538567726,5046.133715599979
2.6932086930678096,96965.25922245265,14544.788883367897,5400.542824923107
3.350966679455163,63266.20954576969,9489.931431865454,2831.99814848903
3.0416594035145192,94596.07607406982,14189.411411110472,4665.023110317729
3.396759068314797,114294.08252861489,17144.112379292234,5047.197058871116
2.748786578419074,113775.05757533252,17066.258636299877,6208.651763031852
1.064356016562903,31685.582011572278,4752.837301735842,4465.458199864417
3.229174330446752,121237.54036239376,18185.631054359063,5631.665928622411
3.9097929431326817,183644.31915657743,27546.647873486614,7045.551586528555
5.460628300223983,179416.73590051284,26912.510385076926,4928.464071428014
5.234714919096866,143925.20536840026,21588.780805260038,4124.15597390062
1.6966068552703772,43488.1843692559,6523.227655388385,3844.866967927476
4.530842573035304,150119.87136299245,22517.980704448866,4969.9322678880035
5.771322654639614,97847.72429183163,14677.158643774745,2543.1187133465246
4.331986756667884,106154.48695666215,15923.173043499322,3675.7206191801133
1.6102679890483576,51450.24176280348,7717.536264420522,4792.703026395911
5.105207815300843,100870.53879834007,15130.58081975101,2963.7541442295596
6.78496376575131,159985.75777083306,23997.86366562496,3536.918470627623
6.111084277907972,163980.55691871574,24597.08353780736,4024.994979487955
4.662048050413097,186263.71403291158,27939.557104936735,5992.979223468333
3.8991168682450486,138307.06511773172,20746.059767659757,5320.707346994023
3.6610569618450026,197273.17987295298,29590.976980942945,8082.632225976202
3.756365062579827,99311.10847903922,14896.666271855882,3965.7131358859538
4.754251565797761,140927.21749214095,21139.08262382114,4446.353402057305
4.091674550255715,120041.45159335647,18006.21773900347,4400.696467385987
2.0898643965027763,56869.64612012978,8530.446918019466,4081.818386061076
4.038755400510693,133942.99261546627,20091.44889231994,4974.663454434357
3.4384447677949646,118608.12330333696,17791.218495500543,5174.205112187929
2.349903512296628,99299.01514714742,14894.852272072112,6338.495259115956
4.246227683272764,153928.53029428082,23089.279544142122,5437.598090912107
5.7729694794045585,164279.77139586367,24641.96570937955,4268.507879227727
2.33148359784507,92604.46504141855,13890.669756212781,5957.867243437427
4.970498529594519,143736.5230047534,21560.47845071301,4337.689332838784
1.419227281146956,40912.50637787423,6136.875956681135,4324.09666739325
2.184320912053825,106399.16027939605,15959.874041909407,7306.5610249104875
2.883758857495357,75267.18177794517,11290.077266691775,3915.055947672959
3.1935818618288385,149707.58092511116,22456.137138766673,7031.6460044981995
2.0034944346343857,61590.27767462901,9238.541651194351,4611.214032586158
3.3094635327353874,97309.53047725132,14596.429571587698,4410.512286117635
2.0560054831078154,69003.45690933567,10350.51853640035,5034.285473185957
3.1665742713350125,94139.93809368579,14120.990714052868,4459.390339232285
3.923182778660135,87541.9362951039,13131.290444265584,3347.1013677191577
3.9425303839445838,134777.65263667077,20216.647895500613,5127.835660526587
5.278322517990771,143635.33557373146,21545.300336059718,4081.8461286941365
2.9769053265165106,124866.67066056373,18730.00059908456,6291.768983127814
3.323688018929068,96905.90852556848,14535.88627883527,4373.420789210808
2.9528858567037783,100914.33627609086,15137.150441413629,5126.22267706304
3.3184689339330617,105149.39085143947,15772.40862771592,4752.917366932347
1.6889666937838337,54835.49787502987,8225.32468125448,4870.0336788922
1.9555101666421741,83401.15210205053,12510.17281530758,6397.395947467214
1.8761492937501556,72486.80747600277,10873.021121400414,5795.392273749597
3.9674213697256864,81092.90334934404,12163.935502401606,3065.955029435817
2.5122567002800684,110184.19349633985,16527.629024450976,6578.797868310377
4.149777525451599,117821.93516186367,17673.29027427955,4258.852472424111
7.9492120939043,300466.84620569355,45070.02693085403,5669.747693034271
3.0203520130068764,101811.05333594925,15271.658000392388,5056.251037834781
3.3238777150957217,95638.24645984558,14345.736968976837,4315.964123416527
4.242917988811332,124380.90360794854,18657.13554119228,4397.241613057702
3.1081182679647776,114535.53796290957,17180.330694436434,5527.5665895706925
2.4011915629581924,91145.4216801102,13671.813252016529,5693.761990056839
4.249885710339654,88145.8406490469,13221.876097357035,3111.1133330454513
1.7459053922748355,52843.4529607064,7926.51794410596,4540.061551547227
2.926149654477245,146612.9570431535,21991.943556473023,7515.659194950462
2.7242460995387794,94128.55135811231,14119.282703716846,5182.822031426335
4.298898024313874,73283.3517075385,10992.502756130774,2557.051294066282
5.359355732114246,187748.59883011525,28162.289824517287,5254.7901710953165
4.013907480106174,159172.06007354648,23875.80901103197,5948.270887997752
3.308868146567356,69073.60138649869,10361.040207974804,3131.294372888029
5.071204325913488,117894.55040679024,17684.182561018533,3487.1761073900407
2.810490392391436,108871.7945766781,16330.769186501715,5810.647576206771
5.633310875211623,127574.95000386529,19136.242500579792,3396.9796669282723
2.5466883948962478,70717.10400715291,10607.565601072936,4165.238912750882
2.8144818444311044,47201.62880148486,7080.244320222729,2515.64753712379
1.7750514891504243,63186.22218381599,9477.933327572398,5339.525859111123
4.158409632490378,106160.2675718396,15924.04013577594,3829.3582266063077
3.2614939991715914,144689.77670085087,21703.466505127628,6654.455446074785
2.9051159673570246,66869.2696698703,10030.390450480543,3452.6643904015473
2.405348862953737,74628.16599881863,11194.224899822793,4653.888287155332
3.950924231331227,126363.8775937816,18954.581639067237,4797.505730116385
2.576085142877089,109183.91548659367,16377.58732298905,6357.548921965295
3.7104645355900083,149682.66853570906,22452.40028035636,6051.102244745255
4.374338130141018,88977.05070713111,13346.557606069668,3051.103323290513
2.9771911225953334,52192.13995608698,7828.820993413047,2629.599737146992
4.539735695356458,143099.7860180006,21464.96790270009,4728.241761884041
3.7895228661965983,87021.44165019062,13053.216247528593,3444.5540265678924
1.4249390045623591,44758.30759031419,6713.746138547128,4711.602473545257
5.155399549469535,155373.41523681284,23306.012285521927,4520.699523263915
4.025787185787633,85696.18574707402,12854.427862061102,3193.0222013328244
3.5688345041665066,123029.35479839497,18454.403219759246,5170.988791498818
2.4454428005555933,52659.9409829252,7898.99114743878,3230.0862427222446
2.2534076528111098,82551.80523561446,12382.770785342169,5495.131238191524
5.32414151868005,236348.5043977404,35452.27565966106,6658.77785841619
4.972460800956254,151431.01246139812,22714.651869209716,4568.090685569901
2.535414559299897,53140.51512566539,7971.077268849808,3143.895044544849
3.4617329221166555,97964.1815802829,14694.627237042434,4244.876068618689
3.950243541798454,118325.48315225042,17748.822472837564,4493.095750941204
3.8339797590991975,115153.06173846072,17272.95926076911,4505.229642847001
4.672039336351702,144210.63608575173,21631.59541286276,4630.011405202427
2.1993770217743958,54046.68954082733,8107.003431124099,3686.045344141859
3.350193217993394,143047.39111999207,21457.10866799881,6404.737658937354
1.3924770796843897,26935.7790922569,4040.3668638385348,2901.5679487911566
4.72784942160975,117348.61590631762,17602.292385947643,3723.1076576788205
5.422780670682966,107579.15788753646,16136.873683130469,2975.7562887193308
3.3597387098204328,119831.83590580657,17974.775385870984,5350.051577919188
3.9407318514262712,87775.81256573822,13166.371884860733,3341.098146552504
2.9351029097209587,45248.89629933374,6787.334444900061,2312.4689844504755
3.5010427925816687,85923.19247367803,12888.478871051704,3681.3257176864554
4.099864465526138,97138.55567989877,14570.783351984815,3553.9670822057133
2.3226200197003024,84323.83862153761,12648.57579323064,5445.822255016445
4.709180331321344,238117.42769469062,35717.61415420359,7584.677510997254
4.284432919156928,92741.40503290949,13911.210754936423,3246.919958236576
3.869692168872218,145708.52397093928,21856.27859564089,5648.066471915434
5.274914554006213,117165.59862458186,17574.83979368728,3331.7771527388004
3.8243467791560857,181633.52641589043,27245.028962383563,7124.100019087624
4.508208131141957,138660.8394297492,20799.12591446238,4613.6126171250735
0.7363086952442169,23630.621516750976,3544.5932275126465,4814.004303367605
3.056259780899052,121050.19167692211,18157.528751538317,5941.094688684142
1.7018544246668525,68560.65974061521,10284.098961092282,6042.878175732012
3.610578670017633,90155.49453126475,13523.324179689711,3745.472794150104
1.2425732022395983,45420.11992348522,6813.017988522783,5482.991244494155
1.8207346512858398,87240.212097538,13086.031814630698,7187.226214093897
4.0299990105078445,146788.35775078108,22018.25366261716,5463.587858261659
2.660397939278672,50039.89376906251,7505.9840653593765,2821.376439418877
4.03570496319276,174686.796916638,26203.0195374957,6492.798600610723
4.3693973560190535,225602.71456460247,33840.40718469037,7744.868325622431
5.939762306958252,111793.0574377672,16768.95861566508,2823.1699770242917
2.172162659835973,60270.581936170085,9040.587290425512,4162.021315249105
3.0967899773264262,147482.8871122431,22122.433066836464,7143.665934341334
2.016162022362994,61584.7986388404,9237.71979582606,4581.8340457575
2.724860084283961,79835.3747628884,11975.30621443326,4394.833438789255
2.656296675243307,104380.02114403436,15657.003171605153,5894.297620265263
